NIM00378,Lomba,Paduan Suara,Tidak Ada,Pasif
NIM01063,Organisasi,Paduan Suara,Tidak Ada,Pasif
NIM00348,Organisasi,Debat,Juara 2,Pasif
NIM01602,Organisasi,Paduan Suara,Juara 2,Aktif
NIM01549,Lomba,Paduan Suara,Tidak Ada,Pasif
NIM01730,Lomba,Business Plan,Tidak Ada,Pasif
NIM00828,Organisasi,Debat,Tidak Ada,Pasif
NIM00506,Organisasi,Debat,Juara 2,Pasif
NIM00382,UKM,Paduan Suara,Tidak Ada,Aktif
NIM00425,Lomba,Business Plan,Tidak Ada,Pasif
NIM01824,UKM,Business Plan,Juara 2,Aktif
NIM01460,Organisasi,Business Plan,Tidak Ada,Pasif
NIM01669,Lomba,Business Plan,Tidak Ada,Pasif
NIM01731,Lomba,Basket,Tidak Ada,Pasif
NIM00322,UKM,Paduan Suara,Juara 2,Pasif
NIM01614,UKM,Paduan Suara,Juara 2,Aktif
NIM00250,UKM,Paduan Suara,Tidak Ada,Aktif
NIM01768,UKM,Debat,Tidak Ada,Aktif
NIM00180,Lomba,Debat,Tidak Ada,Pasif
NIM01918,Organisasi,Business Plan,Tidak Ada,Pasif
NIM01004,Organisasi,Debat,Tidak Ada,Aktif
NIM01713,Organisasi,Hackathon,Juara 2,Aktif
NIM00029,UKM,Paduan Suara,Juara 2,Aktif
NIM01520,Organisasi,Paduan Suara,Tidak Ada,Pasif
NIM01702,UKM,Basket,Tidak Ada,Pasif
NIM01350,UKM,Basket,Tidak Ada,Aktif
NIM00738,Organisasi,Hackathon,Tidak Ada,Aktif
NIM01672,Organisasi,Basket,Tidak Ada,Aktif
NIM00187,Organisasi,Business Plan,Tidak Ada,Pasif
NIM00055,Lomba,Business Plan,Tidak Ada,Pasif
NIM00878,UKM,Paduan Suara,Tidak Ada,Pasif
NIM00514,Lomba,Business Plan,Tidak Ada,Pasif
NIM01434,Organisasi,Basket,Juara 2,Pasif
NIM01855,Lomba,Hackathon,Tidak Ada,Aktif
NIM00017,Lomba,Business Plan,Tidak Ada,Aktif
NIM01595,Organisasi,Paduan Suara,Tidak Ada,Pasif
NIM00088,Organisasi,Paduan Suara,Tidak Ada,Aktif
NIM01247,UKM,Basket,Tidak Ada,Pasif
NIM01808,UKM,Business Plan,Tidak Ada,Aktif
NIM01082,Lomba,Basket,Tidak Ada,Aktif
NIM00704,Organisasi,Paduan Suara,Tidak Ada,Aktif
NIM01586,UKM,Hackathon,Juara 1,Pasif
NIM00725,UKM,Business Plan,Juara 2,Aktif
NIM01254,Lomba,Hackathon,Tidak Ada,Pasif
NIM01178,Lomba,Business Plan,Tidak Ada,Aktif
NIM01297,Lomba,Paduan Suara,Tidak Ada,Aktif
NIM01906,Organisasi,Business Plan,Tidak Ada,Aktif
NIM01070,UKM,Paduan Suara,Tidak Ada,Aktif
NIM01898,UKM,Debat,Tidak Ada,Aktif
NIM00895,UKM,Paduan Suara,Tidak Ada,Aktif
NIM00452,Lomba,Paduan Suara,Juara 2,Pasif
NIM01330,Organisasi,Business Plan,Juara 2,Pasif
NIM00427,Lomba,Hackathon,Tidak Ada,Pasif
NIM00118,Lomba,Paduan Suara,Juara 2,Pasif
NIM00688,Organisasi,Business Plan,Juara 2,Pasif
NIM01022,Organisasi,Paduan Suara,Tidak Ada,Pasif
NIM00580,Lomba,Basket,Juara 1,Aktif
NIM00251,Organisasi,Basket,Tidak Ada,Aktif
NIM00403,Lomba,Basket,Juara 2,Aktif
NIM01766,UKM,Basket,Tidak Ada,Pasif
NIM00921,Organisasi,Hackathon,Tidak Ada,Pasif
NIM00200,UKM,Paduan Suara,Tidak Ada,Aktif
NIM01170,Organisasi,Basket,Tidak Ada,Aktif
NIM01075,Lomba,Business Plan,Tidak Ada,Aktif
NIM00914,Lomba,Basket,Tidak Ada,Aktif
NIM01392,Lomba,Debat,Juara 1,Pasif
NIM01722,Lomba,Debat,Tidak Ada,Aktif
NIM00320,Lomba,Hackathon,Tidak Ada,Pasif
NIM00199,Lomba,Debat,Tidak Ada,Pasif
NIM01465,Organisasi,Business Plan,Tidak Ada,Aktif
NIM00145,Organisasi,Basket,Juara 1,Pasif
NIM01083,UKM,Debat,Juara 1,Pasif
NIM01731,Organisasi,Debat,Juara 1,Aktif
NIM00143,Organisasi,Hackathon,Tidak Ada,Pasif
NIM01247,UKM,Debat,Tidak Ada,Pasif
NIM01124,UKM,Basket,Tidak Ada,Aktif
NIM01050,Lomba,Paduan Suara,Juara 2,Aktif
NIM01456,UKM,Basket,Juara 2,Aktif
NIM00526,UKM,Debat,Tidak Ada,Aktif
NIM00122,Organisasi,Debat,Tidak Ada,Aktif
NIM01489,Lomba,Debat,Tidak Ada,Pasif
NIM00265,UKM,Hackathon,Tidak Ada,Aktif
NIM01031,Lomba,Business Plan,Tidak Ada,Aktif
NIM00731,Lomba,Basket,Tidak Ada,Pasif
NIM01244,UKM,Debat,Tidak Ada,Pasif
NIM01719,UKM,Paduan Suara,Tidak Ada,Pasif
NIM00396,UKM,Hackathon,Tidak Ada,Aktif
NIM00913,UKM,Business Plan,Tidak Ada,Aktif
NIM01481,Lomba,Debat,Juara 2,Aktif
NIM00108,Organisasi,Basket,Tidak Ada,Pasif
NIM01516,Lomba,Paduan Suara,Tidak Ada,Aktif
NIM01928,Lomba,Hackathon,Tidak Ada,Pasif
NIM00859,Lomba,Basket,Tidak Ada,Pasif
NIM00636,UKM,Basket,Juara 1,Pasif
NIM01706,UKM,Hackathon,Tidak Ada,Pasif
NIM01484,Organisasi,Basket,Tidak Ada,Pasif
NIM00933,Organisasi,Paduan Suara,Tidak Ada,Pasif
NIM01940,Organisasi,Paduan Suara,Tidak Ada,Aktif
NIM00769,Lomba,Basket,Tidak Ada,Pasif
NIM01033,Organisasi,Debat,Juara 2,Aktif
NIM01391,Lomba,Basket,Juara 2,Pasif
NIM01816,UKM,Debat,Tidak Ada,Pasif
NIM01149,Lomba,Basket,Tidak Ada,Pasif
NIM01186,UKM,Business Plan,Juara 1,Pasif
NIM00036,UKM,Paduan Suara,Tidak Ada,Pasif
NIM01028,Organisasi,Basket,Tidak Ada,Pasif
NIM00413,UKM,Paduan Suara,Juara 2,Pasif
NIM01111,Organisasi,Hackathon,Juara 2,Aktif
NIM00483,Organisasi,Business Plan,Tidak Ada,Pasif
NIM00912,Organisasi,Debat,Juara 2,Aktif
NIM01800,Lomba,Hackathon,Juara 2,Pasif
NIM00603,Organisasi,Business Plan,Juara 2,Pasif
NIM01831,Organisasi,Hackathon,Juara 2,Aktif
NIM01082,UKM,Paduan Suara,Tidak Ada,Aktif
NIM01164,Lomba,Business Plan,Tidak Ada,Pasif
NIM00172,Organisasi,Hackathon,Tidak Ada,Aktif
NIM00260,Organisasi,Debat,Tidak Ada,Pasif
NIM01519,Organisasi,Business Plan,Tidak Ada,Aktif
NIM00025,UKM,Business Plan,Tidak Ada,Aktif
NIM00198,UKM,Hackathon,Tidak Ada,Aktif
NIM00579,UKM,Basket,Tidak Ada,Aktif
NIM00423,Organisasi,Debat,Tidak Ada,Aktif
NIM01142,Organisasi,Debat,Tidak Ada,Pasif
NIM00792,Organisasi,Hackathon,Tidak Ada,Aktif
NIM00006,Organisasi,Paduan Suara,Juara 2,Aktif
NIM01121,Organisasi,Paduan Suara,Tidak Ada,Aktif
NIM00072,UKM,Basket,Juara 2,Pasif
NIM00929,Organisasi,Basket,Juara 2,Pasif
NIM00432,Lomba,Hackathon,Tidak Ada,Aktif
NIM00963,Organisasi,Paduan Suara,Tidak Ada,Pasif
NIM00380,UKM,Debat,Tidak Ada,Pasif
NIM01794,Organisasi,Paduan Suara,Tidak Ada,Pasif
NIM00550,Lomba,Hackathon,Tidak Ada,Aktif
NIM00808,Organisasi,Paduan Suara,Tidak Ada,Aktif
NIM00056,Lomba,Business Plan,Tidak Ada,Pasif
NIM00615,Lomba,Hackathon,Tidak Ada,Pasif
NIM01127,UKM,Business Plan,Tidak Ada,Aktif
NIM00216,Lomba,Hackathon,Tidak Ada,Aktif
NIM00021,Organisasi,Debat,Tidak Ada,Pasif
NIM01651,Lomba,Hackathon,Tidak Ada,Aktif
NIM00210,Organisasi,Hackathon,Tidak Ada,Pasif
NIM00291,Organisasi,Hackathon,Tidak Ada,Aktif
NIM00715,Organisasi,Hackathon,Tidak Ada,Aktif
NIM01995,Organisasi,Basket,Tidak Ada,Aktif
NIM00835,UKM,Business Plan,Tidak Ada,Aktif
NIM00188,Organisasi,Hackathon,Tidak Ada,Pasif
NIM01175,UKM,Hackathon,Tidak Ada,Aktif
NIM01985,Lomba,Basket,Juara 2,Aktif
NIM00191,Organisasi,Paduan Suara,Tidak Ada,Aktif
NIM00407,Lomba,Basket,Tidak Ada,Aktif
NIM00214,UKM,Basket,Tidak Ada,Aktif
NIM01915,Organisasi,Basket,Juara 2,Pasif
NIM00554,Organisasi,Hackathon,Juara 1,Pasif
NIM01502,UKM,Basket,Tidak Ada,Aktif
NIM00960,Lomba,Basket,Tidak Ada,Pasif
NIM01218,UKM,Basket,Tidak Ada,Aktif
NIM01274,Lomba,Hackathon,Tidak Ada,Pasif
NIM00593,Lomba,Debat,Tidak Ada,Aktif
NIM00041,Lomba,Debat,Juara 2,Aktif
NIM00370,Organisasi,Paduan Suara,Tidak Ada,Pasif
NIM00020,UKM,Hackathon,Juara 1,Aktif
NIM01033,Organisasi,Basket,Tidak Ada,Aktif
NIM00825,UKM,Basket,Tidak Ada,Aktif
NIM01660,Lomba,Basket,Tidak Ada,Aktif
NIM01227,Organisasi,Debat,Tidak Ada,Aktif
NIM01937,Organisasi,Basket,Tidak Ada,Pasif
NIM01614,Organisasi,Basket,Tidak Ada,Pasif
NIM01746,Lomba,Debat,Juara 2,Pasif
NIM00018,UKM,Basket,Tidak Ada,Pasif
NIM00748,Lomba,Paduan Suara,Juara 2,Aktif
NIM00319,Organisasi,Business Plan,Tidak Ada,Aktif
NIM01736,Organisasi,Paduan Suara,Juara 1,Pasif
NIM00861,Lomba,Hackathon,Juara 2,Aktif
NIM00968,Organisasi,Paduan Suara,Tidak Ada,Pasif
NIM01306,Organisasi,Paduan Suara,Juara 2,Aktif
NIM01500,UKM,Debat,Juara 2,Aktif
NIM01992,UKM,Hackathon,Tidak Ada,Pasif
NIM00252,UKM,Paduan Suara,Tidak Ada,Pasif
NIM00340,UKM,Business Plan,Juara 2,Pasif
NIM00751,UKM,Paduan Suara,Tidak Ada,Pasif
NIM00968,UKM,Basket,Tidak Ada,Pasif
NIM00462,Organisasi,Debat,Tidak Ada,Pasif
NIM01805,Organisasi,Basket,Tidak Ada,Pasif
NIM00631,UKM,Hackathon,Juara 1,Aktif
NIM00401,Lomba,Hackathon,Tidak Ada,Pasif
NIM00371,UKM,Debat,Juara 2,Pasif
NIM00282,Organisasi,Paduan Suara,Juara 2,Pasif
NIM00390,Lomba,Hackathon,Tidak Ada,Aktif
NIM00337,Lomba,Business Plan,Tidak Ada,Aktif
NIM01924,Lomba,Debat,Tidak Ada,Aktif
NIM01369,Organisasi,Basket,Tidak Ada,Pasif
NIM01543,Lomba,Business Plan,Tidak Ada,Aktif
NIM00273,Organisasi,Debat,Juara 2,Pasif
NIM01277,Organisasi,Business Plan,Juara 1,Pasif
NIM01020,UKM,Debat,Tidak Ada,Aktif
NIM01878,Organisasi,Basket,Juara 1,Pasif
NIM00640,Lomba,Paduan Suara,Tidak Ada,Aktif
NIM01398,Organisasi,Debat,Tidak Ada,Aktif
NIM01628,Organisasi,Hackathon,Tidak Ada,Aktif
NIM00818,UKM,Basket,Tidak Ada,Aktif
NIM01920,UKM,Basket,Tidak Ada,Pasif
NIM00006,Organisasi,Business Plan,Tidak Ada,Aktif
NIM01438,Organisasi,Hackathon,Juara 1,Aktif
NIM00586,Organisasi,Business Plan,Juara 1,Pasif
NIM01522,UKM,Basket,Tidak Ada,Pasif
NIM01080,UKM,Debat,Juara 2,Aktif
NIM01831,Lomba,Hackathon,Tidak Ada,Aktif
NIM01422,Lomba,Basket,Juara 2,Aktif
NIM00822,Lomba,Hackathon,Juara 1,Aktif
NIM00238,Lomba,Debat,Juara 2,Pasif
NIM00490,UKM,Paduan Suara,Tidak Ada,Aktif
NIM01046,UKM,Business Plan,Juara 1,Pasif
NIM00441,Organisasi,Business Plan,Juara 2,Pasif
NIM01065,Lomba,Basket,Tidak Ada,Pasif
NIM00858,Organisasi,Basket,Tidak Ada,Aktif
NIM01802,Organisasi,Debat,Tidak Ada,Aktif
NIM00258,UKM,Basket,Tidak Ada,Pasif
NIM01475,Organisasi,Basket,Juara 2,Aktif
NIM00048,Organisasi,Basket,Juara 2,Pasif
NIM01834,UKM,Hackathon,Tidak Ada,Pasif
NIM00503,UKM,Hackathon,Tidak Ada,Aktif
NIM00139,UKM,Paduan Suara,Tidak Ada,Aktif
NIM01226,UKM,Hackathon,Juara 1,Pasif
NIM01676,Lomba,Business Plan,Tidak Ada,Pasif
NIM00509,Lomba,Paduan Suara,Tidak Ada,Pasif
NIM00654,Lomba,Basket,Tidak Ada,Aktif
NIM01310,Organisasi,Business Plan,Juara 1,Aktif
NIM01257,Lomba,Paduan Suara,Tidak Ada,Aktif
NIM01340,UKM,Paduan Suara,Juara 2,Pasif
NIM00461,Lomba,Business Plan,Juara 1,Aktif
NIM00670,UKM,Paduan Suara,Tidak Ada,Pasif
NIM01574,Lomba,Business Plan,Juara 2,Pasif
NIM01611,Lomba,Paduan Suara,Tidak Ada,Aktif
NIM01345,UKM,Paduan Suara,Tidak Ada,Pasif
NIM01199,UKM,Paduan Suara,Tidak Ada,Pasif
NIM01063,Organisasi,Business Plan,Tidak Ada,Pasif
NIM00433,Organisasi,Paduan Suara,Juara 1,Aktif
NIM00485,Organisasi,Hackathon,Juara 2,Pasif
NIM01609,Lomba,Hackathon,Tidak Ada,Pasif
NIM01082,Lomba,Hackathon,Tidak Ada,Aktif
NIM00496,UKM,Hackathon,Tidak Ada,Pasif
NIM00875,UKM,Hackathon,Tidak Ada,Aktif
NIM00601,Organisasi,Basket,Tidak Ada,Aktif
NIM01809,UKM,Paduan Suara,Juara 2,Pasif
NIM01158,Lomba,Debat,Tidak Ada,Pasif
NIM00655,UKM,Basket,Tidak Ada,Aktif
NIM01533,UKM,Business Plan,Tidak Ada,Pasif
NIM01987,UKM,Basket,Tidak Ada,Pasif
NIM00607,UKM,Debat,Juara 2,Pasif
NIM00156,UKM,Basket,Tidak Ada,Pasif
NIM00201,Organisasi,Paduan Suara,Tidak Ada,Aktif
NIM01022,Organisasi,Hackathon,Juara 1,Aktif
NIM01964,Lomba,Paduan Suara,Tidak Ada,Pasif
NIM00499,Organisasi,Basket,Juara 2,Aktif
NIM01426,UKM,Debat,Tidak Ada,Aktif
NIM01520,Organisasi,Business Plan,Tidak Ada,Aktif
NIM00488,Lomba,Paduan Suara,Tidak Ada,Pasif
NIM00160,Organisasi,Debat,Tidak Ada,Aktif
NIM01235,Lomba,Business Plan,Juara 1,Aktif
NIM01477,Lomba,Hackathon,Juara 2,Aktif
NIM01708,Lomba,Paduan Suara,Tidak Ada,Aktif
NIM01094,UKM,Paduan Suara,Tidak Ada,Aktif
NIM00831,Lomba,Hackathon,Tidak Ada,Pasif
NIM00972,Organisasi,Hackathon,Tidak Ada,Pasif
NIM01338,Organisasi,Basket,Tidak Ada,Aktif
NIM00431,Organisasi,Business Plan,Tidak Ada,Pasif
NIM01406,Lomba,Debat,Tidak Ada,Aktif
NIM01681,Lomba,Hackathon,Tidak Ada,Pasif
NIM01191,UKM,Basket,Tidak Ada,Pasif
NIM01979,Lomba,Business Plan,Tidak Ada,Pasif
NIM01415,Organisasi,Business Plan,Tidak Ada,Pasif
NIM01343,UKM,Paduan Suara,Tidak Ada,Pasif
NIM00117,Organisasi,Basket,Tidak Ada,Pasif
NIM00697,UKM,Basket,Tidak Ada,Pasif
NIM01536,Lomba,Paduan Suara,Juara 1,Aktif
NIM00203,UKM,Debat,Tidak Ada,Aktif
NIM01186,Lomba,Hackathon,Tidak Ada,Aktif
NIM01845,Lomba,Paduan Suara,Tidak Ada,Aktif
NIM00962,Organisasi,Hackathon,Tidak Ada,Aktif
NIM00462,Lomba,Basket,Tidak Ada,Pasif
NIM01874,Lomba,Paduan Suara,Tidak Ada,Pasif
NIM00944,Lomba,Debat,Tidak Ada,Pasif
NIM00700,Organisasi,Hackathon,Juara 2,Aktif
NIM01579,Lomba,Hackathon,Tidak Ada,Pasif
NIM00201,Organisasi,Hackathon,Juara 2,Pasif
NIM01255,UKM,Basket,Juara 1,Aktif
NIM00516,Organisasi,Hackathon,Juara 1,Aktif
NIM01776,Organisasi,Business Plan,Tidak Ada,Pasif
NIM01230,Lomba,Hackathon,Juara 1,Pasif
NIM01355,Organisasi,Basket,Tidak Ada,Pasif
NIM00606,UKM,Paduan Suara,Tidak Ada,Pasif
NIM00744,Organisasi,Hackathon,Tidak Ada,Aktif
NIM00875,Lomba,Hackathon,Juara 1,Aktif
NIM00347,UKM,Paduan Suara,Juara 2,Aktif
NIM00349,Lomba,Business Plan,Tidak Ada,Pasif
NIM01972,Lomba,Basket,Tidak Ada,Pasif
NIM01184,Organisasi,Paduan Suara,Juara 2,Aktif
NIM01649,Lomba,Basket,Tidak Ada,Pasif
NIM01276,UKM,Paduan Suara,Juara 2,Pasif
NIM01246,UKM,Debat,Tidak Ada,Aktif
NIM00858,UKM,Business Plan,Juara 2,Aktif
NIM01630,UKM,Debat,Tidak Ada,Pasif
NIM01971,Organisasi,Paduan Suara,Tidak Ada,Aktif
NIM00394,UKM,Paduan Suara,Tidak Ada,Pasif
NIM01420,Organisasi,Basket,Tidak Ada,Pasif
NIM00994,Lomba,Paduan Suara,Juara 1,Pasif
NIM00978,Lomba,Basket,Tidak Ada,Pasif
NIM00167,Organisasi,Basket,Tidak Ada,Pasif
NIM00976,Lomba,Paduan Suara,Juara 2,Pasif
NIM00452,Lomba,Basket,Juara 2,Aktif
NIM01162,UKM,Business Plan,Tidak Ada,Aktif
NIM00860,Lomba,Debat,Juara 1,Pasif
NIM01897,Lomba,Paduan Suara,Tidak Ada,Pasif
NIM00210,Organisasi,Basket,Tidak Ada,Pasif
NIM00768,UKM,Basket,Tidak Ada,Aktif
NIM01609,Lomba,Basket,Juara 1,Pasif
NIM00214,Lomba,Basket,Tidak Ada,Aktif
NIM01802,Organisasi,Business Plan,Juara 1,Aktif
NIM01384,Lomba,Paduan Suara,Juara 2,Pasif
NIM01687,UKM,Paduan Suara,Tidak Ada,Aktif
NIM01259,UKM,Business Plan,Tidak Ada,Aktif
NIM00973,UKM,Business Plan,Juara 2,Aktif
NIM01752,Organisasi,Business Plan,Juara 2,Pasif
NIM01421,UKM,Paduan Suara,Tidak Ada,Aktif
NIM00304,UKM,Hackathon,Tidak Ada,Pasif
NIM01133,UKM,Debat,Tidak Ada,Aktif
NIM00857,UKM,Business Plan,Tidak Ada,Aktif
NIM01836,UKM,Business Plan,Tidak Ada,Aktif
NIM00861,UKM,Paduan Suara,Tidak Ada,Aktif
NIM02000,Organisasi,Paduan Suara,Tidak Ada,Aktif
NIM01856,UKM,Debat,Tidak Ada,Pasif
NIM00808,Lomba,Basket,Juara 1,Pasif
NIM01414,Organisasi,Paduan Suara,Tidak Ada,Aktif
NIM00120,Lomba,Debat,Tidak Ada,Aktif
NIM01864,Lomba,Paduan Suara,Juara 2,Aktif
NIM01634,UKM,Paduan Suara,Tidak Ada,Aktif
NIM01234,Lomba,Paduan Suara,Tidak Ada,Pasif
NIM00427,Lomba,Hackathon,Tidak Ada,Pasif
NIM01568,Lomba,Hackathon,Tidak Ada,Aktif
NIM00945,UKM,Business Plan,Tidak Ada,Pasif
NIM00330,UKM,Hackathon,Tidak Ada,Aktif
NIM01250,UKM,Debat,Juara 2,Aktif
NIM01751,Organisasi,Paduan Suara,Juara 2,Pasif
NIM00635,UKM,Hackathon,Juara 2,Pasif
NIM01171,UKM,Paduan Suara,Tidak Ada,Aktif
NIM01364,Lomba,Basket,Juara 2,Aktif
NIM00564,UKM,Business Plan,Juara 2,Aktif
NIM00180,Lomba,Hackathon,Tidak Ada,Pasif
NIM00290,UKM,Paduan Suara,Tidak Ada,Aktif
NIM00187,UKM,Basket,Tidak Ada,Pasif
NIM00486,UKM,Business Plan,Tidak Ada,Aktif
NIM01361,UKM,Business Plan,Tidak Ada,Pasif
NIM01132,UKM,Basket,Tidak Ada,Pasif
NIM01150,UKM,Hackathon,Tidak Ada,Pasif
NIM00773,UKM,Hackathon,Tidak Ada,Aktif
NIM01730,Lomba,Paduan Suara,Tidak Ada,Aktif
NIM01833,Organisasi,Debat,Juara 2,Aktif
NIM01058,Organisasi,Paduan Suara,Tidak Ada,Pasif
NIM01462,UKM,Paduan Suara,Tidak Ada,Pasif
NIM01300,Organisasi,Paduan Suara,Tidak Ada,Pasif
NIM01518,Lomba,Basket,Tidak Ada,Pasif
NIM00182,Lomba,Business Plan,Tidak Ada,Pasif
NIM01263,Lomba,Business Plan,Tidak Ada,Pasif
NIM01858,Organisasi,Debat,Tidak Ada,Pasif
NIM01372,Organisasi,Hackathon,Tidak Ada,Aktif
NIM00146,Organisasi,Paduan Suara,Juara 2,Pasif
NIM01068,UKM,Basket,Tidak Ada,Pasif
NIM01895,Lomba,Basket,Tidak Ada,Pasif
NIM01840,Lomba,Paduan Suara,Tidak Ada,Pasif
NIM00499,UKM,Basket,Tidak Ada,Pasif
NIM00803,Organisasi,Basket,Juara 2,Aktif
NIM01999,Lomba,Paduan Suara,Tidak Ada,Pasif
NIM01903,Organisasi,Debat,Juara 2,Pasif
NIM01319,UKM,Basket,Tidak Ada,Pasif
NIM01795,Organisasi,Business Plan,Tidak Ada,Aktif
NIM00531,UKM,Business Plan,Tidak Ada,Pasif
NIM01751,Organisasi,Business Plan,Juara 2,Pasif
NIM00211,UKM,Paduan Suara,Tidak Ada,Aktif
NIM00893,Lomba,Business Plan,Tidak Ada,Pasif
NIM01426,UKM,Hackathon,Tidak Ada,Pasif
NIM01255,Organisasi,Basket,Tidak Ada,Aktif
NIM01363,Lomba,Debat,Tidak Ada,Aktif
NIM00005,Organisasi,Business Plan,Tidak Ada,Aktif
NIM00311,Organisasi,Paduan Suara,Tidak Ada,Pasif
NIM01805,UKM,Debat,Tidak Ada,Pasif
NIM00162,UKM,Paduan Suara,Tidak Ada,Pasif
NIM00216,Organisasi,Debat,Tidak Ada,Pasif
NIM00786,UKM,Debat,Juara 1,Pasif
NIM00836,Organisasi,Basket,Tidak Ada,Aktif
NIM01636,UKM,Debat,Juara 2,Pasif
NIM01992,UKM,Hackathon,Juara 2,Aktif
NIM01195,Organisasi,Hackathon,Tidak Ada,Pasif
NIM01985,Lomba,Hackathon,Tidak Ada,Aktif
NIM00252,UKM,Paduan Suara,Juara 2,Aktif
NIM01705,Organisasi,Basket,Tidak Ada,Pasif
NIM01062,Lomba,Paduan Suara,Tidak Ada,Aktif
NIM00228,UKM,Business Plan,Tidak Ada,Pasif
NIM01958,UKM,Hackathon,Tidak Ada,Pasif
NIM00909,Organisasi,Basket,Juara 1,Aktif
NIM01661,UKM,Hackathon,Juara 2,Aktif
NIM01302,Organisasi,Basket,Juara 2,Pasif
NIM00285,Organisasi,Paduan Suara,Juara 2,Pasif
NIM01534,UKM,Paduan Suara,Tidak Ada,Pasif
NIM00649,Lomba,Hackathon,Tidak Ada,Pasif
NIM00366,UKM,Debat,Tidak Ada,Aktif
NIM01644,Lomba,Basket,Tidak Ada,Pasif
NIM01092,UKM,Business Plan,Tidak Ada,Aktif
NIM01128,Lomba,Debat,Tidak Ada,Pasif
NIM01425,UKM,Paduan Suara,Tidak Ada,Pasif
NIM01270,Lomba,Basket,Tidak Ada,Pasif
NIM01701,Lomba,Debat,Juara 2,Aktif
NIM00192,UKM,Business Plan,Juara 2,Aktif
NIM01731,UKM,Debat,Tidak Ada,Aktif
NIM00644,Organisasi,Business Plan,Tidak Ada,Pasif
NIM01320,Lomba,Paduan Suara,Tidak Ada,Pasif
NIM01168,UKM,Basket,Tidak Ada,Aktif
NIM00907,Organisasi,Paduan Suara,Tidak Ada,Pasif
NIM00731,UKM,Basket,Juara 1,Aktif
NIM00026,Lomba,Debat,Tidak Ada,Aktif
NIM01275,UKM,Paduan Suara,Tidak Ada,Pasif
NIM01631,UKM,Basket,Tidak Ada,Aktif
NIM01890,Organisasi,Business Plan,Tidak Ada,Pasif
NIM00712,UKM,Basket,Tidak Ada,Pasif
NIM00615,Organisasi,Paduan Suara,Tidak Ada,Aktif
NIM00193,Lomba,Paduan Suara,Tidak Ada,Pasif
NIM00381,Lomba,Debat,Tidak Ada,Aktif
NIM01026,UKM,Business Plan,Tidak Ada,Aktif
NIM01783,Organisasi,Basket,Juara 2,Aktif
NIM01627,Lomba,Paduan Suara,Tidak Ada,Pasif
NIM01069,UKM,Basket,Juara 2,Aktif
NIM00939,UKM,Hackathon,Tidak Ada,Pasif
NIM00003,UKM,Business Plan,Juara 2,Aktif
NIM00930,UKM,Business Plan,Tidak Ada,Pasif
NIM01872,UKM,Hackathon,Tidak Ada,Aktif
NIM01473,Organisasi,Business Plan,Tidak Ada,Aktif
NIM01600,UKM,Hackathon,Tidak Ada,Pasif
NIM01159,UKM,Basket,Tidak Ada,Aktif
NIM01315,UKM,Hackathon,Juara 2,Aktif
NIM00278,UKM,Debat,Tidak Ada,Pasif
NIM00176,UKM,Hackathon,Tidak Ada,Pasif
NIM01952,UKM,Basket,Tidak Ada,Aktif
NIM00282,UKM,Business Plan,Tidak Ada,Aktif
NIM01144,Lomba,Debat,Juara 2,Pasif
NIM01798,Lomba,Hackathon,Tidak Ada,Aktif
NIM01198,UKM,Basket,Tidak Ada,Pasif
NIM01463,Organisasi,Debat,Juara 2,Pasif
NIM00459,UKM,Debat,Tidak Ada,Aktif
NIM01654,Organisasi,Debat,Tidak Ada,Pasif
NIM00951,Organisasi,Hackathon,Juara 2,Pasif
NIM00341,Organisasi,Basket,Tidak Ada,Aktif
NIM00697,Organisasi,Basket,Tidak Ada,Aktif
NIM01779,Organisasi,Basket,Tidak Ada,Aktif
NIM00726,Lomba,Paduan Suara,Tidak Ada,Aktif
NIM00121,UKM,Business Plan,Tidak Ada,Pasif
NIM00575,Lomba,Basket,Tidak Ada,Pasif
NIM01921,Lomba,Paduan Suara,Tidak Ada,Pasif
NIM01685,UKM,Paduan Suara,Tidak Ada,Aktif
NIM01517,Lomba,Debat,Tidak Ada,Pasif
NIM00276,UKM,Business Plan,Tidak Ada,Aktif
NIM00969,UKM,Debat,Tidak Ada,Pasif
NIM00987,UKM,Business Plan,Juara 2,Aktif
NIM00029,UKM,Debat,Tidak Ada,Aktif
NIM01835,Organisasi,Hackathon,Tidak Ada,Pasif
NIM01761,Organisasi,Business Plan,Tidak Ada,Aktif
NIM00685,Lomba,Paduan Suara,Tidak Ada,Pasif
NIM01268,UKM,Paduan Suara,Tidak Ada,Pasif
NIM00321,UKM,Business Plan,Tidak Ada,Pasif
NIM00643,UKM,Debat,Juara 2,Pasif
NIM00352,UKM,Hackathon,Tidak Ada,Aktif
NIM00532,Organisasi,Hackathon,Tidak Ada,Pasif
NIM01105,Organisasi,Basket,Tidak Ada,Pasif
NIM01317,Organisasi,Business Plan,Tidak Ada,Pasif
NIM00294,Lomba,Hackathon,Juara 1,Aktif
NIM01521,UKM,Debat,Tidak Ada,Pasif
NIM00458,Organisasi,Debat,Tidak Ada,Aktif
NIM00747,Organisasi,Paduan Suara,Tidak Ada,Pasif
NIM01837,UKM,Hackathon,Tidak Ada,Pasif
NIM00733,Organisasi,Hackathon,Tidak Ada,Pasif
NIM01706,UKM,Debat,Juara 2,Pasif
NIM01582,UKM,Paduan Suara,Juara 2,Pasif
NIM01084,Organisasi,Hackathon,Juara 2,Aktif
NIM01632,Lomba,Debat,Tidak Ada,Aktif
NIM01805,UKM,Paduan Suara,Juara 2,Pasif
NIM00543,Lomba,Paduan Suara,Tidak Ada,Pasif
NIM00380,Organisasi,Debat,Tidak Ada,Pasif
NIM00324,UKM,Paduan Suara,Tidak Ada,Aktif
NIM01652,UKM,Paduan Suara,Tidak Ada,Pasif
NIM01086,Organisasi,Basket,Tidak Ada,Aktif
NIM00945,Lomba,Paduan Suara,Tidak Ada,Pasif
NIM01170,Organisasi,Hackathon,Tidak Ada,Pasif
NIM00843,Organisasi,Paduan Suara,Tidak Ada,Pasif
NIM00362,Organisasi,Hackathon,Tidak Ada,Aktif
NIM00053,Lomba,Debat,Tidak Ada,Pasif
NIM00402,UKM,Paduan Suara,Tidak Ada,Aktif
NIM01587,UKM,Debat,Tidak Ada,Pasif
NIM00681,Organisasi,Business Plan,Tidak Ada,Aktif
NIM01893,Organisasi,Paduan Suara,Tidak Ada,Aktif
NIM00993,Lomba,Debat,Tidak Ada,Pasif
NIM00869,Organisasi,Business Plan,Tidak Ada,Aktif
NIM00707,Lomba,Hackathon,Tidak Ada,Pasif
NIM01473,Lomba,Hackathon,Tidak Ada,Pasif
NIM01107,Lomba,Hackathon,Tidak Ada,Pasif
NIM00379,Organisasi,Hackathon,Juara 2,Pasif
NIM00646,UKM,Hackathon,Juara 2,Aktif
NIM01482,Lomba,Basket,Tidak Ada,Pasif
NIM00933,UKM,Debat,Juara 2,Aktif
NIM01804,Lomba,Business Plan,Tidak Ada,Pasif
NIM00081,Organisasi,Business Plan,Juara 2,Aktif
NIM00731,Lomba,Paduan Suara,Juara 2,Pasif
NIM00514,Lomba,Debat,Tidak Ada,Aktif
NIM01333,UKM,Basket,Tidak Ada,Pasif
NIM00921,Organisasi,Basket,Tidak Ada,Pasif
NIM00763,Lomba,Debat,Juara 2,Pasif
NIM00494,Organisasi,Hackathon,Tidak Ada,Aktif
NIM01260,UKM,Hackathon,Tidak Ada,Pasif
NIM01692,Organisasi,Debat,Tidak Ada,Pasif
NIM00941,Organisasi,Business Plan,Juara 2,Aktif
NIM01061,UKM,Hackathon,Tidak Ada,Aktif
NIM00741,Lomba,Paduan Suara,Tidak Ada,Pasif
NIM01681,Lomba,Basket,Tidak Ada,Aktif
NIM00325,Organisasi,Hackathon,Tidak Ada,Aktif
NIM01080,Lomba,Business Plan,Tidak Ada,Pasif
NIM01145,UKM,Hackathon,Tidak Ada,Aktif
NIM00314,Organisasi,Hackathon,Juara 1,Aktif
NIM01235,Organisasi,Basket,Tidak Ada,Aktif
NIM01796,Lomba,Paduan Suara,Juara 1,Pasif
NIM00103,Lomba,Paduan Suara,Tidak Ada,Aktif
NIM00439,Lomba,Business Plan,Tidak Ada,Pasif
NIM00817,Organisasi,Debat,Tidak Ada,Pasif
NIM00747,Lomba,Debat,Tidak Ada,Aktif
NIM00038,Organisasi,Debat,Tidak Ada,Pasif
NIM00813,Lomba,Business Plan,Tidak Ada,Pasif
NIM01644,Organisasi,Hackathon,Tidak Ada,Pasif
NIM01438,Organisasi,Paduan Suara,Juara 2,Pasif
NIM01248,Organisasi,Paduan Suara,Tidak Ada,Aktif
NIM01017,Lomba,Hackathon,Tidak Ada,Pasif
NIM01317,Lomba,Paduan Suara,Juara 2,Pasif
NIM01720,UKM,Paduan Suara,Tidak Ada,Pasif
NIM00155,Organisasi,Debat,Juara 2,Aktif
NIM01056,Lomba,Debat,Juara 2,Aktif
NIM01258,UKM,Basket,Tidak Ada,Pasif
NIM01931,UKM,Basket,Tidak Ada,Pasif
NIM00489,Lomba,Paduan Suara,Tidak Ada,Aktif
NIM01786,Organisasi,Debat,Tidak Ada,Aktif
NIM01594,UKM,Basket,Juara 2,Aktif
NIM01357,UKM,Basket,Tidak Ada,Pasif
NIM01699,Organisasi,Debat,Tidak Ada,Aktif
NIM01041,Lomba,Basket,Tidak Ada,Aktif
NIM01438,Organisasi,Hackathon,Juara 1,Pasif
NIM01790,Organisasi,Hackathon,Juara 2,Pasif
NIM01682,Lomba,Debat,Tidak Ada,Aktif
NIM01765,UKM,Debat,Tidak Ada,Pasif
NIM00240,Organisasi,Basket,Tidak Ada,Pasif
NIM01310,UKM,Paduan Suara,Juara 1,Pasif
NIM00346,UKM,Business Plan,Tidak Ada,Aktif
NIM01399,UKM,Hackathon,Tidak Ada,Pasif
NIM00016,Lomba,Hackathon,Tidak Ada,Pasif
NIM00587,UKM,Debat,Juara 1,Pasif
NIM00950,Organisasi,Paduan Suara,Juara 2,Pasif
NIM00260,Organisasi,Debat,Tidak Ada,Pasif
NIM01919,Organisasi,Basket,Juara 2,Pasif
NIM00361,Lomba,Paduan Suara,Tidak Ada,Pasif
NIM01423,Organisasi,Basket,Tidak Ada,Pasif
NIM00460,Lomba,Hackathon,Tidak Ada,Pasif
NIM01947,UKM,Debat,Tidak Ada,Aktif
NIM01540,UKM,Debat,Tidak Ada,Pasif
NIM00931,Lomba,Business Plan,Juara 2,Pasif
NIM01787,Lomba,Paduan Suara,Juara 2,Pasif
NIM01109,Lomba,Hackathon,Tidak Ada,Pasif
NIM01087,UKM,Business Plan,Juara 1,Pasif
NIM00100,Lomba,Business Plan,Juara 1,Pasif
NIM01858,UKM,Debat,Tidak Ada,Aktif
NIM00755,UKM,Paduan Suara,Tidak Ada,Pasif
NIM00295,Organisasi,Debat,Tidak Ada,Pasif
NIM01948,UKM,Paduan Suara,Tidak Ada,Aktif
NIM01186,Lomba,Business Plan,Juara 2,Aktif
NIM00929,Lomba,Basket,Juara 2,Aktif
NIM01202,Lomba,Hackathon,Tidak Ada,Pasif
NIM01468,UKM,Business Plan,Juara 2,Pasif
NIM00328,UKM,Debat,Juara 1,Pasif
NIM01352,Organisasi,Hackathon,Tidak Ada,Pasif
NIM00764,Organisasi,Business Plan,Tidak Ada,Pasif
NIM01066,Lomba,Paduan Suara,Juara 2,Pasif
NIM00242,UKM,Debat,Tidak Ada,Aktif
NIM01366,Lomba,Business Plan,Tidak Ada,Pasif
NIM01115,Lomba,Paduan Suara,Tidak Ada,Pasif
NIM01052,Lomba,Paduan Suara,Juara 1,Aktif
NIM00459,Organisasi,Paduan Suara,Tidak Ada,Pasif
NIM00667,Lomba,Hackathon,Tidak Ada,Aktif
NIM01655,Organisasi,Debat,Juara 2,Aktif
NIM01409,UKM,Paduan Suara,Tidak Ada,Aktif
NIM01511,Lomba,Business Plan,Tidak Ada,Aktif
NIM00220,Organisasi,Paduan Suara,Tidak Ada,Pasif
NIM00859,UKM,Debat,Tidak Ada,Pasif
NIM00264,Organisasi,Hackathon,Tidak Ada,Pasif
NIM00121,Lomba,Paduan Suara,Tidak Ada,Pasif
NIM01070,UKM,Business Plan,Tidak Ada,Pasif
NIM01304,UKM,Debat,Juara 1,Pasif
NIM01139,UKM,Paduan Suara,Juara 1,Aktif
NIM01192,Organisasi,Hackathon,Tidak Ada,Aktif
NIM00435,Organisasi,Basket,Tidak Ada,Aktif
NIM01270,Organisasi,Business Plan,Juara 2,Aktif
NIM00484,UKM,Paduan Suara,Tidak Ada,Aktif
NIM01399,Lomba,Paduan Suara,Juara 2,Pasif
NIM00280,Lomba,Basket,Tidak Ada,Pasif
NIM01770,UKM,Debat,Tidak Ada,Aktif
NIM01046,Lomba,Basket,Juara 2,Aktif
NIM00714,UKM,Debat,Tidak Ada,Pasif
NIM00068,Lomba,Paduan Suara,Tidak Ada,Pasif
NIM01672,Lomba,Basket,Juara 2,Pasif
NIM00743,Lomba,Paduan Suara,Tidak Ada,Pasif
NIM01082,Organisasi,Basket,Tidak Ada,Pasif
NIM01551,Organisasi,Paduan Suara,Tidak Ada,Aktif
NIM01288,UKM,Paduan Suara,Juara 1,Aktif
NIM01706,Organisasi,Paduan Suara,Tidak Ada,Aktif
NIM01447,UKM,Hackathon,Tidak Ada,Pasif
NIM01022,Organisasi,Basket,Tidak Ada,Aktif
NIM01523,Lomba,Hackathon,Tidak Ada,Aktif
NIM00291,Organisasi,Paduan Suara,Tidak Ada,Aktif
NIM00169,Organisasi,Business Plan,Juara 2,Pasif
NIM01584,Organisasi,Debat,Juara 2,Pasif
NIM01486,UKM,Basket,Juara 2,Pasif
NIM01632,UKM,Basket,Tidak Ada,Pasif
NIM01863,Lomba,Debat,Juara 2,Aktif
NIM00556,Lomba,Hackathon,Tidak Ada,Aktif
NIM00353,Lomba,Debat,Tidak Ada,Pasif
NIM01264,Organisasi,Business Plan,Tidak Ada,Pasif
NIM01827,Lomba,Paduan Suara,Tidak Ada,Pasif
NIM00283,UKM,Debat,Tidak Ada,Aktif
NIM01473,Lomba,Debat,Tidak Ada,Pasif
NIM01606,Lomba,Paduan Suara,Tidak Ada,Aktif
NIM01789,Lomba,Basket,Juara 1,Pasif
NIM01090,Lomba,Business Plan,Juara 2,Pasif
NIM01351,Lomba,Debat,Juara 2,Pasif
NIM00456,UKM,Debat,Tidak Ada,Aktif
NIM00959,Organisasi,Basket,Tidak Ada,Pasif
NIM01005,Lomba,Business Plan,Juara 2,Aktif
NIM00477,Organisasi,Paduan Suara,Juara 2,Aktif
NIM01872,Lomba,Paduan Suara,Tidak Ada,Pasif
NIM00285,Organisasi,Hackathon,Juara 2,Aktif
NIM00031,UKM,Business Plan,Tidak Ada,Pasif
NIM00448,Organisasi,Business Plan,Juara 1,Pasif
NIM00214,Lomba,Debat,Tidak Ada,Pasif
NIM01717,Organisasi,Hackathon,Tidak Ada,Pasif
NIM01738,Organisasi,Paduan Suara,Tidak Ada,Aktif
NIM01604,Lomba,Business Plan,Juara 2,Aktif
NIM01049,Organisasi,Business Plan,Juara 2,Pasif
NIM01784,Lomba,Basket,Tidak Ada,Pasif
NIM01397,UKM,Paduan Suara,Tidak Ada,Aktif
NIM00397,Lomba,Basket,Tidak Ada,Aktif
NIM00337,UKM,Hackathon,Tidak Ada,Aktif
NIM00936,Organisasi,Business Plan,Juara 1,Aktif
NIM00968,Lomba,Hackathon,Tidak Ada,Pasif
NIM00855,Organisasi,Basket,Tidak Ada,Aktif
NIM00903,UKM,Paduan Suara,Tidak Ada,Aktif
NIM00672,UKM,Business Plan,Tidak Ada,Pasif
NIM01304,Organisasi,Paduan Suara,Juara 2,Pasif
NIM00769,Lomba,Hackathon,Tidak Ada,Aktif
NIM00623,Lomba,Debat,Tidak Ada,Pasif
NIM00559,Lomba,Paduan Suara,Tidak Ada,Aktif
NIM01715,Lomba,Paduan Suara,Juara 1,Pasif
NIM00548,UKM,Paduan Suara,Tidak Ada,Aktif
NIM00923,Lomba,Business Plan,Juara 1,Pasif
NIM01222,Organisasi,Hackathon,Tidak Ada,Aktif
NIM00554,UKM,Hackathon,Juara 1,Pasif
NIM00479,Organisasi,Business Plan,Tidak Ada,Aktif
NIM00844,Organisasi,Paduan Suara,Tidak Ada,Pasif
NIM01626,Organisasi,Paduan Suara,Juara 2,Pasif
NIM01881,UKM,Debat,Tidak Ada,Pasif
NIM01604,Lomba,Paduan Suara,Tidak Ada,Pasif
NIM00070,Organisasi,Basket,Tidak Ada,Pasif
NIM00505,Organisasi,Paduan Suara,Juara 2,Aktif
NIM00110,Lomba,Debat,Tidak Ada,Pasif
NIM01406,Lomba,Basket,Tidak Ada,Pasif
NIM00397,Lomba,Debat,Tidak Ada,Aktif
NIM01433,Lomba,Debat,Tidak Ada,Aktif
NIM00351,Organisasi,Hackathon,Juara 2,Pasif
NIM01558,UKM,Business Plan,Tidak Ada,Pasif
NIM01525,Lomba,Debat,Tidak Ada,Pasif
NIM00995,Lomba,Paduan Suara,Tidak Ada,Aktif
NIM00789,Organisasi,Hackathon,Tidak Ada,Pasif
NIM01935,Lomba,Basket,Tidak Ada,Aktif
NIM01731,Organisasi,Business Plan,Tidak Ada,Aktif
NIM00421,Organisasi,Hackathon,Tidak Ada,Aktif
NIM01581,Organisasi,Debat,Tidak Ada,Pasif
NIM00922,Organisasi,Hackathon,Tidak Ada,Pasif
NIM00111,Lomba,Paduan Suara,Tidak Ada,Pasif
NIM00209,UKM,Paduan Suara,Tidak Ada,Pasif
NIM01766,Lomba,Paduan Suara,Juara 2,Aktif
NIM01463,UKM,Business Plan,Tidak Ada,Pasif
NIM01202,Lomba,Hackathon,Tidak Ada,Aktif
NIM00931,Organisasi,Hackathon,Tidak Ada,Pasif
NIM01786,Lomba,Debat,Juara 1,Aktif
NIM00425,Organisasi,Basket,Juara 2,Pasif
NIM00328,Lomba,Paduan Suara,Juara 2,Pasif
NIM01908,Organisasi,Basket,Tidak Ada,Aktif
NIM00011,UKM,Basket,Juara 2,Pasif
NIM01276,Organisasi,Paduan Suara,Tidak Ada,Pasif
NIM00856,Lomba,Paduan Suara,Tidak Ada,Aktif
NIM01259,Organisasi,Debat,Tidak Ada,Aktif
NIM01672,UKM,Business Plan,Juara 2,Aktif
NIM00254,UKM,Paduan Suara,Tidak Ada,Aktif
NIM01590,Lomba,Basket,Tidak Ada,Pasif
NIM01502,Organisasi,Debat,Juara 2,Pasif
NIM00129,Lomba,Hackathon,Tidak Ada,Aktif
NIM01762,Organisasi,Debat,Tidak Ada,Pasif
NIM01556,UKM,Paduan Suara,Tidak Ada,Pasif
NIM00100,Lomba,Paduan Suara,Tidak Ada,Aktif
NIM00290,UKM,Business Plan,Juara 2,Aktif
NIM01593,Organisasi,Debat,Tidak Ada,Pasif
NIM01250,UKM,Paduan Suara,Tidak Ada,Pasif
NIM01677,Organisasi,Basket,Tidak Ada,Aktif
NIM01149,Lomba,Basket,Tidak Ada,Aktif
NIM01462,Organisasi,Debat,Juara 2,Aktif
NIM01845,Organisasi,Business Plan,Juara 2,Pasif
NIM01588,Lomba,Debat,Juara 2,Aktif
NIM00646,Lomba,Business Plan,Juara 2,Aktif
NIM01828,UKM,Basket,Juara 2,Pasif
NIM00665,Organisasi,Paduan Suara,Tidak Ada,Aktif
NIM01371,Organisasi,Hackathon,Tidak Ada,Aktif
NIM00698,UKM,Paduan Suara,Tidak Ada,Aktif
NIM01775,Organisasi,Basket,Tidak Ada,Pasif
NIM00183,Organisasi,Basket,Tidak Ada,Pasif
NIM00351,Lomba,Paduan Suara,Tidak Ada,Aktif
NIM01539,Lomba,Paduan Suara,Juara 2,Pasif
NIM01820,Lomba,Basket,Tidak Ada,Aktif
NIM01402,UKM,Paduan Suara,Juara 1,Pasif
NIM00708,Lomba,Hackathon,Juara 2,Pasif
NIM01489,UKM,Hackathon,Tidak Ada,Aktif
NIM00678,Lomba,Debat,Tidak Ada,Aktif
NIM00802,Organisasi,Hackathon,Tidak Ada,Pasif
NIM00340,Organisasi,Basket,Tidak Ada,Pasif
NIM01165,Lomba,Basket,Juara 2,Pasif
NIM00111,Lomba,Debat,Tidak Ada,Pasif
NIM00261,UKM,Business Plan,Juara 1,Aktif
NIM01920,Organisasi,Debat,Juara 2,Pasif
NIM01212,Lomba,Business Plan,Juara 2,Aktif
NIM01880,Lomba,Business Plan,Tidak Ada,Aktif
NIM00371,Organisasi,Paduan Suara,Tidak Ada,Pasif
NIM01382,Lomba,Hackathon,Tidak Ada,Pasif
NIM01297,Organisasi,Business Plan,Tidak Ada,Pasif
NIM01721,Lomba,Paduan Suara,Tidak Ada,Aktif
NIM01823,Organisasi,Debat,Tidak Ada,Aktif
NIM00604,UKM,Debat,Tidak Ada,Pasif
NIM00449,Lomba,Business Plan,Tidak Ada,Pasif
NIM01730,Lomba,Paduan Suara,Tidak Ada,Pasif
NIM01441,Lomba,Basket,Tidak Ada,Aktif
NIM01896,UKM,Hackathon,Tidak Ada,Aktif
NIM00861,Lomba,Business Plan,Tidak Ada,Pasif
NIM01412,Lomba,Basket,Tidak Ada,Aktif
NIM01362,Organisasi,Hackathon,Tidak Ada,Aktif
NIM01335,Lomba,Basket,Tidak Ada,Aktif
NIM01944,Lomba,Paduan Suara,Tidak Ada,Aktif
NIM01952,Organisasi,Business Plan,Juara 2,Pasif
NIM01353,UKM,Basket,Tidak Ada,Pasif
NIM01071,UKM,Basket,Tidak Ada,Pasif
NIM00656,Organisasi,Basket,Juara 1,Aktif
NIM00149,UKM,Business Plan,Tidak Ada,Pasif
NIM00350,UKM,Paduan Suara,Tidak Ada,Pasif
NIM00323,Lomba,Paduan Suara,Juara 2,Aktif
NIM00865,Lomba,Basket,Juara 1,Aktif
NIM01951,Lomba,Paduan Suara,Tidak Ada,Aktif
NIM01144,UKM,Hackathon,Tidak Ada,Pasif
NIM01005,Lomba,Paduan Suara,Juara 2,Pasif
NIM00398,UKM,Basket,Tidak Ada,Aktif
NIM00646,Lomba,Hackathon,Tidak Ada,Pasif
NIM01221,UKM,Business Plan,Tidak Ada,Pasif
NIM00413,Organisasi,Debat,Tidak Ada,Aktif
NIM01463,Organisasi,Paduan Suara,Juara 2,Aktif
NIM00037,Lomba,Hackathon,Tidak Ada,Pasif
NIM00187,UKM,Debat,Tidak Ada,Pasif
NIM00420,Organisasi,Business Plan,Tidak Ada,Aktif
NIM00725,Organisasi,Debat,Tidak Ada,Aktif
NIM01484,Lomba,Business Plan,Juara 1,Aktif
NIM01134,Lomba,Basket,Juara 1,Aktif
NIM00187,UKM,Basket,Juara 2,Pasif
NIM00471,Organisasi,Business Plan,Juara 1,Pasif
NIM01102,UKM,Debat,Tidak Ada,Pasif
NIM01984,UKM,Paduan Suara,Tidak Ada,Pasif
NIM01963,Lomba,Debat,Juara 2,Pasif
NIM01398,UKM,Debat,Juara 2,Aktif
NIM00810,UKM,Paduan Suara,Juara 2,Aktif
NIM00330,Organisasi,Debat,Tidak Ada,Aktif
NIM01149,UKM,Debat,Tidak Ada,Aktif
NIM01340,Organisasi,Hackathon,Tidak Ada,Pasif
NIM00958,Organisasi,Business Plan,Tidak Ada,Pasif
NIM00320,UKM,Basket,Tidak Ada,Aktif
NIM00475,UKM,Business Plan,Juara 1,Pasif
NIM01513,Organisasi,Debat,Tidak Ada,Aktif
NIM00826,UKM,Paduan Suara,Tidak Ada,Pasif
NIM00514,Organisasi,Paduan Suara,Tidak Ada,Pasif
NIM00334,UKM,Basket,Tidak Ada,Pasif
NIM01095,Organisasi,Basket,Tidak Ada,Pasif
NIM00465,Organisasi,Basket,Juara 2,Pasif
NIM01400,Lomba,Paduan Suara,Juara 2,Pasif
NIM00724,UKM,Debat,Tidak Ada,Pasif
NIM00008,Organisasi,Basket,Juara 1,Aktif
NIM01720,Organisasi,Basket,Juara 1,Aktif
NIM00164,UKM,Paduan Suara,Tidak Ada,Pasif
NIM01989,UKM,Debat,Tidak Ada,Aktif
NIM00781,UKM,Basket,Tidak Ada,Aktif
NIM01319,Lomba,Debat,Juara 1,Aktif
NIM00358,UKM,Hackathon,Juara 2,Aktif
NIM00081,Lomba,Basket,Tidak Ada,Aktif
NIM00774,UKM,Basket,Tidak Ada,Pasif
NIM01299,Lomba,Paduan Suara,Tidak Ada,Pasif
NIM00921,UKM,Hackathon,Tidak Ada,Pasif
NIM00899,Lomba,Hackathon,Tidak Ada,Aktif
NIM01641,Organisasi,Hackathon,Juara 2,Aktif
NIM01845,Lomba,Business Plan,Juara 1,Pasif
NIM01564,Lomba,Paduan Suara,Juara 1,Aktif
NIM00922,Organisasi,Paduan Suara,Tidak Ada,Pasif
NIM01071,UKM,Basket,Juara 1,Pasif
NIM01416,Organisasi,Paduan Suara,Tidak Ada,Aktif
NIM00825,Organisasi,Basket,Tidak Ada,Aktif
NIM01591,Organisasi,Basket,Juara 1,Aktif
NIM01018,Lomba,Business Plan,Tidak Ada,Pasif
NIM01103,Organisasi,Paduan Suara,Tidak Ada,Pasif
NIM01537,UKM,Paduan Suara,Tidak Ada,Pasif
NIM00680,Lomba,Business Plan,Tidak Ada,Pasif
NIM01047,Lomba,Business Plan,Juara 2,Aktif
NIM01252,Organisasi,Paduan Suara,Tidak Ada,Pasif
NIM00438,Lomba,Paduan Suara,Juara 2,Aktif
NIM01322,UKM,Basket,Tidak Ada,Pasif
NIM02000,Lomba,Debat,Tidak Ada,Pasif
NIM00946,Organisasi,Basket,Tidak Ada,Pasif
NIM01284,Organisasi,Hackathon,Juara 2,Pasif
NIM00776,Organisasi,Hackathon,Tidak Ada,Pasif
NIM00676,Lomba,Debat,Tidak Ada,Pasif
NIM00010,Organisasi,Business Plan,Tidak Ada,Aktif
NIM01652,Lomba,Hackathon,Juara 1,Pasif
NIM00158,Organisasi,Business Plan,Tidak Ada,Aktif
NIM00868,Organisasi,Business Plan,Juara 2,Aktif
NIM00784,Organisasi,Basket,Juara 1,Pasif
NIM01182,UKM,Business Plan,Tidak Ada,Pasif
NIM00320,UKM,Debat,Juara 2,Pasif
NIM01900,Organisasi,Basket,Tidak Ada,Aktif
NIM01226,Organisasi,Debat,Tidak Ada,Aktif
NIM00121,Lomba,Business Plan,Tidak Ada,Aktif
NIM00139,Lomba,Hackathon,Juara 1,Aktif
NIM00674,UKM,Business Plan,Juara 1,Pasif
NIM01744,Lomba,Debat,Juara 1,Aktif
NIM01591,Lomba,Paduan Suara,Juara 2,Aktif
NIM01363,Lomba,Paduan Suara,Tidak Ada,Aktif
NIM01284,Lomba,Hackathon,Tidak Ada,Aktif
NIM01457,UKM,Debat,Tidak Ada,Pasif
NIM00044,UKM,Hackathon,Tidak Ada,Pasif
NIM01183,Lomba,Basket,Juara 1,Pasif
NIM00816,Lomba,Business Plan,Juara 2,Pasif
NIM01379,UKM,Basket,Tidak Ada,Pasif
NIM00098,Organisasi,Paduan Suara,Tidak Ada,Aktif
NIM01562,Lomba,Business Plan,Tidak Ada,Aktif
NIM01895,Organisasi,Basket,Juara 2,Aktif
NIM01734,Lomba,Paduan Suara,Juara 2,Aktif
NIM01633,UKM,Basket,Juara 2,Aktif
NIM00239,Lomba,Business Plan,Tidak Ada,Pasif
NIM00475,Organisasi,Basket,Juara 2,Aktif
NIM00524,UKM,Business Plan,Tidak Ada,Pasif
NIM00557,Lomba,Basket,Tidak Ada,Pasif
NIM01416,Lomba,Hackathon,Tidak Ada,Pasif
NIM00009,UKM,Basket,Juara 2,Aktif
NIM01537,Lomba,Basket,Tidak Ada,Aktif
NIM01413,UKM,Hackathon,Juara 1,Aktif
NIM01863,Lomba,Paduan Suara,Tidak Ada,Pasif
NIM01234,UKM,Business Plan,Juara 1,Pasif
NIM01078,Lomba,Debat,Juara 1,Aktif
NIM00616,UKM,Paduan Suara,Tidak Ada,Pasif
NIM00152,UKM,Business Plan,Tidak Ada,Pasif
NIM00410,Lomba,Basket,Juara 2,Pasif
NIM00010,UKM,Paduan Suara,Tidak Ada,Aktif
NIM00957,Lomba,Basket,Juara 1,Pasif
NIM00552,Lomba,Paduan Suara,Juara 1,Aktif
NIM00556,Lomba,Paduan Suara,Tidak Ada,Aktif
NIM00880,UKM,Debat,Juara 2,Pasif
NIM00268,Lomba,Hackathon,Tidak Ada,Pasif
NIM01014,UKM,Paduan Suara,Tidak Ada,Pasif
NIM01814,Organisasi,Basket,Tidak Ada,Aktif
NIM00667,Organisasi,Debat,Juara 2,Aktif
NIM00451,Organisasi,Paduan Suara,Tidak Ada,Pasif
NIM00594,Lomba,Hackathon,Tidak Ada,Pasif
NIM01221,UKM,Basket,Tidak Ada,Aktif
NIM00398,Lomba,Debat,Juara 2,Pasif
NIM00921,UKM,Business Plan,Tidak Ada,Aktif
NIM01076,Organisasi,Hackathon,Tidak Ada,Pasif
NIM01759,Organisasi,Business Plan,Tidak Ada,Pasif
NIM01493,Organisasi,Business Plan,Tidak Ada,Pasif
NIM01392,Lomba,Debat,Tidak Ada,Aktif
NIM01398,Lomba,Debat,Juara 2,Pasif
NIM01083,UKM,Debat,Juara 2,Pasif
NIM00294,UKM,Business Plan,Juara 1,Aktif
NIM00788,Organisasi,Basket,Juara 2,Aktif
NIM01870,Lomba,Debat,Tidak Ada,Aktif
NIM01812,Lomba,Hackathon,Tidak Ada,Aktif
NIM00952,UKM,Debat,Tidak Ada,Aktif
NIM00869,UKM,Debat,Tidak Ada,Aktif
NIM00110,Lomba,Debat,Tidak Ada,Aktif
NIM01566,Lomba,Business Plan,Juara 2,Aktif
NIM00107,UKM,Basket,Tidak Ada,Pasif
NIM01013,Lomba,Debat,Tidak Ada,Pasif
NIM00297,Lomba,Business Plan,Tidak Ada,Pasif
NIM01876,Organisasi,Hackathon,Tidak Ada,Pasif
NIM00839,Lomba,Basket,Tidak Ada,Aktif
NIM01855,Lomba,Business Plan,Tidak Ada,Aktif
NIM01989,Lomba,Paduan Suara,Tidak Ada,Aktif
NIM01119,UKM,Hackathon,Juara 2,Aktif
NIM01821,Organisasi,Hackathon,Juara 1,Aktif
NIM01743,UKM,Paduan Suara,Tidak Ada,Pasif
NIM00985,Organisasi,Business Plan,Tidak Ada,Pasif
NIM00845,Organisasi,Business Plan,Juara 1,Aktif
NIM01708,Lomba,Hackathon,Tidak Ada,Pasif
NIM01496,Organisasi,Business Plan,Tidak Ada,Aktif
NIM00079,Organisasi,Paduan Suara,Tidak Ada,Aktif
NIM01274,Lomba,Business Plan,Tidak Ada,Pasif
NIM00730,Lomba,Hackathon,Tidak Ada,Pasif
NIM00339,Organisasi,Business Plan,Tidak Ada,Aktif
NIM00057,UKM,Basket,Juara 1,Pasif
NIM00920,Organisasi,Paduan Suara,Tidak Ada,Aktif
NIM00147,UKM,Paduan Suara,Juara 2,Aktif
NIM00746,UKM,Debat,Juara 2,Pasif
NIM01041,Organisasi,Business Plan,Tidak Ada,Aktif
NIM00368,UKM,Paduan Suara,Tidak Ada,Aktif
NIM00709,Organisasi,Business Plan,Tidak Ada,Pasif
NIM01213,UKM,Basket,Juara 1,Aktif
NIM01668,UKM,Hackathon,Tidak Ada,Aktif
NIM00248,Organisasi,Hackathon,Juara 2,Pasif
NIM00150,Lomba,Debat,Juara 2,Pasif
NIM00714,Lomba,Debat,Tidak Ada,Pasif
NIM01237,Organisasi,Paduan Suara,Tidak Ada,Aktif
NIM00217,Organisasi,Paduan Suara,Tidak Ada,Aktif
NIM01030,Lomba,Paduan Suara,Tidak Ada,Pasif
NIM00670,Lomba,Basket,Tidak Ada,Pasif
NIM00861,UKM,Debat,Juara 2,Aktif
NIM01611,UKM,Debat,Juara 2,Pasif
NIM01419,UKM,Hackathon,Tidak Ada,Aktif
NIM01787,Lomba,Debat,Tidak Ada,Aktif
NIM00304,Organisasi,Debat,Tidak Ada,Pasif
NIM01582,UKM,Basket,Juara 2,Aktif
NIM01435,Organisasi,Paduan Suara,Tidak Ada,Pasif
NIM00403,Lomba,Basket,Juara 1,Aktif
NIM01878,UKM,Business Plan,Tidak Ada,Aktif
NIM00860,Lomba,Hackathon,Tidak Ada,Aktif
NIM01851,Organisasi,Hackathon,Juara 2,Pasif
NIM00380,UKM,Hackathon,Tidak Ada,Aktif
NIM00452,Organisasi,Paduan Suara,Tidak Ada,Aktif
NIM01253,Organisasi,Paduan Suara,Tidak Ada,Pasif
NIM00694,UKM,Paduan Suara,Tidak Ada,Pasif
NIM01529,UKM,Hackathon,Tidak Ada,Aktif
NIM01619,Lomba,Hackathon,Tidak Ada,Pasif
NIM00145,UKM,Hackathon,Tidak Ada,Aktif
NIM00050,UKM,Business Plan,Juara 2,Aktif
NIM01448,UKM,Business Plan,Juara 1,Aktif
NIM01124,UKM,Hackathon,Juara 2,Aktif
NIM00343,UKM,Paduan Suara,Tidak Ada,Aktif
NIM00882,Lomba,Paduan Suara,Tidak Ada,Aktif
NIM01756,Organisasi,Business Plan,Tidak Ada,Pasif
NIM01675,Lomba,Business Plan,Juara 2,Aktif
NIM00890,Organisasi,Hackathon,Tidak Ada,Aktif
NIM01550,UKM,Hackathon,Tidak Ada,Pasif
NIM01037,Lomba,Paduan Suara,Juara 1,Aktif
NIM01880,Organisasi,Debat,Tidak Ada,Aktif
NIM00762,Organisasi,Paduan Suara,Tidak Ada,Aktif
NIM00848,UKM,Paduan Suara,Tidak Ada,Aktif
NIM00924,UKM,Hackathon,Tidak Ada,Pasif
NIM01196,Organisasi,Debat,Tidak Ada,Aktif
NIM01513,Lomba,Debat,Tidak Ada,Pasif
NIM01855,Organisasi,Hackathon,Juara 2,Pasif
NIM01383,Lomba,Basket,Tidak Ada,Pasif
NIM01130,Lomba,Hackathon,Tidak Ada,Aktif
NIM00189,Organisasi,Business Plan,Tidak Ada,Aktif
NIM01553,Lomba,Debat,Juara 2,Pasif
NIM01074,Organisasi,Hackathon,Tidak Ada,Pasif
NIM01273,Organisasi,Paduan Suara,Tidak Ada,Aktif
NIM00410,UKM,Paduan Suara,Juara 2,Aktif
NIM01415,Organisasi,Paduan Suara,Tidak Ada,Aktif
NIM01403,Organisasi,Hackathon,Tidak Ada,Aktif
NIM00227,UKM,Basket,Tidak Ada,Aktif
NIM01615,UKM,Business Plan,Tidak Ada,Pasif
NIM01808,Lomba,Paduan Suara,Juara 2,Pasif
NIM00213,Lomba,Hackathon,Tidak Ada,Pasif
NIM01553,UKM,Basket,Tidak Ada,Aktif
NIM01005,UKM,Debat,Tidak Ada,Pasif
NIM01370,UKM,Debat,Juara 2,Aktif
NIM00419,Organisasi,Business Plan,Tidak Ada,Pasif
NIM01787,Organisasi,Hackathon,Tidak Ada,Aktif
NIM01876,Organisasi,Hackathon,Tidak Ada,Pasif
NIM01108,UKM,Paduan Suara,Tidak Ada,Pasif
NIM00919,Lomba,Basket,Tidak Ada,Aktif
NIM01221,Lomba,Business Plan,Tidak Ada,Aktif
NIM00777,Organisasi,Basket,Tidak Ada,Pasif
NIM01554,Organisasi,Business Plan,Juara 2,Pasif
NIM00221,UKM,Hackathon,Tidak Ada,Aktif
NIM01867,UKM,Hackathon,Tidak Ada,Aktif
NIM01771,Lomba,Business Plan,Tidak Ada,Aktif
NIM00176,Lomba,Basket,Tidak Ada,Pasif
NIM00584,UKM,Debat,Juara 2,Pasif
NIM01627,Lomba,Debat,Juara 2,Aktif
NIM01346,Lomba,Paduan Suara,Tidak Ada,Pasif
NIM00535,Organisasi,Paduan Suara,Juara 2,Aktif
NIM00725,UKM,Basket,Juara 2,Pasif
NIM01418,UKM,Hackathon,Tidak Ada,Aktif
NIM01830,UKM,Basket,Tidak Ada,Aktif
NIM01664,Organisasi,Business Plan,Juara 2,Pasif
NIM01595,UKM,Debat,Juara 2,Aktif
NIM00324,Lomba,Paduan Suara,Juara 2,Aktif
NIM00085,Organisasi,Basket,Tidak Ada,Pasif
NIM01020,Organisasi,Basket,Tidak Ada,Pasif
NIM01765,UKM,Business Plan,Juara 2,Pasif
NIM00887,Lomba,Hackathon,Tidak Ada,Pasif
NIM01451,UKM,Hackathon,Juara 2,Aktif
NIM01292,Lomba,Debat,Juara 2,Aktif
NIM00112,UKM,Paduan Suara,Tidak Ada,Aktif
NIM00628,Lomba,Hackathon,Juara 2,Aktif
NIM00949,Lomba,Hackathon,Tidak Ada,Aktif
NIM00750,Lomba,Hackathon,Tidak Ada,Pasif
NIM01422,Organisasi,Basket,Juara 1,Pasif
NIM00052,UKM,Hackathon,Tidak Ada,Aktif
NIM00084,UKM,Business Plan,Tidak Ada,Pasif
NIM01647,UKM,Debat,Tidak Ada,Pasif
NIM00712,Organisasi,Hackathon,Tidak Ada,Pasif
NIM00731,Lomba,Paduan Suara,Tidak Ada,Pasif
NIM00741,Organisasi,Basket,Juara 2,Pasif
NIM00829,Organisasi,Business Plan,Tidak Ada,Aktif
NIM00425,Lomba,Debat,Juara 2,Pasif
NIM01045,UKM,Basket,Juara 1,Aktif
NIM01712,Organisasi,Business Plan,Tidak Ada,Aktif
NIM00056,Lomba,Basket,Juara 2,Aktif
NIM01315,Lomba,Debat,Juara 2,Aktif
NIM00812,UKM,Debat,Tidak Ada,Aktif
NIM00807,Lomba,Hackathon,Tidak Ada,Pasif
NIM01009,Lomba,Paduan Suara,Juara 1,Aktif
NIM00655,Lomba,Hackathon,Juara 2,Aktif
NIM01007,UKM,Basket,Juara 1,Aktif
NIM00908,UKM,Hackathon,Juara 1,Pasif
NIM01397,Lomba,Debat,Tidak Ada,Pasif
NIM01762,Lomba,Debat,Tidak Ada,Pasif
NIM00008,UKM,Debat,Tidak Ada,Pasif
NIM00124,UKM,Hackathon,Tidak Ada,Aktif
NIM01782,UKM,Business Plan,Tidak Ada,Aktif
NIM01125,Organisasi,Hackathon,Tidak Ada,Aktif
NIM00990,UKM,Hackathon,Tidak Ada,Aktif
NIM00835,Lomba,Hackathon,Tidak Ada,Aktif
NIM01886,UKM,Hackathon,Tidak Ada,Pasif
NIM01117,Lomba,Debat,Tidak Ada,Aktif
NIM01409,Lomba,Paduan Suara,Tidak Ada,Pasif
NIM00766,Lomba,Hackathon,Tidak Ada,Aktif
NIM01104,UKM,Hackathon,Juara 2,Pasif
NIM01322,UKM,Paduan Suara,Tidak Ada,Pasif
NIM00031,UKM,Hackathon,Tidak Ada,Pasif
NIM00378,UKM,Paduan Suara,Tidak Ada,Aktif
NIM00330,UKM,Debat,Tidak Ada,Pasif
NIM01950,Organisasi,Business Plan,Tidak Ada,Aktif
NIM01323,UKM,Hackathon,Juara 2,Aktif
NIM00282,Organisasi,Business Plan,Tidak Ada,Pasif
NIM01036,Lomba,Hackathon,Tidak Ada,Pasif
NIM00639,Lomba,Basket,Tidak Ada,Pasif
NIM00872,Lomba,Basket,Juara 1,Pasif
NIM00699,Lomba,Debat,Juara 2,Aktif
NIM00069,Organisasi,Business Plan,Tidak Ada,Aktif
NIM00841,Organisasi,Business Plan,Tidak Ada,Aktif
NIM01547,Lomba,Paduan Suara,Tidak Ada,Pasif
NIM01839,UKM,Paduan Suara,Juara 1,Pasif
NIM00023,Lomba,Hackathon,Juara 2,Pasif
NIM00337,Lomba,Paduan Suara,Juara 2,Pasif
NIM00427,Organisasi,Paduan Suara,Juara 2,Aktif
NIM00845,Lomba,Business Plan,Juara 2,Aktif
NIM00209,Organisasi,Basket,Tidak Ada,Aktif
NIM00215,Organisasi,Business Plan,Tidak Ada,Pasif
NIM00635,Lomba,Paduan Suara,Tidak Ada,Pasif
NIM00423,UKM,Hackathon,Tidak Ada,Pasif
NIM00073,Organisasi,Basket,Tidak Ada,Pasif
NIM01746,Organisasi,Paduan Suara,Tidak Ada,Pasif
NIM00823,Organisasi,Paduan Suara,Juara 2,Aktif
NIM00786,Lomba,Hackathon,Tidak Ada,Pasif
NIM01630,Lomba,Hackathon,Tidak Ada,Aktif
NIM00938,Organisasi,Paduan Suara,Tidak Ada,Pasif
NIM01772,UKM,Paduan Suara,Tidak Ada,Aktif
NIM01690,Lomba,Business Plan,Juara 2,Pasif
NIM01298,UKM,Debat,Tidak Ada,Pasif
NIM01749,UKM,Hackathon,Tidak Ada,Aktif
NIM01664,Lomba,Hackathon,Juara 1,Pasif
NIM01257,Organisasi,Business Plan,Tidak Ada,Pasif
NIM01065,UKM,Basket,Tidak Ada,Pasif
NIM01962,Organisasi,Basket,Juara 2,Aktif
NIM00289,UKM,Basket,Juara 1,Pasif
NIM00555,Organisasi,Hackathon,Tidak Ada,Pasif
NIM01294,Lomba,Debat,Tidak Ada,Pasif
NIM00439,UKM,Debat,Juara 1,Pasif
NIM01338,UKM,Business Plan,Tidak Ada,Pasif
NIM01534,UKM,Basket,Tidak Ada,Aktif
NIM01418,Organisasi,Basket,Tidak Ada,Aktif
NIM00028,UKM,Paduan Suara,Tidak Ada,Aktif
NIM00270,UKM,Business Plan,Tidak Ada,Aktif
NIM01491,Organisasi,Business Plan,Tidak Ada,Pasif
NIM01946,Organisasi,Hackathon,Juara 1,Pasif
NIM00074,Lomba,Hackathon,Juara 1,Aktif
NIM01681,Organisasi,Business Plan,Tidak Ada,Aktif
NIM00674,UKM,Debat,Juara 2,Aktif
NIM00246,UKM,Business Plan,Tidak Ada,Aktif
NIM01806,Lomba,Debat,Tidak Ada,Aktif
NIM00410,Lomba,Hackathon,Juara 2,Pasif
NIM00498,UKM,Business Plan,Tidak Ada,Aktif
NIM01442,Organisasi,Debat,Tidak Ada,Pasif
NIM01012,UKM,Paduan Suara,Tidak Ada,Pasif
NIM00211,Lomba,Paduan Suara,Juara 2,Aktif
NIM00792,UKM,Business Plan,Juara 2,Pasif
NIM01247,UKM,Basket,Tidak Ada,Pasif
NIM00360,UKM,Business Plan,Tidak Ada,Pasif
NIM00582,Lomba,Hackathon,Tidak Ada,Pasif
NIM01044,Lomba,Hackathon,Tidak Ada,Aktif
NIM00423,Lomba,Paduan Suara,Tidak Ada,Pasif
NIM00121,Organisasi,Debat,Tidak Ada,Pasif
NIM00173,Lomba,Paduan Suara,Tidak Ada,Aktif
NIM00034,Organisasi,Debat,Juara 2,Aktif
NIM00918,Organisasi,Business Plan,Tidak Ada,Aktif
NIM00071,Lomba,Basket,Juara 2,Pasif
NIM00545,Organisasi,Hackathon,Tidak Ada,Aktif
NIM00774,Organisasi,Business Plan,Juara 2,Pasif
NIM00784,UKM,Paduan Suara,Tidak Ada,Aktif
NIM00968,Organisasi,Business Plan,Tidak Ada,Pasif
NIM01645,Organisasi,Basket,Tidak Ada,Aktif
NIM00535,Lomba,Debat,Tidak Ada,Aktif
NIM01682,UKM,Basket,Tidak Ada,Pasif
NIM00014,Organisasi,Paduan Suara,Juara 1,Aktif
NIM01330,Organisasi,Basket,Tidak Ada,Aktif
NIM01853,Organisasi,Hackathon,Tidak Ada,Pasif
NIM01572,Lomba,Basket,Tidak Ada,Aktif
NIM00271,Lomba,Business Plan,Tidak Ada,Aktif
NIM01797,UKM,Debat,Tidak Ada,Pasif
NIM01077,Organisasi,Hackathon,Juara 2,Pasif
NIM01518,UKM,Hackathon,Juara 2,Aktif
NIM01584,Lomba,Hackathon,Tidak Ada,Aktif
NIM00463,Organisasi,Paduan Suara,Tidak Ada,Pasif
NIM00523,Organisasi,Paduan Suara,Juara 2,Pasif
NIM00770,UKM,Business Plan,Juara 2,Aktif
NIM00855,Organisasi,Debat,Juara 2,Pasif
NIM00792,Lomba,Basket,Juara 2,Aktif
NIM01746,UKM,Business Plan,Tidak Ada,Aktif
NIM01348,UKM,Paduan Suara,Tidak Ada,Pasif
NIM01871,Organisasi,Business Plan,Tidak Ada,Pasif
NIM01548,Lomba,Debat,Juara 2,Pasif
NIM00443,Organisasi,Business Plan,Tidak Ada,Pasif
NIM00251,UKM,Hackathon,Juara 1,Aktif
NIM01859,UKM,Basket,Tidak Ada,Pasif
NIM00160,Lomba,Paduan Suara,Tidak Ada,Aktif
NIM00036,UKM,Paduan Suara,Tidak Ada,Aktif
NIM01685,Lomba,Debat,Juara 1,Aktif
NIM00880,Organisasi,Debat,Juara 2,Aktif
NIM01222,Lomba,Debat,Tidak Ada,Aktif
NIM01474,Organisasi,Paduan Suara,Juara 1,Pasif
NIM01402,Organisasi,Hackathon,Tidak Ada,Pasif
NIM01270,UKM,Basket,Tidak Ada,Aktif
NIM00393,Organisasi,Debat,Tidak Ada,Pasif
NIM01228,UKM,Paduan Suara,Tidak Ada,Pasif
NIM00044,Lomba,Hackathon,Juara 2,Aktif
NIM00315,Lomba,Debat,Tidak Ada,Aktif
NIM00408,Organisasi,Debat,Juara 2,Pasif
NIM00895,Lomba,Basket,Juara 2,Aktif
NIM01855,Organisasi,Basket,Tidak Ada,Pasif
NIM00206,Lomba,Business Plan,Juara 2,Pasif
NIM01265,Organisasi,Debat,Juara 1,Aktif
NIM00041,Organisasi,Business Plan,Tidak Ada,Pasif
NIM00588,Lomba,Paduan Suara,Tidak Ada,Pasif
NIM00714,Lomba,Basket,Tidak Ada,Aktif
NIM01387,Lomba,Hackathon,Tidak Ada,Aktif
NIM00898,Lomba,Debat,Tidak Ada,Pasif
NIM00095,Organisasi,Debat,Tidak Ada,Aktif
NIM00540,Organisasi,Business Plan,Tidak Ada,Pasif
NIM01168,Lomba,Basket,Juara 2,Aktif
NIM00059,Lomba,Business Plan,Tidak Ada,Aktif
NIM01665,UKM,Debat,Tidak Ada,Pasif
NIM00854,Organisasi,Basket,Juara 1,Pasif
NIM00509,Organisasi,Debat,Juara 2,Pasif
NIM00513,Lomba,Basket,Tidak Ada,Aktif
NIM00799,UKM,Debat,Tidak Ada,Pasif
NIM01046,Lomba,Hackathon,Tidak Ada,Aktif
NIM00738,Organisasi,Business Plan,Tidak Ada,Aktif
NIM01228,Organisasi,Basket,Tidak Ada,Pasif
NIM00699,UKM,Business Plan,Tidak Ada,Pasif
NIM00887,Lomba,Basket,Tidak Ada,Aktif
NIM00471,UKM,Basket,Tidak Ada,Pasif
NIM00284,Lomba,Basket,Juara 1,Aktif
NIM00372,UKM,Debat,Tidak Ada,Aktif
NIM01522,Lomba,Paduan Suara,Tidak Ada,Aktif
NIM01356,Lomba,Debat,Tidak Ada,Pasif
NIM01051,Lomba,Paduan Suara,Juara 2,Aktif
NIM00855,Organisasi,Debat,Tidak Ada,Aktif
NIM00129,Lomba,Paduan Suara,Juara 1,Pasif
NIM01404,Organisasi,Basket,Tidak Ada,Pasif
NIM00507,UKM,Basket,Tidak Ada,Pasif
NIM01899,Lomba,Paduan Suara,Tidak Ada,Aktif
NIM01922,Organisasi,Paduan Suara,Tidak Ada,Pasif
NIM01119,UKM,Business Plan,Tidak Ada,Aktif
NIM00578,Lomba,Basket,Tidak Ada,Aktif
NIM01201,UKM,Debat,Tidak Ada,Aktif
NIM00473,Organisasi,Business Plan,Tidak Ada,Pasif
NIM01510,Organisasi,Paduan Suara,Tidak Ada,Aktif
NIM01008,Lomba,Debat,Juara 2,Aktif
NIM01299,Organisasi,Hackathon,Tidak Ada,Pasif
NIM00668,Organisasi,Hackathon,Tidak Ada,Aktif
NIM01990,UKM,Hackathon,Juara 2,Pasif
NIM01447,Lomba,Debat,Juara 1,Pasif
NIM01555,Lomba,Paduan Suara,Juara 2,Pasif
NIM01919,Lomba,Debat,Tidak Ada,Pasif
NIM01908,UKM,Business Plan,Tidak Ada,Aktif
NIM00320,Organisasi,Business Plan,Tidak Ada,Aktif
NIM00058,Lomba,Hackathon,Tidak Ada,Aktif
NIM00273,Lomba,Paduan Suara,Tidak Ada,Aktif
NIM01222,UKM,Business Plan,Tidak Ada,Pasif
NIM01103,UKM,Basket,Tidak Ada,Aktif
NIM00982,Lomba,Basket,Juara 1,Pasif
NIM00041,Lomba,Hackathon,Tidak Ada,Aktif
NIM00738,UKM,Hackathon,Tidak Ada,Aktif
NIM01797,UKM,Hackathon,Tidak Ada,Pasif
NIM01269,UKM,Business Plan,Tidak Ada,Aktif
NIM01047,UKM,Paduan Suara,Tidak Ada,Aktif
NIM00709,Organisasi,Hackathon,Tidak Ada,Pasif
NIM00236,Organisasi,Debat,Tidak Ada,Aktif
NIM00126,Lomba,Hackathon,Juara 1,Aktif
NIM00778,Organisasi,Business Plan,Tidak Ada,Aktif
NIM00836,UKM,Paduan Suara,Tidak Ada,Pasif
NIM00140,Lomba,Hackathon,Tidak Ada,Pasif
NIM00879,UKM,Basket,Tidak Ada,Aktif
NIM00394,Organisasi,Hackathon,Juara 2,Aktif
NIM00828,UKM,Hackathon,Juara 2,Aktif
NIM00127,Lomba,Paduan Suara,Tidak Ada,Pasif
NIM01822,Organisasi,Debat,Juara 2,Aktif
NIM01138,Lomba,Hackathon,Juara 1,Pasif
NIM01944,Organisasi,Hackathon,Tidak Ada,Pasif
NIM00837,UKM,Business Plan,Juara 2,Aktif
NIM00525,Lomba,Paduan Suara,Juara 2,Pasif
NIM01252,Organisasi,Business Plan,Tidak Ada,Pasif
NIM01545,Organisasi,Hackathon,Juara 2,Pasif
NIM00146,Organisasi,Hackathon,Juara 2,Pasif
NIM01187,Organisasi,Basket,Juara 2,Pasif
NIM00735,UKM,Business Plan,Tidak Ada,Aktif
NIM00728,UKM,Paduan Suara,Tidak Ada,Pasif
NIM01924,Organisasi,Hackathon,Juara 2,Pasif
NIM00169,UKM,Basket,Juara 2,Pasif
NIM01562,UKM,Basket,Tidak Ada,Pasif
NIM01149,Organisasi,Debat,Juara 2,Pasif
NIM00300,UKM,Paduan Suara,Tidak Ada,Aktif
NIM01274,Lomba,Basket,Tidak Ada,Aktif
NIM00938,Lomba,Paduan Suara,Juara 2,Pasif
NIM00522,UKM,Hackathon,Tidak Ada,Aktif
NIM00105,Organisasi,Debat,Tidak Ada,Pasif
NIM00618,Lomba,Paduan Suara,Juara 2,Aktif
NIM00969,UKM,Debat,Tidak Ada,Aktif
NIM01537,UKM,Paduan Suara,Tidak Ada,Pasif
NIM01718,Organisasi,Paduan Suara,Juara 2,Pasif
NIM01936,Organisasi,Business Plan,Tidak Ada,Pasif
NIM00506,UKM,Debat,Juara 1,Pasif
NIM00302,Organisasi,Paduan Suara,Tidak Ada,Aktif
NIM00653,Lomba,Business Plan,Tidak Ada,Pasif
NIM01254,Lomba,Business Plan,Juara 2,Aktif
NIM00064,UKM,Debat,Tidak Ada,Pasif
NIM00590,UKM,Hackathon,Tidak Ada,Pasif
NIM00232,Organisasi,Debat,Tidak Ada,Aktif
NIM01623,Lomba,Paduan Suara,Tidak Ada,Pasif
NIM01207,Organisasi,Hackathon,Tidak Ada,Pasif
NIM00319,UKM,Debat,Tidak Ada,Aktif
NIM01682,UKM,Debat,Juara 2,Aktif
NIM00829,UKM,Debat,Tidak Ada,Pasif
NIM00092,UKM,Debat,Tidak Ada,Aktif
NIM01659,UKM,Hackathon,Tidak Ada,Pasif
NIM01812,UKM,Paduan Suara,Tidak Ada,Aktif
NIM00961,Organisasi,Business Plan,Tidak Ada,Pasif
NIM00064,Organisasi,Debat,Juara 1,Aktif
NIM00844,Organisasi,Business Plan,Tidak Ada,Aktif
NIM00219,Lomba,Business Plan,Juara 2,Aktif
NIM00704,Organisasi,Business Plan,Tidak Ada,Pasif
NIM00619,UKM,Debat,Juara 2,Pasif
NIM01933,Organisasi,Debat,Juara 2,Pasif
NIM00247,Organisasi,Debat,Tidak Ada,Aktif
NIM00964,Lomba,Debat,Tidak Ada,Aktif
NIM01497,UKM,Basket,Tidak Ada,Aktif
NIM01990,Lomba,Paduan Suara,Tidak Ada,Aktif
NIM01014,Lomba,Basket,Tidak Ada,Pasif
NIM00057,Lomba,Hackathon,Tidak Ada,Aktif
NIM01069,Organisasi,Basket,Tidak Ada,Aktif
NIM01912,UKM,Basket,Tidak Ada,Pasif
NIM01110,UKM,Basket,Tidak Ada,Pasif
NIM01062,Lomba,Paduan Suara,Tidak Ada,Aktif
NIM00182,UKM,Business Plan,Tidak Ada,Aktif
NIM00164,UKM,Hackathon,Tidak Ada,Aktif
NIM00757,Lomba,Hackathon,Tidak Ada,Pasif
NIM01859,Organisasi,Paduan Suara,Tidak Ada,Aktif
NIM01913,Lomba,Basket,Juara 2,Aktif
NIM00126,Lomba,Business Plan,Tidak Ada,Aktif
NIM01231,Organisasi,Debat,Tidak Ada,Pasif
NIM00267,Organisasi,Paduan Suara,Juara 2,Aktif
NIM00354,Organisasi,Business Plan,Juara 1,Pasif
NIM01435,Organisasi,Paduan Suara,Tidak Ada,Pasif
NIM01623,Lomba,Paduan Suara,Tidak Ada,Pasif
NIM01681,Organisasi,Debat,Tidak Ada,Pasif
NIM01146,UKM,Business Plan,Juara 2,Pasif
NIM01532,Lomba,Basket,Juara 1,Aktif
NIM00610,Lomba,Business Plan,Tidak Ada,Aktif
NIM00469,Organisasi,Business Plan,Juara 2,Pasif
NIM00801,Organisasi,Basket,Tidak Ada,Pasif
NIM00133,UKM,Debat,Juara 1,Aktif
NIM01403,Organisasi,Business Plan,Tidak Ada,Pasif
NIM01012,Lomba,Basket,Juara 2,Aktif
NIM00849,Organisasi,Paduan Suara,Tidak Ada,Aktif
NIM01020,UKM,Paduan Suara,Tidak Ada,Pasif
NIM00318,Lomba,Basket,Tidak Ada,Aktif
NIM01601,Lomba,Paduan Suara,Juara 1,Aktif
NIM00711,Organisasi,Business Plan,Juara 2,Aktif
NIM01149,UKM,Basket,Juara 1,Pasif
NIM00451,UKM,Business Plan,Tidak Ada,Aktif
NIM01882,Organisasi,Hackathon,Tidak Ada,Aktif
NIM01744,Lomba,Debat,Tidak Ada,Aktif
NIM01232,Lomba,Debat,Juara 2,Pasif
NIM01324,Lomba,Debat,Tidak Ada,Pasif
NIM01513,Organisasi,Basket,Tidak Ada,Pasif
NIM00633,Lomba,Hackathon,Tidak Ada,Pasif
NIM00142,Lomba,Debat,Tidak Ada,Aktif
NIM01004,Organisasi,Business Plan,Juara 1,Aktif
NIM01498,Lomba,Debat,Tidak Ada,Aktif
NIM00859,Organisasi,Hackathon,Tidak Ada,Aktif
NIM00569,UKM,Business Plan,Tidak Ada,Pasif
NIM00304,UKM,Business Plan,Tidak Ada,Pasif
NIM00657,Organisasi,Basket,Juara 2,Pasif
NIM01580,Organisasi,Basket,Tidak Ada,Aktif
NIM00644,Organisasi,Paduan Suara,Juara 2,Pasif
NIM00593,Lomba,Hackathon,Juara 2,Pasif
NIM01889,Lomba,Business Plan,Tidak Ada,Aktif
NIM00030,Organisasi,Hackathon,Tidak Ada,Aktif
NIM01401,Organisasi,Debat,Juara 1,Aktif
NIM01365,Lomba,Debat,Juara 2,Pasif
NIM01233,Lomba,Paduan Suara,Tidak Ada,Aktif
NIM01995,Organisasi,Business Plan,Juara 2,Pasif
NIM01267,Lomba,Business Plan,Tidak Ada,Pasif
NIM00695,Lomba,Paduan Suara,Juara 2,Aktif
NIM00158,UKM,Debat,Juara 2,Pasif
NIM00146,Organisasi,Business Plan,Tidak Ada,Pasif
NIM00340,Organisasi,Hackathon,Tidak Ada,Aktif
NIM00866,Lomba,Business Plan,Tidak Ada,Pasif
NIM01769,UKM,Debat,Tidak Ada,Pasif
NIM00092,Organisasi,Business Plan,Juara 2,Pasif
NIM00329,Organisasi,Business Plan,Tidak Ada,Aktif
NIM00172,Lomba,Basket,Tidak Ada,Pasif
NIM00702,Organisasi,Business Plan,Tidak Ada,Aktif
NIM01055,Lomba,Paduan Suara,Tidak Ada,Aktif
NIM00621,UKM,Paduan Suara,Juara 2,Pasif
NIM00272,UKM,Hackathon,Juara 2,Aktif
NIM01119,Organisasi,Business Plan,Tidak Ada,Pasif
NIM00989,Lomba,Hackathon,Juara 1,Aktif
NIM00077,UKM,Debat,Tidak Ada,Aktif
NIM00151,Organisasi,Debat,Juara 2,Pasif
NIM00142,Organisasi,Basket,Tidak Ada,Aktif
NIM00231,Organisasi,Basket,Juara 2,Pasif
NIM01794,Lomba,Business Plan,Juara 1,Pasif
NIM01932,Lomba,Business Plan,Tidak Ada,Pasif
NIM00954,UKM,Hackathon,Tidak Ada,Pasif
NIM00128,Lomba,Hackathon,Tidak Ada,Pasif
NIM00860,Lomba,Business Plan,Juara 1,Aktif
NIM01760,Organisasi,Business Plan,Tidak Ada,Pasif
NIM00696,Organisasi,Basket,Tidak Ada,Pasif
NIM00497,UKM,Basket,Tidak Ada,Pasif
NIM01304,Organisasi,Basket,Juara 2,Pasif
NIM01829,Organisasi,Business Plan,Tidak Ada,Aktif
NIM01565,Organisasi,Hackathon,Tidak Ada,Aktif
NIM00810,Lomba,Paduan Suara,Tidak Ada,Aktif
NIM01554,Organisasi,Paduan Suara,Juara 1,Aktif
NIM00131,UKM,Hackathon,Tidak Ada,Pasif
NIM01485,UKM,Hackathon,Juara 1,Pasif
NIM00269,Organisasi,Hackathon,Tidak Ada,Pasif
NIM00618,Organisasi,Basket,Tidak Ada,Pasif
NIM01693,UKM,Debat,Tidak Ada,Pasif
NIM00962,Lomba,Business Plan,Tidak Ada,Pasif
NIM01595,Organisasi,Basket,Juara 2,Pasif
NIM01628,UKM,Paduan Suara,Tidak Ada,Pasif
NIM01968,Lomba,Business Plan,Tidak Ada,Pasif
NIM01284,UKM,Hackathon,Tidak Ada,Pasif
NIM01075,Lomba,Paduan Suara,Tidak Ada,Aktif
NIM01157,UKM,Hackathon,Tidak Ada,Aktif
NIM01703,UKM,Hackathon,Tidak Ada,Pasif
NIM00809,Lomba,Hackathon,Tidak Ada,Pasif
NIM01029,Organisasi,Business Plan,Tidak Ada,Aktif
NIM00648,UKM,Paduan Suara,Tidak Ada,Pasif
NIM00738,Organisasi,Paduan Suara,Tidak Ada,Pasif
NIM00502,UKM,Hackathon,Tidak Ada,Pasif
NIM01208,Lomba,Basket,Juara 2,Pasif
NIM00409,Organisasi,Debat,Juara 1,Pasif
NIM01115,Lomba,Basket,Juara 2,Aktif
NIM01460,Lomba,Business Plan,Tidak Ada,Pasif
NIM00820,Organisasi,Debat,Tidak Ada,Aktif
NIM00903,Organisasi,Basket,Juara 2,Pasif
NIM00189,Organisasi,Paduan Suara,Tidak Ada,Pasif
NIM01504,Lomba,Basket,Juara 2,Pasif
NIM00981,Lomba,Hackathon,Tidak Ada,Aktif
NIM00815,Lomba,Business Plan,Tidak Ada,Aktif
NIM00383,Organisasi,Basket,Tidak Ada,Pasif
NIM00850,UKM,Basket,Juara 2,Aktif
NIM01346,Organisasi,Debat,Tidak Ada,Aktif
NIM01467,UKM,Hackathon,Tidak Ada,Aktif
NIM00490,Lomba,Debat,Tidak Ada,Pasif
NIM01157,UKM,Business Plan,Tidak Ada,Aktif
NIM01708,Organisasi,Business Plan,Tidak Ada,Aktif
NIM00426,Organisasi,Hackathon,Tidak Ada,Aktif
NIM00250,Organisasi,Debat,Tidak Ada,Pasif
NIM01085,UKM,Hackathon,Tidak Ada,Aktif
NIM01983,Organisasi,Debat,Juara 2,Aktif
NIM01586,UKM,Paduan Suara,Tidak Ada,Pasif
NIM01020,Lomba,Hackathon,Tidak Ada,Pasif
NIM01446,UKM,Business Plan,Tidak Ada,Pasif
NIM01500,Lomba,Debat,Tidak Ada,Aktif
NIM01247,UKM,Paduan Suara,Tidak Ada,Pasif
NIM01462,Lomba,Business Plan,Tidak Ada,Pasif
NIM00684,Organisasi,Debat,Tidak Ada,Aktif
NIM01944,UKM,Paduan Suara,Tidak Ada,Pasif
NIM01408,Lomba,Business Plan,Juara 1,Aktif
NIM00319,Organisasi,Business Plan,Tidak Ada,Pasif
NIM01020,Organisasi,Paduan Suara,Tidak Ada,Pasif
NIM00225,Lomba,Business Plan,Tidak Ada,Aktif
NIM00423,Lomba,Debat,Juara 1,Aktif
NIM00908,UKM,Debat,Tidak Ada,Aktif
NIM01215,Lomba,Business Plan,Juara 1,Aktif
NIM01895,Lomba,Basket,Juara 2,Pasif
NIM01801,Organisasi,Paduan Suara,Tidak Ada,Pasif
NIM01780,Lomba,Basket,Juara 2,Aktif
NIM00079,Lomba,Debat,Tidak Ada,Pasif
NIM00855,Lomba,Business Plan,Tidak Ada,Aktif
NIM01004,Organisasi,Hackathon,Juara 2,Pasif
NIM00365,Organisasi,Hackathon,Tidak Ada,Aktif
NIM00022,Organisasi,Basket,Juara 1,Aktif
NIM00548,Organisasi,Basket,Tidak Ada,Aktif
NIM00330,UKM,Basket,Juara 1,Aktif
NIM01180,Organisasi,Debat,Juara 1,Pasif
NIM00056,Organisasi,Debat,Tidak Ada,Aktif
NIM01891,UKM,Business Plan,Tidak Ada,Aktif
NIM01272,UKM,Debat,Tidak Ada,Pasif
NIM00925,UKM,Business Plan,Juara 2,Pasif
NIM00261,Lomba,Business Plan,Juara 2,Aktif
NIM01796,Organisasi,Basket,Tidak Ada,Pasif
NIM00435,Lomba,Hackathon,Tidak Ada,Pasif
NIM01551,UKM,Basket,Tidak Ada,Aktif
NIM01502,UKM,Debat,Tidak Ada,Aktif
NIM01724,UKM,Paduan Suara,Juara 2,Aktif
NIM00538,UKM,Debat,Juara 2,Pasif
NIM00535,Lomba,Hackathon,Tidak Ada,Pasif
NIM00381,UKM,Debat,Juara 2,Pasif
NIM00103,Organisasi,Hackathon,Juara 2,Aktif
NIM00029,Organisasi,Paduan Suara,Juara 2,Aktif
NIM01878,Organisasi,Paduan Suara,Tidak Ada,Pasif
NIM01507,Lomba,Business Plan,Juara 1,Aktif
NIM01081,UKM,Debat,Tidak Ada,Pasif
NIM01086,Lomba,Business Plan,Tidak Ada,Pasif
NIM00955,Organisasi,Basket,Juara 1,Aktif
NIM01072,UKM,Basket,Tidak Ada,Aktif
NIM01391,Lomba,Basket,Tidak Ada,Pasif
NIM00547,UKM,Basket,Tidak Ada,Aktif
NIM01582,UKM,Basket,Juara 2,Aktif
NIM01569,Lomba,Debat,Juara 1,Aktif
NIM00327,Organisasi,Business Plan,Tidak Ada,Aktif
NIM01762,Lomba,Business Plan,Tidak Ada,Aktif
NIM00266,Lomba,Hackathon,Juara 2,Aktif
NIM01752,Organisasi,Basket,Tidak Ada,Pasif
NIM00729,Lomba,Paduan Suara,Tidak Ada,Aktif
NIM01200,UKM,Hackathon,Juara 2,Pasif
NIM01068,Organisasi,Hackathon,Tidak Ada,Pasif
NIM00219,Lomba,Debat,Juara 2,Pasif
NIM00126,UKM,Hackathon,Tidak Ada,Aktif
NIM00882,Organisasi,Paduan Suara,Juara 2,Pasif
NIM01990,Lomba,Business Plan,Tidak Ada,Aktif
NIM01403,Organisasi,Hackathon,Juara 2,Pasif
NIM00319,UKM,Debat,Tidak Ada,Pasif
NIM01329,UKM,Basket,Juara 2,Pasif
NIM01224,Organisasi,Paduan Suara,Tidak Ada,Aktif
NIM00085,UKM,Basket,Juara 1,Pasif
NIM01065,UKM,Hackathon,Juara 2,Pasif
NIM00723,Organisasi,Business Plan,Juara 2,Aktif
NIM01890,Organisasi,Debat,Juara 1,Pasif
NIM01575,Lomba,Paduan Suara,Tidak Ada,Pasif
NIM01387,Lomba,Business Plan,Tidak Ada,Pasif
NIM01943,Organisasi,Paduan Suara,Tidak Ada,Pasif
NIM01293,UKM,Debat,Tidak Ada,Pasif
NIM00362,UKM,Debat,Juara 1,Pasif
NIM00367,Organisasi,Hackathon,Juara 2,Aktif
NIM01205,Organisasi,Paduan Suara,Tidak Ada,Pasif
NIM01255,Organisasi,Hackathon,Tidak Ada,Aktif
NIM00988,UKM,Paduan Suara,Tidak Ada,Aktif
NIM01094,Lomba,Paduan Suara,Tidak Ada,Aktif
NIM01849,Lomba,Basket,Juara 2,Aktif
NIM00588,UKM,Hackathon,Juara 2,Pasif
NIM00963,Lomba,Paduan Suara,Tidak Ada,Pasif
NIM01968,Organisasi,Paduan Suara,Tidak Ada,Aktif
NIM01812,Organisasi,Debat,Juara 1,Aktif
NIM00489,UKM,Basket,Tidak Ada,Pasif
NIM01258,UKM,Debat,Tidak Ada,Pasif
NIM01854,Organisasi,Hackathon,Tidak Ada,Pasif
NIM01453,Organisasi,Hackathon,Tidak Ada,Aktif
NIM00831,UKM,Paduan Suara,Juara 1,Aktif
NIM01672,UKM,Business Plan,Tidak Ada,Aktif
NIM00666,Organisasi,Debat,Tidak Ada,Pasif
NIM01318,Organisasi,Hackathon,Tidak Ada,Aktif
NIM01372,Lomba,Paduan Suara,Juara 2,Aktif
NIM01123,Lomba,Paduan Suara,Tidak Ada,Pasif
NIM00876,Organisasi,Debat,Juara 1,Pasif
NIM00361,UKM,Paduan Suara,Juara 1,Pasif
NIM01961,Lomba,Basket,Tidak Ada,Pasif
NIM01899,Lomba,Business Plan,Tidak Ada,Pasif
NIM00358,Organisasi,Debat,Tidak Ada,Aktif
NIM01154,UKM,Debat,Tidak Ada,Aktif
NIM01543,UKM,Debat,Tidak Ada,Pasif
NIM01407,Organisasi,Paduan Suara,Tidak Ada,Aktif
NIM01641,UKM,Paduan Suara,Tidak Ada,Pasif
NIM01945,Organisasi,Debat,Tidak Ada,Aktif
NIM01843,UKM,Debat,Tidak Ada,Pasif
NIM01586,Organisasi,Basket,Tidak Ada,Pasif
NIM00736,UKM,Hackathon,Tidak Ada,Aktif
NIM00064,Organisasi,Basket,Tidak Ada,Pasif
NIM01420,Organisasi,Debat,Tidak Ada,Pasif
NIM00181,UKM,Paduan Suara,Tidak Ada,Pasif
NIM00587,Organisasi,Paduan Suara,Tidak Ada,Aktif
NIM01802,Lomba,Debat,Tidak Ada,Aktif
NIM00189,UKM,Hackathon,Tidak Ada,Pasif
NIM01207,Organisasi,Business Plan,Juara 2,Aktif
NIM01891,UKM,Business Plan,Juara 1,Aktif
NIM01516,UKM,Basket,Tidak Ada,Pasif
NIM00580,Organisasi,Hackathon,Juara 2,Aktif
NIM00170,Lomba,Business Plan,Tidak Ada,Pasif
NIM00322,UKM,Hackathon,Tidak Ada,Pasif
NIM01196,Lomba,Paduan Suara,Tidak Ada,Pasif
NIM00284,Lomba,Paduan Suara,Juara 1,Pasif
NIM01643,Organisasi,Hackathon,Tidak Ada,Aktif
NIM00366,Organisasi,Debat,Tidak Ada,Pasif
NIM00111,UKM,Business Plan,Tidak Ada,Aktif
NIM00078,Organisasi,Business Plan,Tidak Ada,Aktif
NIM01722,UKM,Paduan Suara,Tidak Ada,Aktif
NIM00253,UKM,Basket,Tidak Ada,Pasif
NIM00236,Lomba,Business Plan,Tidak Ada,Pasif
NIM00093,Organisasi,Paduan Suara,Tidak Ada,Pasif
NIM01666,Organisasi,Paduan Suara,Tidak Ada,Pasif
NIM01719,UKM,Hackathon,Tidak Ada,Pasif
NIM01058,Lomba,Hackathon,Tidak Ada,Pasif
NIM01505,Organisasi,Hackathon,Tidak Ada,Pasif
NIM01428,Lomba,Basket,Juara 2,Aktif
NIM01839,Lomba,Business Plan,Tidak Ada,Aktif
NIM00222,UKM,Basket,Tidak Ada,Pasif
NIM01910,Organisasi,Basket,Tidak Ada,Pasif
NIM00896,Organisasi,Hackathon,Juara 2,Aktif
NIM01514,Organisasi,Paduan Suara,Juara 2,Pasif
NIM01818,Lomba,Debat,Tidak Ada,Aktif
NIM01364,Organisasi,Paduan Suara,Tidak Ada,Aktif
NIM01537,UKM,Paduan Suara,Juara 2,Pasif
NIM00961,Lomba,Paduan Suara,Tidak Ada,Pasif
NIM00985,Organisasi,Paduan Suara,Tidak Ada,Aktif
NIM01633,Lomba,Basket,Tidak Ada,Aktif
NIM01623,Lomba,Hackathon,Tidak Ada,Pasif
NIM00843,Lomba,Hackathon,Juara 2,Aktif
NIM00252,UKM,Paduan Suara,Tidak Ada,Pasif
NIM01388,Organisasi,Debat,Tidak Ada,Pasif
NIM01551,Organisasi,Business Plan,Tidak Ada,Pasif
NIM00142,Lomba,Paduan Suara,Juara 1,Pasif
NIM00311,Organisasi,Paduan Suara,Tidak Ada,Aktif
NIM01409,Lomba,Debat,Juara 2,Pasif
NIM01825,Lomba,Basket,Tidak Ada,Pasif
NIM00582,Lomba,Paduan Suara,Tidak Ada,Aktif
NIM01336,UKM,Debat,Tidak Ada,Aktif
NIM01303,Organisasi,Basket,Juara 2,Aktif
NIM01590,Lomba,Basket,Tidak Ada,Pasif
NIM00346,Organisasi,Paduan Suara,Tidak Ada,Aktif
NIM01411,UKM,Basket,Tidak Ada,Aktif
NIM00302,UKM,Paduan Suara,Juara 2,Pasif
NIM01788,Lomba,Paduan Suara,Juara 2,Aktif
NIM00507,UKM,Hackathon,Juara 2,Aktif
NIM00247,UKM,Business Plan,Tidak Ada,Aktif
NIM01670,UKM,Business Plan,Tidak Ada,Aktif
NIM00488,UKM,Hackathon,Juara 1,Pasif
NIM01780,UKM,Paduan Suara,Tidak Ada,Pasif
NIM01945,UKM,Debat,Tidak Ada,Pasif
NIM01263,Organisasi,Basket,Tidak Ada,Aktif
NIM01553,UKM,Hackathon,Tidak Ada,Aktif
NIM01948,Organisasi,Hackathon,Tidak Ada,Aktif
NIM00928,Lomba,Hackathon,Tidak Ada,Pasif
NIM01373,UKM,Hackathon,Tidak Ada,Aktif
NIM00791,UKM,Business Plan,Tidak Ada,Pasif
NIM01769,Organisasi,Paduan Suara,Tidak Ada,Pasif
NIM00912,UKM,Hackathon,Tidak Ada,Aktif
NIM01376,Organisasi,Hackathon,Tidak Ada,Aktif
NIM00154,Organisasi,Hackathon,Tidak Ada,Aktif
NIM01534,UKM,Debat,Tidak Ada,Pasif
NIM01953,Lomba,Debat,Tidak Ada,Aktif
NIM01210,Lomba,Basket,Tidak Ada,Aktif
NIM00944,Lomba,Paduan Suara,Juara 2,Aktif
NIM00595,Organisasi,Hackathon,Tidak Ada,Aktif
NIM01591,Organisasi,Basket,Tidak Ada,Aktif
NIM01449,UKM,Basket,Tidak Ada,Pasif
NIM00062,Organisasi,Paduan Suara,Juara 2,Aktif
NIM01425,Lomba,Debat,Tidak Ada,Pasif
NIM00870,UKM,Paduan Suara,Juara 2,Pasif
NIM01083,Lomba,Basket,Tidak Ada,Aktif
NIM01166,UKM,Paduan Suara,Juara 2,Pasif
NIM00466,Lomba,Debat,Tidak Ada,Pasif
NIM01173,UKM,Basket,Tidak Ada,Aktif
NIM01471,Lomba,Paduan Suara,Tidak Ada,Pasif
NIM01198,Organisasi,Hackathon,Tidak Ada,Pasif
NIM00311,Lomba,Hackathon,Juara 2,Pasif
NIM01086,UKM,Paduan Suara,Tidak Ada,Pasif
NIM01191,Lomba,Paduan Suara,Tidak Ada,Aktif
NIM01706,Organisasi,Debat,Juara 2,Pasif
NIM00816,UKM,Basket,Tidak Ada,Aktif
NIM00103,Organisasi,Paduan Suara,Tidak Ada,Pasif
NIM00028,Lomba,Basket,Juara 2,Pasif
NIM01620,UKM,Hackathon,Juara 1,Aktif
NIM00508,Lomba,Basket,Juara 1,Pasif
NIM00134,UKM,Business Plan,Tidak Ada,Pasif
NIM00059,Organisasi,Debat,Juara 2,Aktif
NIM01114,Organisasi,Debat,Juara 1,Aktif
NIM00070,Organisasi,Basket,Tidak Ada,Aktif
NIM01959,Lomba,Debat,Tidak Ada,Aktif
NIM00185,UKM,Basket,Tidak Ada,Aktif
NIM01462,Organisasi,Basket,Tidak Ada,Aktif
NIM00572,Lomba,Hackathon,Juara 2,Aktif
NIM01498,Lomba,Basket,Juara 1,Aktif
NIM01681,UKM,Debat,Juara 1,Pasif
NIM00168,Organisasi,Business Plan,Tidak Ada,Aktif
NIM00578,Lomba,Paduan Suara,Tidak Ada,Pasif
NIM01907,Organisasi,Debat,Tidak Ada,Pasif
NIM01148,UKM,Business Plan,Tidak Ada,Pasif
NIM01237,Organisasi,Debat,Tidak Ada,Aktif
NIM00182,Organisasi,Business Plan,Tidak Ada,Aktif
NIM00071,Lomba,Debat,Tidak Ada,Pasif
NIM00556,Lomba,Paduan Suara,Tidak Ada,Aktif
NIM00852,UKM,Hackathon,Tidak Ada,Aktif
NIM01219,UKM,Hackathon,Tidak Ada,Aktif
NIM01593,UKM,Paduan Suara,Tidak Ada,Aktif
NIM01316,Lomba,Debat,Tidak Ada,Pasif
NIM01081,UKM,Business Plan,Juara 2,Aktif
NIM01913,UKM,Basket,Juara 2,Pasif
NIM00683,Lomba,Debat,Tidak Ada,Aktif
NIM01324,UKM,Paduan Suara,Tidak Ada,Pasif
NIM00318,Lomba,Hackathon,Tidak Ada,Pasif
NIM01395,UKM,Hackathon,Tidak Ada,Aktif
NIM01107,Lomba,Debat,Tidak Ada,Aktif
NIM00829,Organisasi,Business Plan,Juara 1,Pasif
NIM00094,Lomba,Paduan Suara,Tidak Ada,Pasif
NIM00267,Lomba,Paduan Suara,Tidak Ada,Aktif
NIM01869,Lomba,Business Plan,Tidak Ada,Aktif
NIM01400,UKM,Business Plan,Juara 2,Aktif
NIM01185,Lomba,Debat,Tidak Ada,Aktif
NIM00614,Lomba,Debat,Tidak Ada,Pasif
NIM00502,UKM,Hackathon,Juara 2,Aktif
NIM01401,Organisasi,Hackathon,Tidak Ada,Aktif
NIM01136,Lomba,Business Plan,Tidak Ada,Aktif
NIM00578,UKM,Basket,Tidak Ada,Pasif
NIM01646,Organisasi,Basket,Tidak Ada,Aktif
NIM00632,Lomba,Basket,Juara 1,Pasif
NIM00279,Organisasi,Paduan Suara,Juara 1,Aktif
NIM00754,Lomba,Debat,Tidak Ada,Pasif
NIM01457,Lomba,Business Plan,Juara 2,Pasif
NIM01684,Organisasi,Hackathon,Tidak Ada,Aktif
NIM00242,Organisasi,Basket,Tidak Ada,Pasif
NIM01246,Organisasi,Hackathon,Tidak Ada,Pasif
NIM00783,Lomba,Debat,Tidak Ada,Aktif
NIM00962,Lomba,Business Plan,Juara 1,Pasif
NIM01310,UKM,Basket,Tidak Ada,Aktif
NIM00985,UKM,Basket,Tidak Ada,Aktif
NIM00004,UKM,Business Plan,Tidak Ada,Aktif
NIM00320,Lomba,Hackathon,Tidak Ada,Pasif
NIM01345,Organisasi,Debat,Juara 2,Pasif
NIM01032,UKM,Debat,Juara 2,Pasif
NIM01076,Lomba,Debat,Tidak Ada,Pasif
NIM01024,Organisasi,Hackathon,Tidak Ada,Aktif
NIM01166,UKM,Hackathon,Juara 1,Pasif
NIM01850,Organisasi,Basket,Tidak Ada,Aktif
NIM00779,Organisasi,Hackathon,Tidak Ada,Pasif
NIM00827,UKM,Paduan Suara,Tidak Ada,Pasif
NIM00280,UKM,Business Plan,Juara 2,Pasif
NIM01112,Lomba,Hackathon,Tidak Ada,Aktif
NIM01184,Organisasi,Debat,Juara 2,Aktif
NIM00985,UKM,Hackathon,Tidak Ada,Aktif
NIM01838,UKM,Basket,Juara 2,Aktif
NIM00028,Organisasi,Business Plan,Tidak Ada,Pasif
NIM01552,Organisasi,Business Plan,Tidak Ada,Pasif
NIM00810,Organisasi,Debat,Tidak Ada,Pasif
NIM01895,UKM,Business Plan,Tidak Ada,Pasif
NIM00272,UKM,Paduan Suara,Juara 2,Aktif
NIM01124,Lomba,Business Plan,Tidak Ada,Aktif
NIM01932,Organisasi,Debat,Tidak Ada,Aktif
NIM01228,UKM,Business Plan,Juara 2,Pasif
NIM00190,UKM,Hackathon,Tidak Ada,Pasif
NIM00546,Organisasi,Basket,Tidak Ada,Pasif
NIM00294,UKM,Hackathon,Tidak Ada,Pasif
NIM01919,Organisasi,Paduan Suara,Tidak Ada,Pasif
NIM01967,UKM,Paduan Suara,Juara 2,Pasif
NIM01999,Organisasi,Basket,Tidak Ada,Pasif
NIM01814,Organisasi,Basket,Tidak Ada,Aktif
NIM00848,UKM,Basket,Juara 1,Aktif
NIM01368,Organisasi,Basket,Tidak Ada,Pasif
NIM00771,Lomba,Business Plan,Tidak Ada,Pasif
NIM00769,Lomba,Hackathon,Juara 2,Pasif
NIM00053,Organisasi,Paduan Suara,Tidak Ada,Pasif
NIM01728,Lomba,Business Plan,Tidak Ada,Aktif
NIM00684,UKM,Basket,Tidak Ada,Aktif
NIM01071,UKM,Debat,Juara 2,Pasif
NIM01011,Organisasi,Debat,Tidak Ada,Aktif
NIM01446,UKM,Hackathon,Juara 2,Aktif
NIM00703,UKM,Paduan Suara,Tidak Ada,Pasif
NIM00883,Lomba,Paduan Suara,Tidak Ada,Aktif
NIM00465,UKM,Hackathon,Tidak Ada,Pasif
NIM00553,UKM,Basket,Tidak Ada,Pasif
NIM00917,Lomba,Basket,Tidak Ada,Pasif
NIM01453,Organisasi,Paduan Suara,Tidak Ada,Pasif
NIM01008,Organisasi,Paduan Suara,Tidak Ada,Aktif
NIM01421,Lomba,Paduan Suara,Tidak Ada,Pasif
NIM00194,Lomba,Basket,Tidak Ada,Pasif
NIM00066,UKM,Debat,Tidak Ada,Aktif
NIM00555,UKM,Hackathon,Tidak Ada,Pasif
NIM01726,Organisasi,Hackathon,Tidak Ada,Aktif
NIM00601,Organisasi,Business Plan,Tidak Ada,Aktif
NIM01500,Lomba,Business Plan,Juara 2,Pasif
NIM01712,UKM,Debat,Tidak Ada,Pasif
NIM01905,Lomba,Paduan Suara,Tidak Ada,Aktif
NIM01050,Organisasi,Debat,Tidak Ada,Aktif
NIM01123,Organisasi,Business Plan,Tidak Ada,Pasif
NIM00476,Lomba,Business Plan,Juara 1,Pasif
NIM00573,UKM,Hackathon,Juara 2,Pasif
NIM01917,UKM,Debat,Tidak Ada,Pasif
NIM00762,Lomba,Basket,Juara 1,Pasif
NIM00887,Organisasi,Business Plan,Juara 2,Pasif
NIM00830,Lomba,Hackathon,Tidak Ada,Pasif
NIM01761,Lomba,Paduan Suara,Tidak Ada,Pasif
NIM00082,UKM,Debat,Tidak Ada,Aktif
NIM01422,Organisasi,Business Plan,Tidak Ada,Aktif
NIM01718,Organisasi,Basket,Juara 2,Aktif
NIM01961,UKM,Business Plan,Tidak Ada,Aktif
NIM00700,Organisasi,Basket,Juara 2,Pasif
NIM01417,Organisasi,Debat,Juara 2,Pasif
NIM00044,UKM,Basket,Tidak Ada,Pasif
NIM00824,Organisasi,Basket,Juara 1,Aktif
NIM01502,Organisasi,Hackathon,Tidak Ada,Aktif
NIM01795,Lomba,Debat,Tidak Ada,Pasif
NIM00610,Organisasi,Business Plan,Juara 2,Aktif
NIM01889,Lomba,Paduan Suara,Tidak Ada,Pasif
NIM01115,Lomba,Debat,Tidak Ada,Pasif
NIM01851,Lomba,Debat,Tidak Ada,Aktif
NIM01353,UKM,Paduan Suara,Tidak Ada,Aktif
NIM01677,UKM,Business Plan,Juara 2,Pasif
NIM01438,Organisasi,Hackathon,Tidak Ada,Aktif
NIM01845,Lomba,Business Plan,Tidak Ada,Pasif
NIM01788,Organisasi,Paduan Suara,Tidak Ada,Pasif
NIM00720,Organisasi,Business Plan,Tidak Ada,Pasif
NIM00691,Organisasi,Debat,Tidak Ada,Pasif
NIM01834,Organisasi,Hackathon,Juara 1,Aktif
NIM01946,Organisasi,Basket,Tidak Ada,Pasif
NIM00699,Lomba,Business Plan,Tidak Ada,Aktif
NIM00837,Lomba,Basket,Tidak Ada,Pasif
NIM00110,Lomba,Hackathon,Tidak Ada,Aktif
NIM00219,Lomba,Basket,Tidak Ada,Pasif
NIM00463,UKM,Business Plan,Juara 1,Pasif
NIM00860,Lomba,Paduan Suara,Tidak Ada,Aktif
NIM00515,Lomba,Debat,Tidak Ada,Pasif
NIM01577,Lomba,Debat,Juara 2,Pasif
NIM00637,UKM,Basket,Juara 2,Pasif
NIM01281,Organisasi,Debat,Tidak Ada,Pasif
NIM01217,UKM,Debat,Tidak Ada,Aktif
NIM00627,Lomba,Paduan Suara,Tidak Ada,Aktif
NIM00070,Lomba,Basket,Juara 2,Pasif
NIM00459,UKM,Paduan Suara,Tidak Ada,Pasif
NIM01406,Organisasi,Paduan Suara,Tidak Ada,Pasif
NIM01842,UKM,Hackathon,Tidak Ada,Aktif
NIM01518,UKM,Basket,Tidak Ada,Pasif
NIM01872,Lomba,Paduan Suara,Tidak Ada,Aktif
NIM00097,UKM,Business Plan,Tidak Ada,Aktif
NIM01752,UKM,Debat,Tidak Ada,Aktif
NIM01851,UKM,Basket,Tidak Ada,Aktif
NIM00224,UKM,Hackathon,Tidak Ada,Pasif
NIM01866,UKM,Paduan Suara,Tidak Ada,Pasif
NIM00831,UKM,Business Plan,Tidak Ada,Aktif
NIM01305,Lomba,Debat,Tidak Ada,Aktif
NIM01930,Lomba,Debat,Tidak Ada,Pasif
NIM01357,Lomba,Business Plan,Tidak Ada,Pasif
NIM01916,Lomba,Basket,Tidak Ada,Pasif
NIM00641,UKM,Debat,Tidak Ada,Pasif
NIM01635,UKM,Debat,Tidak Ada,Aktif
NIM01806,UKM,Debat,Tidak Ada,Pasif
NIM01429,UKM,Paduan Suara,Juara 2,Aktif
NIM00496,Lomba,Paduan Suara,Tidak Ada,Pasif
NIM01783,Lomba,Debat,Tidak Ada,Aktif
NIM01210,UKM,Hackathon,Tidak Ada,Pasif
NIM01780,UKM,Debat,Juara 2,Pasif
NIM01062,UKM,Basket,Tidak Ada,Pasif
NIM00769,UKM,Hackathon,Tidak Ada,Pasif
NIM01876,Organisasi,Basket,Tidak Ada,Aktif
NIM00760,Organisasi,Business Plan,Tidak Ada,Pasif
NIM01669,Organisasi,Business Plan,Juara 2,Pasif
NIM00488,Organisasi,Paduan Suara,Juara 2,Aktif
NIM00556,UKM,Paduan Suara,Tidak Ada,Aktif
NIM00992,UKM,Paduan Suara,Tidak Ada,Aktif
NIM01729,UKM,Business Plan,Tidak Ada,Aktif
NIM01530,Organisasi,Basket,Tidak Ada,Pasif
NIM00489,Organisasi,Hackathon,Tidak Ada,Pasif
NIM00057,UKM,Paduan Suara,Juara 2,Pasif
NIM00512,Organisasi,Business Plan,Tidak Ada,Pasif
NIM01272,Lomba,Paduan Suara,Tidak Ada,Aktif
NIM00104,Organisasi,Debat,Tidak Ada,Pasif
NIM00557,Organisasi,Hackathon,Juara 2,Aktif
NIM00060,Organisasi,Basket,Juara 2,Pasif
NIM01602,Organisasi,Paduan Suara,Juara 2,Aktif
NIM00735,UKM,Debat,Tidak Ada,Aktif
NIM01583,Lomba,Debat,Tidak Ada,Aktif
NIM01262,UKM,Hackathon,Tidak Ada,Aktif
NIM00371,Organisasi,Business Plan,Juara 1,Aktif
NIM00026,Organisasi,Business Plan,Juara 1,Aktif
NIM00393,Organisasi,Paduan Suara,Tidak Ada,Aktif
NIM01843,Organisasi,Paduan Suara,Tidak Ada,Aktif
NIM00606,Organisasi,Business Plan,Tidak Ada,Pasif
NIM00110,Lomba,Basket,Juara 2,Aktif
NIM01416,UKM,Basket,Tidak Ada,Pasif
NIM00773,Organisasi,Debat,Tidak Ada,Aktif
NIM00254,Lomba,Hackathon,Juara 2,Pasif
NIM01831,UKM,Basket,Tidak Ada,Pasif
NIM01860,UKM,Paduan Suara,Juara 2,Aktif
NIM01576,UKM,Basket,Juara 2,Pasif
NIM01828,Organisasi,Hackathon,Tidak Ada,Pasif
NIM00917,Organisasi,Paduan Suara,Tidak Ada,Pasif
NIM00766,Lomba,Hackathon,Tidak Ada,Aktif
NIM01121,Lomba,Business Plan,Tidak Ada,Aktif
NIM00538,UKM,Hackathon,Tidak Ada,Aktif
NIM01128,Organisasi,Hackathon,Juara 2,Aktif
NIM00615,UKM,Hackathon,Juara 2,Pasif
NIM00587,UKM,Paduan Suara,Tidak Ada,Pasif
NIM00597,Lomba,Hackathon,Juara 2,Pasif
NIM01520,Organisasi,Hackathon,Tidak Ada,Pasif
NIM01238,Lomba,Debat,Tidak Ada,Aktif
NIM00113,Organisasi,Paduan Suara,Juara 2,Aktif
NIM01336,UKM,Hackathon,Tidak Ada,Aktif
NIM00569,UKM,Basket,Juara 2,Aktif
NIM00955,UKM,Hackathon,Juara 2,Pasif
NIM00896,Organisasi,Basket,Juara 2,Pasif
NIM01125,UKM,Business Plan,Tidak Ada,Pasif
NIM00762,Organisasi,Business Plan,Tidak Ada,Aktif
NIM01671,Organisasi,Paduan Suara,Tidak Ada,Pasif
NIM00938,Lomba,Paduan Suara,Tidak Ada,Pasif
NIM00653,UKM,Business Plan,Juara 2,Pasif
NIM00084,Lomba,Paduan Suara,Tidak Ada,Pasif
NIM00719,Organisasi,Basket,Tidak Ada,Pasif
NIM01766,UKM,Basket,Juara 2,Pasif
NIM01954,UKM,Debat,Juara 2,Aktif
NIM00868,Organisasi,Paduan Suara,Tidak Ada,Pasif
NIM00949,UKM,Paduan Suara,Tidak Ada,Aktif
NIM00302,Organisasi,Debat,Tidak Ada,Aktif
NIM01977,UKM,Hackathon,Juara 2,Aktif
NIM01597,UKM,Basket,Tidak Ada,Pasif
NIM01241,Organisasi,Hackathon,Tidak Ada,Pasif
NIM00568,Lomba,Debat,Tidak Ada,Aktif
NIM00541,Organisasi,Paduan Suara,Juara 2,Pasif
NIM01647,UKM,Hackathon,Tidak Ada,Pasif
NIM00092,Organisasi,Paduan Suara,Tidak Ada,Pasif
NIM00654,Organisasi,Debat,Tidak Ada,Aktif
NIM01476,Organisasi,Business Plan,Tidak Ada,Pasif
NIM00614,UKM,Paduan Suara,Tidak Ada,Pasif
NIM00071,Lomba,Hackathon,Juara 2,Aktif
NIM01549,Lomba,Hackathon,Tidak Ada,Aktif
NIM01425,UKM,Debat,Juara 2,Pasif
NIM00669,Lomba,Hackathon,Juara 1,Pasif
NIM00081,Organisasi,Basket,Tidak Ada,Aktif
NIM01124,Organisasi,Paduan Suara,Tidak Ada,Aktif
NIM00595,Lomba,Basket,Juara 2,Aktif
NIM00218,Lomba,Debat,Tidak Ada,Pasif
NIM00884,Lomba,Basket,Tidak Ada,Pasif
NIM00749,Organisasi,Basket,Tidak Ada,Pasif
NIM00125,Organisasi,Paduan Suara,Juara 1,Pasif
NIM00201,UKM,Paduan Suara,Tidak Ada,Pasif
NIM01026,UKM,Business Plan,Juara 2,Pasif
NIM00574,Organisasi,Basket,Juara 2,Aktif
NIM01044,Organisasi,Paduan Suara,Tidak Ada,Pasif
NIM00983,UKM,Basket,Tidak Ada,Pasif
NIM00722,UKM,Basket,Juara 2,Aktif
NIM00952,Organisasi,Debat,Tidak Ada,Aktif
NIM01882,Lomba,Debat,Juara 2,Aktif
NIM00180,Organisasi,Basket,Juara 2,Aktif
NIM01433,Lomba,Debat,Tidak Ada,Aktif
NIM01086,Organisasi,Paduan Suara,Tidak Ada,Aktif
NIM00273,UKM,Basket,Tidak Ada,Aktif
NIM00807,UKM,Debat,Tidak Ada,Aktif
NIM01777,UKM,Paduan Suara,Tidak Ada,Aktif
NIM00763,Organisasi,Basket,Tidak Ada,Pasif
NIM01034,Organisasi,Basket,Juara 2,Pasif
NIM00699,Organisasi,Debat,Juara 2,Pasif
NIM00921,Lomba,Paduan Suara,Tidak Ada,Aktif
NIM00622,Organisasi,Basket,Tidak Ada,Pasif
NIM00540,Lomba,Basket,Tidak Ada,Aktif
NIM00986,Lomba,Business Plan,Juara 2,Aktif
NIM00460,Lomba,Basket,Tidak Ada,Aktif
NIM01085,UKM,Business Plan,Tidak Ada,Aktif
NIM01082,Lomba,Business Plan,Tidak Ada,Pasif
NIM00300,Lomba,Paduan Suara,Tidak Ada,Pasif
NIM00497,UKM,Hackathon,Juara 2,Aktif
NIM01363,Lomba,Business Plan,Juara 2,Pasif
NIM01276,Organisasi,Paduan Suara,Juara 1,Pasif
NIM01431,Organisasi,Debat,Tidak Ada,Aktif
NIM01998,UKM,Business Plan,Tidak Ada,Pasif
NIM01280,UKM,Hackathon,Tidak Ada,Pasif
NIM01405,Lomba,Debat,Tidak Ada,Pasif
NIM01169,Lomba,Business Plan,Tidak Ada,Aktif
NIM00591,Lomba,Business Plan,Tidak Ada,Pasif
NIM00341,UKM,Hackathon,Tidak Ada,Pasif
NIM01830,Lomba,Basket,Juara 2,Aktif
NIM01822,Organisasi,Hackathon,Tidak Ada,Pasif
NIM00403,Organisasi,Paduan Suara,Juara 2,Pasif
NIM00288,Lomba,Paduan Suara,Tidak Ada,Aktif
NIM00989,UKM,Hackathon,Tidak Ada,Aktif
NIM00214,Organisasi,Hackathon,Juara 2,Pasif
NIM00532,UKM,Hackathon,Juara 2,Aktif
NIM00870,Organisasi,Hackathon,Juara 2,Pasif
NIM00742,Lomba,Hackathon,Tidak Ada,Aktif
NIM01600,Lomba,Business Plan,Juara 2,Aktif
NIM01572,UKM,Debat,Tidak Ada,Aktif
NIM01985,Lomba,Paduan Suara,Tidak Ada,Pasif
NIM00211,UKM,Paduan Suara,Tidak Ada,Pasif
NIM00171,UKM,Debat,Juara 2,Aktif
NIM00538,Organisasi,Hackathon,Tidak Ada,Aktif
NIM01287,Organisasi,Debat,Tidak Ada,Pasif
NIM00802,Lomba,Hackathon,Tidak Ada,Aktif
NIM00676,UKM,Paduan Suara,Tidak Ada,Aktif
NIM00390,Organisasi,Basket,Tidak Ada,Aktif
NIM00421,Lomba,Paduan Suara,Juara 2,Pasif
NIM00062,Lomba,Paduan Suara,Tidak Ada,Pasif
NIM00086,Organisasi,Basket,Tidak Ada,Aktif
NIM01013,Lomba,Debat,Tidak Ada,Aktif
NIM01609,Organisasi,Business Plan,Juara 1,Pasif
NIM00491,UKM,Hackathon,Juara 1,Pasif
NIM00896,Lomba,Hackathon,Tidak Ada,Aktif
NIM00060,UKM,Paduan Suara,Juara 2,Aktif
NIM00477,Organisasi,Basket,Tidak Ada,Aktif
NIM00320,UKM,Paduan Suara,Juara 2,Pasif
NIM00690,Organisasi,Paduan Suara,Tidak Ada,Aktif
NIM00052,Lomba,Debat,Tidak Ada,Pasif
NIM00657,Lomba,Hackathon,Tidak Ada,Aktif
NIM00828,Lomba,Business Plan,Tidak Ada,Aktif
NIM01101,UKM,Basket,Juara 2,Aktif
NIM00119,UKM,Business Plan,Juara 2,Pasif
NIM00721,UKM,Basket,Tidak Ada,Pasif
NIM01206,Organisasi,Hackathon,Tidak Ada,Aktif
NIM00506,Lomba,Debat,Tidak Ada,Aktif
NIM01674,UKM,Business Plan,Juara 2,Aktif
NIM00637,Organisasi,Basket,Tidak Ada,Pasif
NIM00153,UKM,Paduan Suara,Juara 1,Aktif
NIM01042,Organisasi,Hackathon,Tidak Ada,Aktif
NIM01088,Lomba,Debat,Tidak Ada,Pasif
NIM00497,UKM,Paduan Suara,Tidak Ada,Pasif
NIM01772,Lomba,Debat,Tidak Ada,Aktif
NIM00079,UKM,Basket,Juara 2,Pasif
NIM00059,Organisasi,Paduan Suara,Tidak Ada,Pasif
NIM01435,Lomba,Debat,Juara 1,Pasif
NIM00763,UKM,Hackathon,Tidak Ada,Pasif
NIM00826,UKM,Business Plan,Tidak Ada,Pasif
NIM01085,Lomba,Business Plan,Juara 1,Pasif
NIM01491,Organisasi,Paduan Suara,Tidak Ada,Pasif
NIM01654,Lomba,Hackathon,Tidak Ada,Pasif
NIM01103,UKM,Hackathon,Tidak Ada,Aktif
NIM01773,Lomba,Debat,Tidak Ada,Aktif
NIM01863,Lomba,Paduan Suara,Tidak Ada,Pasif
NIM01707,Organisasi,Hackathon,Tidak Ada,Pasif
NIM01512,Organisasi,Debat,Tidak Ada,Aktif
NIM00244,Lomba,Hackathon,Tidak Ada,Aktif
NIM00208,Organisasi,Paduan Suara,Juara 1,Aktif
NIM00856,Organisasi,Hackathon,Juara 2,Aktif
NIM01111,UKM,Hackathon,Juara 1,Aktif
NIM01675,Organisasi,Hackathon,Juara 2,Pasif
NIM00600,Lomba,Business Plan,Juara 1,Pasif
NIM00645,Lomba,Basket,Tidak Ada,Aktif
NIM01978,UKM,Paduan Suara,Juara 2,Pasif
NIM00039,UKM,Business Plan,Tidak Ada,Aktif
NIM01200,UKM,Basket,Tidak Ada,Aktif
NIM00478,Lomba,Hackathon,Tidak Ada,Pasif
NIM01616,Lomba,Hackathon,Tidak Ada,Pasif
NIM00020,Organisasi,Business Plan,Juara 2,Pasif
NIM00221,UKM,Debat,Tidak Ada,Pasif
NIM01873,Organisasi,Paduan Suara,Tidak Ada,Aktif
NIM00275,Organisasi,Basket,Tidak Ada,Pasif
NIM01724,Lomba,Hackathon,Juara 1,Aktif
NIM01178,Organisasi,Paduan Suara,Tidak Ada,Pasif
NIM00463,UKM,Hackathon,Tidak Ada,Pasif
NIM01433,UKM,Hackathon,Tidak Ada,Aktif
NIM01679,Lomba,Hackathon,Juara 2,Aktif
NIM00251,Lomba,Paduan Suara,Tidak Ada,Aktif
NIM00212,Lomba,Business Plan,Tidak Ada,Pasif
NIM01502,UKM,Paduan Suara,Tidak Ada,Aktif
NIM01685,Lomba,Paduan Suara,Tidak Ada,Pasif
NIM00687,UKM,Debat,Juara 2,Aktif
NIM00419,Organisasi,Debat,Juara 2,Aktif
NIM01196,Lomba,Business Plan,Juara 1,Pasif
NIM00507,Lomba,Debat,Juara 2,Pasif
NIM00646,Lomba,Business Plan,Juara 2,Aktif
NIM01652,UKM,Hackathon,Juara 2,Aktif
NIM00869,Organisasi,Hackathon,Juara 2,Pasif
NIM01227,Lomba,Paduan Suara,Tidak Ada,Pasif
NIM01943,Organisasi,Hackathon,Tidak Ada,Aktif
NIM00492,Lomba,Debat,Tidak Ada,Aktif
NIM00295,UKM,Basket,Tidak Ada,Pasif
NIM00457,Organisasi,Paduan Suara,Tidak Ada,Aktif
NIM01170,Organisasi,Business Plan,Tidak Ada,Aktif
NIM01262,Lomba,Hackathon,Juara 2,Pasif
NIM00740,Organisasi,Paduan Suara,Tidak Ada,Aktif
NIM01791,UKM,Paduan Suara,Tidak Ada,Pasif
NIM00424,Organisasi,Paduan Suara,Tidak Ada,Pasif
