NIM00992,6,Matematika,8,86.44
NIM01949,8,Kimia,5,71.36
NIM00163,6,Fisika,7,51.24
NIM00977,1,Fisika,15,53.3
NIM01356,2,Ekonomi,11,82.43
NIM01688,2,Fisika,5,98.24
NIM00350,7,Pemrograman,9,77.59
NIM01772,5,Ekonomi,5,75.34
NIM00670,1,Kimia,10,65.92
NIM01492,3,Ekonomi,13,62.83
NIM00426,4,Kimia,7,51.05
NIM00327,4,Fisika,15,63.65
NIM01130,2,Matematika,15,72.46
NIM01842,7,Ekonomi,10,59.9
NIM00255,8,Ekonomi,8,54.37
NIM00358,1,Pemrograman,10,85.89
NIM01991,3,Pemrograman,6,94.73
NIM00444,4,Kimia,8,96.84
NIM00113,1,Matematika,11,80.9
NIM01054,3,Pemrograman,15,52.64
NIM00524,6,Pemrograman,10,87.04
NIM00689,2,Fisika,13,55.5
NIM00991,5,Fisika,15,83.49
NIM01874,4,Pemrograman,11,88.97
NIM00046,4,Kimia,5,86.29
NIM01195,3,Matematika,10,97.59
NIM01154,5,Pemrograman,15,86.91
NIM00757,8,Kimia,7,84.66
NIM01377,6,Kimia,12,63.09
NIM01227,1,Pemrograman,5,96.24
NIM01250,2,Kimia,14,58.98
NIM01104,1,Ekonomi,6,95.24
NIM01334,3,Kimia,7,65.63
NIM01059,8,Pemrograman,7,56.51
NIM00564,8,Kimia,11,91.33
NIM00161,4,Pemrograman,12,50.12
NIM01620,6,Fisika,13,91.6
NIM00840,4,Pemrograman,11,63.12
NIM01459,1,Kimia,12,94.24
NIM00538,6,Pemrograman,15,84.57
NIM00225,7,Matematika,10,83.31
NIM01470,2,Pemrograman,6,68.27
NIM01341,3,Pemrograman,5,52.97
NIM01690,2,Matematika,7,91.5
NIM01829,8,Matematika,13,58.55
NIM01438,3,Matematika,11,68.61
NIM00095,8,Ekonomi,6,80.02
NIM01249,2,Pemrograman,5,74.11
NIM01803,7,Matematika,6,59.93
NIM00949,1,Matematika,7,57.03
NIM00553,5,Fisika,10,56.16
NIM00645,6,Ekonomi,13,93.15
NIM00066,3,Pemrograman,12,51.58
NIM01421,1,Kimia,14,98.85
NIM01983,4,Ekonomi,13,59.93
NIM01234,4,Ekonomi,15,55.52
NIM01498,2,Fisika,15,78.85
NIM00665,8,Pemrograman,12,54
NIM00684,4,Pemrograman,11,80.12
NIM00910,8,Matematika,10,92.53
NIM00837,5,Matematika,12,52.39
NIM00571,3,Ekonomi,10,89.99
NIM00696,2,Fisika,6,69.72
NIM01514,3,Pemrograman,13,57.97
NIM00180,3,Fisika,13,58.8
NIM00834,7,Kimia,7,95.94
NIM01860,1,Pemrograman,13,55.53
NIM01548,4,Matematika,6,93.34
NIM01483,6,Ekonomi,7,77.21
NIM01092,3,Fisika,10,51.95
NIM01963,8,Matematika,8,73.22
NIM01353,5,Ekonomi,12,90.87
NIM00202,7,Matematika,5,86.31
NIM01499,8,Pemrograman,10,74.44
NIM01542,5,Fisika,6,93
NIM01039,8,Kimia,10,56.02
NIM01066,6,Matematika,5,95.5
NIM00543,4,Fisika,6,92.32
NIM00982,4,Pemrograman,13,85.41
NIM01717,2,Matematika,10,90.89
NIM00774,2,Pemrograman,12,77.19
NIM01313,8,Kimia,11,83.76
NIM01949,2,Kimia,13,78.03
NIM01557,4,Ekonomi,13,67.77
NIM01916,3,Ekonomi,15,78.44
NIM00694,8,Ekonomi,8,62.87
NIM01720,1,Pemrograman,11,72.01
NIM01268,6,Ekonomi,9,64.04
NIM01886,7,Fisika,11,56.14
NIM01685,6,Pemrograman,8,66.09
NIM01792,6,Pemrograman,14,92.6
NIM00612,2,Ekonomi,15,69.05
NIM01591,1,Ekonomi,15,87.4
NIM01722,5,Pemrograman,5,58.76
NIM01856,4,Kimia,8,71.22
NIM01622,5,Kimia,14,55.74
NIM01198,2,Ekonomi,7,56.93
NIM01558,3,Kimia,13,80.87
NIM01533,7,Fisika,9,80.37
NIM00244,7,Fisika,8,60.67
NIM00060,2,Fisika,12,73.72
NIM00104,1,Pemrograman,9,93.17
NIM00651,7,Pemrograman,7,58.71
NIM01327,2,Pemrograman,6,50.96
NIM01695,6,Pemrograman,12,82.6
NIM01011,3,Pemrograman,6,52.67
NIM01768,3,Ekonomi,12,99
NIM00077,4,Kimia,9,80.48
NIM01042,4,Ekonomi,12,73.52
NIM01558,6,Kimia,9,71.5
NIM01208,8,Ekonomi,5,78.65
NIM01681,8,Fisika,15,54.53
NIM01574,3,Matematika,15,96.5
NIM01305,8,Pemrograman,6,81.28
NIM01312,6,Matematika,10,59.2
NIM01679,3,Matematika,7,78.13
NIM01549,8,Fisika,12,56.66
NIM00698,8,Matematika,9,50.88
NIM01498,8,Matematika,7,81.53
NIM00946,1,Fisika,14,82.42
NIM00267,8,Kimia,11,79.18
NIM00781,8,Ekonomi,12,59.17
NIM00609,2,Matematika,8,80.17
NIM00946,4,Pemrograman,15,52.83
NIM01381,1,Fisika,13,80.46
NIM01830,7,Matematika,10,77.7
NIM01025,8,Kimia,5,82.76
NIM01831,8,Kimia,9,94.77
NIM01051,2,Pemrograman,9,92.52
NIM00548,8,Matematika,11,99.03
NIM00160,8,Pemrograman,11,98.81
NIM00937,8,Kimia,10,88.62
NIM00399,4,Kimia,12,97.82
NIM00543,7,Ekonomi,6,93.36
NIM00127,6,Kimia,11,86.38
NIM01798,7,Fisika,14,53.77
NIM01881,1,Ekonomi,11,52.45
NIM01009,8,Pemrograman,8,91.88
NIM00948,5,Kimia,14,74.48
NIM00210,7,Fisika,6,90.73
NIM00150,5,Ekonomi,8,65.65
NIM00031,4,Fisika,8,69.88
NIM00612,1,Ekonomi,10,85.01
NIM01865,7,Ekonomi,11,95.77
NIM00302,8,Ekonomi,7,54.39
NIM00963,2,Pemrograman,14,93.07
NIM00865,7,Ekonomi,5,89.65
NIM01755,8,Ekonomi,7,65.78
NIM00765,2,Fisika,13,67.76
NIM00683,1,Ekonomi,5,52.32
NIM00257,5,Pemrograman,12,50.79
NIM00940,1,Fisika,6,73.85
NIM01081,8,Ekonomi,10,54.78
NIM00009,5,Fisika,7,59.7
NIM01029,5,Pemrograman,11,92.34
NIM00847,6,Fisika,6,78.55
NIM01138,6,Pemrograman,8,81.68
NIM00777,2,Kimia,14,59.37
NIM00685,4,Ekonomi,13,91.43
NIM00732,3,Pemrograman,10,93.4
NIM01229,1,Ekonomi,8,76.17
NIM00024,5,Pemrograman,6,95.63
NIM00493,8,Matematika,14,92.24
NIM00970,1,Matematika,13,86.57
NIM01706,4,Matematika,8,86.7
NIM01430,8,Pemrograman,13,55.27
NIM00103,4,Ekonomi,6,63.54
NIM01084,3,Matematika,11,53.34
NIM01110,8,Ekonomi,15,50.43
NIM00767,7,Pemrograman,15,57.92
NIM01023,3,Ekonomi,9,94.02
NIM01701,5,Ekonomi,12,61.99
NIM00372,6,Matematika,15,98.51
NIM00679,7,Fisika,12,79.86
NIM00596,3,Kimia,8,61.86
NIM01994,6,Pemrograman,8,74.86
NIM00202,7,Pemrograman,12,60.95
NIM01626,6,Pemrograman,7,99.2
NIM00089,5,Kimia,11,92.36
NIM00437,8,Fisika,12,51.31
NIM00120,2,Ekonomi,12,97.39
NIM00156,8,Pemrograman,15,86.05
NIM01997,6,Ekonomi,14,54.12
NIM00399,8,Matematika,8,83.53
NIM01724,5,Matematika,13,82.35
NIM00188,3,Matematika,14,60.94
NIM01798,1,Pemrograman,8,87.92
NIM01076,3,Kimia,12,54.35
NIM00652,8,Pemrograman,10,74.47
NIM01555,4,Matematika,9,50.5
NIM01504,3,Matematika,8,98.44
NIM00587,2,Pemrograman,9,87.58
NIM00230,5,Kimia,15,57.94
NIM01505,6,Kimia,5,67.08
NIM01154,4,Ekonomi,11,58.03
NIM00055,5,Fisika,12,88.33
NIM00271,5,Matematika,13,52.94
NIM01984,6,Kimia,7,92.02
NIM01124,7,Matematika,13,97.11
NIM01093,3,Fisika,14,83.83
NIM01935,1,Matematika,9,60.65
NIM01323,7,Kimia,14,68
NIM00970,4,Ekonomi,10,73.86
NIM01553,6,Pemrograman,5,80.23
NIM01378,2,Pemrograman,13,83.43
NIM01652,2,Kimia,13,77.71
NIM01176,1,Kimia,10,67.57
NIM00330,1,Fisika,12,94.55
NIM00116,3,Matematika,8,54.07
NIM01566,2,Fisika,9,73.31
NIM00323,4,Pemrograman,9,88.78
NIM00563,8,Matematika,11,53.04
NIM01596,6,Fisika,11,85.27
NIM00229,1,Pemrograman,11,90.99
NIM01795,1,Matematika,9,83.04
NIM00360,1,Ekonomi,8,50.65
NIM01029,8,Ekonomi,12,59.01
NIM00028,6,Fisika,5,67.11
NIM01790,4,Kimia,5,61.68
NIM01388,2,Matematika,10,98.13
NIM01486,8,Fisika,6,82.58
NIM01255,8,Kimia,7,64.85
NIM01419,7,Kimia,8,96.48
NIM01992,4,Matematika,6,87.03
NIM00869,6,Matematika,14,64.23
NIM01736,4,Kimia,11,68.94
NIM01868,3,Pemrograman,14,59.97
NIM01295,7,Fisika,5,98.55
NIM01875,6,Matematika,7,75.86
NIM01328,7,Kimia,6,94.8
NIM01407,7,Pemrograman,13,67.32
NIM01582,1,Ekonomi,12,93.04
NIM00028,2,Kimia,7,52.69
NIM01543,7,Pemrograman,9,99.1
NIM00744,3,Ekonomi,7,95.6
NIM01223,3,Pemrograman,15,68.16
NIM01630,6,Matematika,15,88.74
NIM01106,5,Kimia,15,87.61
NIM01112,8,Ekonomi,10,95.06
NIM01414,1,Pemrograman,9,65.36
NIM01722,2,Ekonomi,15,73.28
NIM01779,2,Fisika,6,93.25
NIM00580,2,Kimia,14,88.93
NIM01847,8,Matematika,12,69.67
NIM00451,6,Ekonomi,10,92.29
NIM00433,1,Pemrograman,7,52.35
NIM00374,7,Ekonomi,5,89.1
NIM00435,7,Pemrograman,9,60.34
NIM01211,6,Ekonomi,15,64.31
NIM01775,2,Matematika,6,74.66
NIM01414,8,Matematika,6,72.49
NIM00218,7,Kimia,13,76.03
NIM01132,4,Matematika,15,77.24
NIM01843,4,Ekonomi,14,66.58
NIM01574,8,Ekonomi,11,58.76
NIM01931,8,Matematika,10,88.42
NIM00948,1,Fisika,5,70
NIM00349,2,Ekonomi,14,75.29
NIM00788,6,Kimia,6,82.23
NIM01546,8,Fisika,15,95.48
NIM00026,8,Matematika,11,85.38
NIM01072,5,Pemrograman,7,52.27
NIM00859,8,Ekonomi,6,91.93
NIM00370,5,Pemrograman,10,99.47
NIM01038,5,Kimia,12,73.62
NIM01636,4,Fisika,12,98.48
NIM01211,6,Pemrograman,15,77.37
NIM01548,5,Kimia,6,72.98
NIM00884,2,Pemrograman,10,66.57
NIM01915,2,Pemrograman,9,82.88
NIM00279,5,Kimia,11,61.49
NIM00341,3,Ekonomi,8,55.25
NIM01352,5,Pemrograman,6,51.36
NIM01703,3,Kimia,14,64.62
NIM01658,1,Pemrograman,7,69.79
NIM01929,1,Ekonomi,13,77.6
NIM00607,2,Kimia,14,64.64
NIM01049,6,Pemrograman,12,99.2
NIM00529,4,Matematika,13,64.59
NIM00426,6,Ekonomi,9,72.05
NIM00029,2,Pemrograman,9,55.16
NIM00956,2,Fisika,11,63.03
NIM00323,6,Kimia,11,52.42
NIM01877,4,Pemrograman,5,77.98
NIM00313,2,Ekonomi,9,87.55
NIM00584,7,Ekonomi,12,59.79
NIM01294,7,Fisika,11,68.4
NIM00762,4,Fisika,15,50.83
NIM00295,2,Pemrograman,6,91.98
NIM00656,7,Matematika,12,89
NIM00786,1,Ekonomi,6,53.16
NIM00223,3,Matematika,14,68.24
NIM00075,2,Matematika,5,97.76
NIM00102,3,Pemrograman,15,69.6
NIM01556,5,Kimia,15,76.31
NIM01653,7,Kimia,15,67.76
NIM01710,2,Kimia,7,79.81
NIM00885,1,Fisika,7,98.91
NIM00173,4,Ekonomi,10,99.88
NIM01028,1,Fisika,7,88.74
NIM01876,3,Ekonomi,11,70.22
NIM01503,4,Ekonomi,12,74.72
NIM01684,1,Ekonomi,7,67.84
NIM00395,1,Pemrograman,13,99.28
NIM01650,1,Kimia,5,85.39
NIM00833,6,Fisika,7,72.45
NIM01004,8,Fisika,7,50.61
NIM01938,4,Pemrograman,11,76.02
NIM00167,1,Ekonomi,15,99.2
NIM00300,8,Kimia,15,76.15
NIM00118,7,Matematika,9,59.12
NIM00512,7,Matematika,8,51.1
NIM00612,1,Pemrograman,6,67.74
NIM01810,3,Kimia,11,95.91
NIM01199,1,Matematika,7,99.83
NIM00159,7,Matematika,11,97.27
NIM01408,1,Fisika,14,86.47
NIM01251,5,Kimia,11,77.91
NIM01959,8,Matematika,15,79.53
NIM01062,4,Fisika,6,76.95
NIM00463,5,Kimia,11,85.35
NIM01455,8,Ekonomi,10,70.94
NIM01734,8,Kimia,14,83.46
NIM01672,6,Pemrograman,8,56.08
NIM00104,3,Fisika,15,63.28
NIM00982,8,Ekonomi,9,91.8
NIM01217,5,Fisika,12,95.19
NIM00250,6,Fisika,9,76.95
NIM01037,2,Matematika,7,51.58
NIM00567,4,Kimia,6,96.35
NIM01880,1,Fisika,10,85.1
NIM00597,5,Fisika,10,70.7
NIM00621,5,Pemrograman,11,79.92
NIM00555,1,Pemrograman,12,71.49
NIM01412,1,Pemrograman,8,73.27
NIM00071,3,Fisika,12,94.34
NIM00956,5,Ekonomi,5,58.05
NIM01804,5,Kimia,10,55.18
NIM01595,7,Fisika,10,50.14
NIM00973,8,Matematika,7,65.7
NIM00438,2,Ekonomi,13,57.37
NIM01068,7,Ekonomi,9,61
NIM01296,6,Kimia,5,50.56
NIM01926,2,Ekonomi,11,61.36
NIM01038,7,Kimia,14,66.64
NIM01395,5,Ekonomi,7,51.58
NIM01136,2,Kimia,14,80.4
NIM01403,5,Pemrograman,14,78.44
NIM00314,4,Pemrograman,15,54.85
NIM01439,3,Ekonomi,8,79.75
NIM01764,2,Ekonomi,10,99.93
NIM00485,5,Kimia,12,97.22
NIM00169,2,Kimia,8,50.13
NIM00888,8,Fisika,13,89.77
NIM00803,8,Pemrograman,12,67.68
NIM00246,6,Fisika,14,53.18
NIM00266,3,Fisika,14,64.8
NIM00849,4,Matematika,10,66.09
NIM00243,1,Kimia,11,76.16
NIM01694,8,Matematika,12,83.05
NIM01324,1,Matematika,6,87.45
NIM01975,2,Fisika,9,62.3
NIM01351,5,Matematika,11,66.09
NIM00530,6,Kimia,12,65.42
NIM01619,8,Fisika,9,68.14
NIM00847,3,Kimia,7,99.98
NIM01767,4,Ekonomi,10,88.9
NIM01004,4,Matematika,9,98.75
NIM00342,8,Fisika,12,84.66
NIM01789,8,Pemrograman,13,70.31
NIM01703,7,Kimia,13,69.49
NIM01578,4,Matematika,10,74.43
NIM01273,1,Kimia,8,70.84
NIM00760,3,Kimia,8,91.42
NIM01974,7,Ekonomi,13,73.25
NIM01404,1,Kimia,8,64.78
NIM00798,2,Ekonomi,12,88.74
NIM00532,4,Ekonomi,13,92.72
NIM01918,3,Ekonomi,9,71.02
NIM00864,8,Matematika,10,83.39
NIM01405,4,Kimia,7,52.94
NIM00042,1,Kimia,9,76.47
NIM01369,1,Ekonomi,9,52.25
NIM00599,1,Kimia,6,51.46
NIM01285,4,Kimia,14,80.65
NIM00306,3,Ekonomi,10,65.17
NIM00809,3,Pemrograman,13,87.13
NIM00862,2,Pemrograman,15,94.8
NIM01264,4,Ekonomi,11,56.97
NIM00679,2,Matematika,12,86.23
NIM01337,6,Kimia,6,75.73
NIM00731,2,Kimia,15,55.61
NIM00441,2,Pemrograman,13,82.58
NIM00933,2,Ekonomi,7,80.47
NIM00903,8,Matematika,14,75.78
NIM00133,1,Ekonomi,9,96.32
NIM00719,6,Pemrograman,11,76.05
NIM00051,7,Pemrograman,8,99.53
NIM00618,8,Kimia,11,75.46
NIM00392,2,Fisika,12,55.79
NIM00696,3,Matematika,14,73.52
NIM01737,2,Matematika,14,59.12
NIM00523,1,Fisika,8,79.86
NIM01790,8,Pemrograman,9,84.66
NIM00508,5,Ekonomi,15,73.42
NIM01686,7,Matematika,7,54.89
NIM00354,6,Fisika,9,73.43
NIM00867,5,Kimia,12,54.07
NIM00973,5,Kimia,7,84.11
NIM01419,6,Pemrograman,9,89.52
NIM00956,4,Matematika,14,98.12
NIM00096,7,Ekonomi,5,57.44
NIM00106,8,Matematika,6,76.62
NIM01679,7,Kimia,7,78.38
NIM00678,3,Matematika,5,96.12
NIM00513,1,Kimia,15,81.36
NIM01582,6,Fisika,15,57.28
NIM01266,8,Fisika,13,71.82
NIM00856,5,Kimia,13,82.74
NIM01963,1,Ekonomi,9,85.01
NIM01512,1,Ekonomi,8,93.15
NIM00790,4,Matematika,9,59.03
NIM00515,5,Kimia,8,97.58
NIM01678,2,Pemrograman,9,52.96
NIM00898,1,Ekonomi,11,99.19
NIM01085,5,Ekonomi,15,92.89
NIM01440,7,Fisika,12,83.01
NIM01008,1,Ekonomi,6,86.75
NIM01318,4,Ekonomi,8,53.63
NIM00737,4,Ekonomi,12,52.07
NIM00302,2,Kimia,11,55.09
NIM01194,4,Kimia,13,54.37
NIM00646,8,Fisika,9,77.37
NIM01065,5,Matematika,10,60.77
NIM00231,6,Ekonomi,15,93.01
NIM01433,4,Matematika,12,72.29
NIM00738,6,Kimia,15,84.78
NIM01675,2,Ekonomi,9,82.64
NIM01646,7,Matematika,13,65.99
NIM00997,3,Matematika,8,62.16
NIM00297,1,Pemrograman,12,67.12
NIM00455,8,Kimia,7,89.83
NIM01081,1,Fisika,9,79.31
NIM00942,5,Fisika,12,62.68
NIM01659,2,Pemrograman,14,90.89
NIM00240,2,Matematika,11,52.74
NIM01622,2,Pemrograman,5,84.96
NIM01200,1,Pemrograman,8,71.96
NIM01087,4,Kimia,6,86.56
NIM00551,1,Ekonomi,6,96.37
NIM00138,1,Matematika,11,87.5
NIM00454,1,Fisika,7,72.1
NIM01777,7,Fisika,7,57.55
NIM01473,7,Pemrograman,10,90.32
NIM01250,4,Pemrograman,10,73.04
NIM00443,3,Pemrograman,5,53.77
NIM01230,5,Matematika,5,85.95
NIM01700,3,Pemrograman,15,64.59
NIM00027,3,Pemrograman,10,52.44
NIM00457,1,Ekonomi,11,95.14
NIM00695,8,Matematika,13,74.16
NIM00710,3,Kimia,8,64.05
NIM00849,1,Kimia,14,85.82
NIM00949,1,Ekonomi,10,94.3
NIM00107,5,Fisika,7,50.02
NIM00444,2,Kimia,15,84.39
NIM01725,1,Matematika,8,88.35
NIM00036,7,Fisika,13,60.5
NIM00597,3,Pemrograman,5,74.48
NIM00155,5,Matematika,9,54.46
NIM01193,6,Fisika,15,87.34
NIM00796,6,Kimia,11,92.37
NIM00272,6,Pemrograman,7,55.41
NIM01571,3,Pemrograman,6,90.82
NIM01444,2,Matematika,15,88.58
NIM01208,4,Pemrograman,6,67.35
NIM01635,8,Fisika,5,84.51
NIM01261,2,Ekonomi,9,50
NIM01939,8,Kimia,7,96.59
NIM01533,5,Matematika,15,77.52
NIM01465,2,Ekonomi,11,81.02
NIM00981,6,Ekonomi,5,83.23
NIM00122,2,Matematika,13,78.07
NIM01441,5,Fisika,6,92.84
NIM01559,5,Kimia,12,80.49
NIM01399,6,Matematika,14,95.39
NIM01599,7,Ekonomi,8,79.12
NIM01350,3,Ekonomi,10,58.56
NIM01504,8,Matematika,13,95.68
NIM00150,1,Ekonomi,11,84.08
NIM00707,4,Matematika,12,84.96
NIM00995,4,Matematika,11,99.27
NIM01616,6,Kimia,6,53.76
NIM01514,7,Matematika,13,71.43
NIM01851,4,Ekonomi,5,61.95
NIM00153,2,Pemrograman,6,81.52
NIM01041,5,Kimia,7,90.34
NIM00551,8,Ekonomi,7,98.32
NIM00845,7,Ekonomi,14,72.73
NIM01372,5,Kimia,8,89.31
NIM01483,6,Kimia,9,95.85
NIM01226,5,Ekonomi,10,84.17
NIM01447,8,Pemrograman,5,62.14
NIM00280,1,Fisika,12,80.39
NIM00422,5,Ekonomi,10,98.5
NIM01624,5,Kimia,14,99.38
NIM00993,7,Matematika,13,82.12
NIM01489,8,Matematika,9,94.35
NIM01977,2,Kimia,11,60.02
NIM01836,3,Kimia,15,62.3
NIM00804,4,Fisika,8,97.64
NIM00355,2,Kimia,10,56.76
NIM01606,2,Matematika,10,59.56
NIM00378,2,Pemrograman,8,71.03
NIM01148,4,Kimia,10,79.48
NIM00080,6,Fisika,12,80.19
NIM01581,2,Pemrograman,15,64.6
NIM00988,3,Fisika,9,96.03
NIM00233,6,Pemrograman,6,95.75
NIM01504,5,Kimia,13,69.6
NIM00154,3,Matematika,15,71.71
NIM00907,7,Pemrograman,8,85.12
NIM01716,8,Ekonomi,8,83.15
NIM01433,6,Fisika,15,69.11
NIM01055,5,Pemrograman,11,70.71
NIM01621,5,Fisika,14,67.4
NIM01581,2,Matematika,14,61.77
NIM01527,2,Fisika,10,72.91
NIM00371,4,Fisika,8,84.32
NIM00323,1,Ekonomi,10,87.1
NIM00332,3,Fisika,7,88.94
NIM00243,4,Pemrograman,11,68.74
NIM01576,4,Fisika,10,88.23
NIM00430,3,Kimia,7,50.33
NIM01206,8,Fisika,5,73.85
NIM00809,6,Kimia,14,89.7
NIM01497,7,Fisika,9,81.5
NIM00376,3,Fisika,14,73.7
NIM00081,5,Pemrograman,6,82.23
NIM01574,7,Kimia,11,95.35
NIM01892,8,Kimia,11,78.32
NIM00420,1,Ekonomi,8,89.99
NIM00467,8,Fisika,10,99.04
NIM01452,6,Fisika,5,85.28
NIM01081,2,Pemrograman,6,78.67
NIM01346,1,Ekonomi,10,51.87
NIM01566,1,Ekonomi,6,68.72
NIM01519,8,Pemrograman,15,78.27
NIM01290,2,Kimia,8,89.86
NIM01251,1,Matematika,8,71.91
NIM00829,6,Pemrograman,14,98
NIM01983,6,Kimia,13,63.59
NIM00804,6,Ekonomi,14,87.23
NIM01078,4,Pemrograman,11,70.95
NIM01633,4,Matematika,11,74.3
NIM01985,6,Fisika,15,90.13
NIM00978,2,Pemrograman,5,64.81
NIM00004,2,Matematika,15,54.84
NIM01463,3,Matematika,9,76.01
NIM01334,3,Pemrograman,7,76.44
NIM01903,8,Kimia,7,89.86
NIM00603,6,Pemrograman,10,98.42
NIM01113,7,Ekonomi,8,52.77
NIM00320,1,Matematika,12,79.58
NIM01399,1,Matematika,8,84.06
NIM01628,2,Fisika,12,99.29
NIM00501,7,Matematika,8,97.13
NIM01686,1,Fisika,7,85.62
NIM01258,8,Matematika,9,76.09
NIM01945,5,Matematika,9,58.08
NIM01361,4,Pemrograman,14,69.21
NIM00571,1,Pemrograman,14,79.26
NIM00185,1,Ekonomi,5,86.26
NIM01462,3,Kimia,12,81.77
NIM00556,5,Ekonomi,12,85.71
NIM01204,1,Matematika,12,71.46
NIM01100,4,Ekonomi,14,86.38
NIM01680,8,Pemrograman,8,57.19
NIM01637,1,Matematika,13,58.13
NIM00893,2,Matematika,14,58.14
NIM01296,5,Ekonomi,7,94.54
NIM00055,1,Fisika,11,53.8
NIM01725,7,Kimia,10,90.08
NIM00863,5,Ekonomi,13,61.68
NIM01871,1,Ekonomi,8,73.42
NIM00077,4,Kimia,8,95.8
NIM00296,8,Matematika,10,79.3
NIM01243,8,Matematika,12,60.51
NIM01301,4,Fisika,7,64.2
NIM01602,5,Ekonomi,15,96.02
NIM01672,6,Kimia,12,71.36
NIM00746,3,Ekonomi,12,79.35
NIM01735,3,Pemrograman,11,73
NIM01290,2,Ekonomi,11,68.92
NIM01977,6,Ekonomi,9,61.16
NIM00900,3,Pemrograman,6,84.31
NIM00043,5,Pemrograman,6,85.91
NIM01385,3,Kimia,14,63.74
NIM01252,2,Matematika,12,89.45
NIM00227,1,Fisika,15,92.73
NIM01087,3,Pemrograman,10,96.03
NIM00171,5,Matematika,12,58.06
NIM00963,5,Kimia,7,65.2
NIM00762,2,Ekonomi,5,93.02
NIM00850,8,Kimia,10,59.93
NIM01786,7,Kimia,6,50.17
NIM00307,2,Pemrograman,13,93.54
NIM01774,7,Fisika,9,66.32
NIM00568,4,Pemrograman,9,70.72
NIM01707,4,Ekonomi,14,72.32
NIM01944,8,Pemrograman,12,92.41
NIM00992,4,Ekonomi,10,66.89
NIM00034,7,Pemrograman,7,94.61
NIM00827,1,Fisika,13,80.85
NIM01666,5,Matematika,14,76.36
NIM00130,8,Fisika,8,66.28
NIM01418,4,Pemrograman,14,62.19
NIM01175,5,Kimia,8,81.2
NIM00655,2,Matematika,6,72.34
NIM00630,8,Kimia,7,95.53
NIM01740,1,Fisika,8,74.58
NIM01408,2,Matematika,11,75.59
NIM01771,5,Pemrograman,7,70.84
NIM01041,6,Kimia,12,89.46
NIM00594,7,Pemrograman,12,71.24
NIM01038,6,Ekonomi,14,63.47
NIM00081,4,Matematika,15,93.1
NIM01231,6,Kimia,6,79.84
NIM00204,2,Fisika,8,79.58
NIM01403,8,Fisika,12,80.54
NIM01808,7,Fisika,5,85.94
NIM01568,6,Fisika,5,65.65
NIM00023,3,Kimia,8,51.69
NIM00614,1,Ekonomi,15,90.53
NIM01186,5,Fisika,6,56.45
NIM01634,8,Fisika,5,86.09
NIM00144,7,Fisika,12,54.12
NIM01954,8,Ekonomi,6,68.77
NIM00104,4,Matematika,8,53.15
NIM01406,2,Fisika,7,76.11
NIM01479,1,Fisika,6,82.66
NIM01441,4,Fisika,12,58.57
NIM00324,2,Matematika,7,68.58
NIM01195,6,Fisika,13,96.51
NIM00576,7,Matematika,14,72.12
NIM01780,5,Matematika,9,90.13
NIM01607,7,Pemrograman,13,96.36
NIM00274,3,Pemrograman,7,98.72
NIM00452,8,Fisika,9,94.92
NIM00881,3,Kimia,14,65.87
NIM00125,8,Pemrograman,10,98.13
NIM01407,7,Pemrograman,13,90.62
NIM00317,6,Kimia,12,91.86
NIM01867,5,Ekonomi,6,50.76
NIM00107,1,Fisika,6,97.71
NIM01684,5,Ekonomi,9,88.9
NIM00907,6,Ekonomi,9,88.4
NIM01487,2,Matematika,9,54.08
NIM00430,7,Matematika,8,61.63
NIM00704,7,Fisika,12,98.11
NIM01361,7,Kimia,15,75.03
NIM01762,7,Matematika,9,69.89
NIM01778,1,Pemrograman,5,92
NIM01520,3,Fisika,14,54.37
NIM00972,6,Ekonomi,9,70.85
NIM00362,2,Fisika,5,68.79
NIM00796,6,Matematika,8,67.49
NIM00432,4,Kimia,5,65.38
NIM00675,4,Ekonomi,10,60.5
NIM01544,4,Kimia,10,58.65
NIM00859,3,Fisika,5,82.02
NIM01430,5,Kimia,12,95.97
NIM01014,1,Kimia,8,75.44
NIM01401,7,Fisika,6,64.9
NIM01176,3,Ekonomi,5,57.96
NIM01346,8,Kimia,15,91.51
NIM01631,2,Kimia,7,98.57
NIM01238,2,Fisika,11,67.46
NIM00576,4,Pemrograman,14,64.55
NIM01089,8,Kimia,15,80.07
NIM00893,1,Matematika,14,88.77
NIM00270,4,Ekonomi,12,72.77
NIM01561,2,Kimia,9,81.5
NIM01124,2,Fisika,11,85.83
NIM01129,7,Matematika,6,98.03
NIM01155,5,Fisika,8,58.25
NIM01413,7,Kimia,10,99.87
NIM01345,5,Matematika,9,69.61
NIM00438,7,Ekonomi,10,86.16
NIM01043,5,Ekonomi,6,78.62
NIM00225,4,Ekonomi,11,74.33
NIM01642,6,Pemrograman,12,84.9
NIM01590,8,Fisika,15,69.79
NIM00990,1,Kimia,13,56.31
NIM00460,5,Matematika,10,74.44
NIM00394,3,Fisika,11,76.1
NIM01250,5,Kimia,5,60.1
NIM00912,4,Pemrograman,13,96.78
NIM01384,1,Kimia,10,61.37
NIM01454,5,Fisika,8,70.46
NIM01949,7,Kimia,14,57.75
NIM00015,1,Matematika,13,76.79
NIM00560,3,Pemrograman,5,65.38
NIM01675,2,Matematika,6,74.46
NIM01004,7,Pemrograman,7,61.23
NIM01570,1,Pemrograman,5,52.69
NIM01956,6,Kimia,6,88.96
NIM00414,5,Matematika,6,82.05
NIM01379,7,Pemrograman,11,67.04
NIM01481,4,Pemrograman,14,52.37
NIM01746,6,Kimia,10,93.28
NIM01555,8,Fisika,13,58.49
NIM00999,8,Fisika,9,96.54
NIM01220,6,Ekonomi,13,73.93
NIM01862,4,Ekonomi,14,67.02
NIM00115,4,Pemrograman,13,87.09
NIM01441,8,Fisika,6,93.84
NIM01376,4,Pemrograman,13,68.54
NIM00976,6,Matematika,7,70.37
NIM01099,1,Fisika,15,71.66
NIM01686,4,Fisika,7,96.12
NIM00036,2,Fisika,15,84.63
NIM00242,6,Ekonomi,13,62.38
NIM01687,6,Kimia,11,59.25
NIM00063,6,Kimia,15,61.52
NIM00666,3,Ekonomi,12,63.18
NIM00509,1,Ekonomi,11,61.51
NIM00188,1,Ekonomi,13,82.93
NIM00735,4,Kimia,12,55.8
NIM00093,6,Pemrograman,8,69.37
NIM00005,7,Ekonomi,6,81.25
NIM01462,6,Pemrograman,15,64.54
NIM01190,4,Pemrograman,9,53.26
NIM01470,1,Matematika,6,54.09
NIM00025,8,Kimia,8,56.3
NIM00508,4,Pemrograman,6,91.79
NIM00098,8,Kimia,9,82.89
NIM01292,4,Kimia,10,53.23
NIM00662,4,Matematika,15,69.55
NIM01417,4,Kimia,5,63.93
NIM01788,4,Pemrograman,12,78.9
NIM01620,5,Fisika,6,76.14
NIM01309,5,Pemrograman,9,74.06
NIM00684,6,Pemrograman,15,65.73
NIM01757,6,Kimia,12,56.89
NIM01133,7,Pemrograman,9,87.12
NIM00027,7,Fisika,7,93.99
NIM01782,5,Kimia,10,97.21
NIM00055,1,Ekonomi,5,52.93
NIM01157,3,Pemrograman,5,87
NIM01076,1,Pemrograman,12,86.33
NIM01517,7,Matematika,11,97.36
NIM01789,6,Ekonomi,14,62.65
NIM00781,5,Ekonomi,14,87.11
NIM00298,1,Fisika,15,52.73
NIM01423,3,Ekonomi,15,81.56
NIM01615,8,Matematika,7,67.54
NIM01042,4,Fisika,12,88.45
NIM00818,2,Ekonomi,15,93.17
NIM01794,5,Fisika,12,68.24
NIM00855,5,Ekonomi,5,76.28
NIM01643,3,Ekonomi,14,55.87
NIM01933,4,Ekonomi,11,70.85
NIM01988,4,Pemrograman,6,68.04
NIM00559,2,Ekonomi,6,59.16
NIM01270,8,Pemrograman,6,94.72
NIM00503,4,Kimia,9,57.4
NIM01113,8,Matematika,11,81.79
NIM00203,3,Fisika,8,94.51
NIM00946,8,Fisika,15,95.6
NIM00240,6,Kimia,8,89.66
NIM00490,4,Ekonomi,13,58.81
NIM01804,6,Matematika,14,90.87
NIM01037,7,Kimia,13,63.83
NIM00649,7,Kimia,11,96.12
NIM01339,6,Fisika,14,85.45
NIM00685,3,Pemrograman,8,89.26
NIM01766,5,Pemrograman,12,54.25
NIM01222,5,Ekonomi,14,79.14
NIM00243,5,Ekonomi,7,91.06
NIM00507,1,Kimia,7,93.08
NIM01067,5,Ekonomi,11,51.43
NIM01354,3,Pemrograman,15,96.96
NIM01815,2,Matematika,13,52.17
NIM01615,7,Fisika,15,80.73
NIM01453,4,Pemrograman,8,84.67
NIM01815,5,Ekonomi,8,55.37
NIM01768,1,Fisika,5,52.4
NIM00613,7,Fisika,5,89.25
NIM00162,8,Kimia,7,69.23
NIM00656,7,Ekonomi,11,55.36
NIM00959,6,Kimia,13,88.13
NIM00621,1,Fisika,8,92.46
NIM01459,3,Kimia,6,79.37
NIM01257,2,Ekonomi,10,58.06
NIM00111,5,Pemrograman,10,50.76
NIM01952,5,Matematika,13,85.04
NIM00934,1,Pemrograman,8,77.51
NIM01256,8,Fisika,12,82.54
NIM01976,3,Pemrograman,7,90.66
NIM00750,1,Kimia,6,71.71
NIM00709,1,Ekonomi,13,56.23
NIM00273,2,Pemrograman,10,97
NIM01622,3,Pemrograman,15,77.26
NIM00807,2,Ekonomi,12,80.76
NIM00041,3,Kimia,15,96.67
NIM00560,5,Matematika,14,96.58
NIM00466,4,Pemrograman,13,78.6
NIM01948,6,Fisika,5,64.88
NIM01101,4,Kimia,5,99.86
NIM01714,8,Kimia,15,84.04
NIM00490,8,Pemrograman,9,70.42
NIM01793,7,Ekonomi,13,77.99
NIM00117,3,Pemrograman,11,70.79
NIM00434,4,Pemrograman,11,94.42
NIM01043,1,Ekonomi,6,74.12
NIM00994,5,Fisika,7,91.18
NIM01595,8,Ekonomi,8,92.01
NIM00196,6,Pemrograman,6,91.22
NIM00619,6,Matematika,14,86.11
NIM01475,7,Ekonomi,13,92.74
NIM00425,6,Fisika,9,69.36
NIM01418,5,Ekonomi,11,55.73
NIM01308,4,Ekonomi,15,92.12
NIM00034,6,Kimia,13,74.91
NIM00295,8,Kimia,9,56.37
NIM01007,6,Pemrograman,10,55.77
NIM01275,3,Pemrograman,8,57.96
NIM01662,1,Ekonomi,12,87.55
NIM00339,3,Matematika,5,85.54
NIM00618,4,Pemrograman,5,60.19
NIM01464,5,Ekonomi,9,92.35
NIM00180,5,Ekonomi,14,64.06
NIM00622,3,Ekonomi,13,89.65
NIM01252,2,Ekonomi,6,74.44
NIM01657,3,Ekonomi,15,86.58
NIM00619,8,Kimia,7,69.07
NIM00643,2,Fisika,12,67.36
NIM00023,7,Fisika,9,92.07
NIM01681,3,Ekonomi,7,51.77
NIM01351,2,Pemrograman,10,98.74
NIM01178,2,Matematika,10,82.41
NIM00619,6,Ekonomi,9,71.62
NIM01170,7,Matematika,9,81.4
NIM00252,6,Kimia,10,56.14
NIM00302,2,Fisika,6,75.7
NIM01094,2,Kimia,10,99.25
NIM01567,1,Pemrograman,6,61.76
NIM01117,8,Pemrograman,7,86.11
NIM01673,2,Ekonomi,6,71.75
NIM01910,8,Pemrograman,5,82.62
NIM00163,6,Pemrograman,5,60.24
NIM01105,2,Kimia,13,73.52
NIM01852,5,Matematika,8,99
NIM01612,1,Fisika,9,59.76
NIM01087,2,Pemrograman,14,81.82
NIM00612,6,Pemrograman,11,78.78
NIM01460,6,Kimia,6,78.25
NIM01072,4,Fisika,15,80.76
NIM00445,6,Kimia,14,75.11
NIM01944,8,Matematika,13,50.85
NIM00074,1,Kimia,8,95
NIM00826,8,Fisika,14,91.35
NIM01728,6,Fisika,14,58.71
NIM00542,5,Pemrograman,5,70.66
NIM00157,3,Matematika,12,88.53
NIM01511,5,Ekonomi,8,99
NIM01290,7,Pemrograman,11,97.56
NIM00256,8,Kimia,7,94.97
NIM01063,5,Kimia,15,57.92
NIM01079,1,Fisika,13,95.72
NIM01052,1,Fisika,9,93.92
NIM01938,4,Fisika,9,68.85
NIM00937,6,Ekonomi,7,69.73
NIM00118,4,Ekonomi,15,73
NIM00370,1,Pemrograman,13,82.81
NIM00209,6,Ekonomi,7,63.04
NIM00587,1,Fisika,6,51.15
NIM01601,1,Pemrograman,15,57.06
NIM00849,3,Pemrograman,13,72.01
NIM01892,5,Matematika,13,64.1
NIM01636,4,Ekonomi,14,88.23
NIM01582,8,Kimia,8,55.33
NIM00316,4,Kimia,8,95.87
NIM01417,2,Matematika,15,94.77
NIM01965,7,Fisika,14,95.44
NIM00444,3,Matematika,10,86.98
NIM01692,1,Fisika,13,55.35
NIM01776,1,Ekonomi,12,71.91
NIM01889,3,Ekonomi,14,56.57
NIM01283,6,Pemrograman,7,99.38
NIM01971,4,Pemrograman,10,66.65
NIM01672,1,Pemrograman,11,79.27
NIM01906,7,Pemrograman,10,88.97
NIM01222,2,Kimia,7,96.03
NIM01723,4,Pemrograman,13,87.78
NIM00628,5,Pemrograman,8,83.73
NIM00445,8,Pemrograman,6,73.3
NIM00570,8,Fisika,13,80.27
NIM00582,7,Pemrograman,7,54.71
NIM00605,3,Matematika,10,94.2
NIM00741,4,Pemrograman,9,77.19
NIM00908,8,Pemrograman,6,52.01
NIM00649,5,Kimia,5,96
NIM01641,2,Pemrograman,13,74.47
NIM00305,6,Fisika,7,93.43
NIM00339,8,Ekonomi,11,92.84
NIM00529,3,Pemrograman,13,90.79
NIM00054,6,Pemrograman,13,53.07
NIM01136,8,Pemrograman,14,62.35
NIM00684,7,Kimia,10,93.78
NIM01952,1,Ekonomi,12,94.95
NIM00419,6,Kimia,13,72.9
NIM01998,1,Kimia,7,72
NIM00305,7,Kimia,10,58.76
NIM01462,8,Fisika,9,98.42
NIM01680,5,Ekonomi,11,60.66
NIM00085,4,Fisika,11,59.55
NIM01548,2,Fisika,13,83.04
NIM00252,5,Ekonomi,5,62.14
NIM01752,2,Fisika,10,96.94
NIM00126,6,Ekonomi,9,50.55
NIM00610,2,Pemrograman,8,50.29
NIM01928,6,Kimia,14,75.24
NIM01429,2,Fisika,15,74.4
NIM00304,3,Ekonomi,5,58.17
NIM01928,5,Matematika,8,74.73
NIM01052,8,Fisika,14,70.58
NIM00848,8,Fisika,15,94.52
NIM01290,3,Ekonomi,11,50.46
NIM01076,4,Matematika,8,98.81
NIM00655,8,Matematika,5,81.22
NIM00644,4,Pemrograman,14,57.59
NIM00858,1,Fisika,5,52.34
NIM00511,8,Kimia,5,76.91
NIM00207,1,Fisika,15,61.74
NIM00574,8,Kimia,14,65.06
NIM00875,8,Kimia,9,62.26
NIM00511,1,Ekonomi,11,82.51
NIM01668,7,Fisika,13,77.68
NIM01577,4,Ekonomi,12,53.9
NIM00201,2,Pemrograman,6,76.33
NIM01635,6,Kimia,13,89.56
NIM00823,7,Matematika,8,54.06
NIM01308,2,Kimia,14,94.49
NIM01381,5,Pemrograman,15,78.92
NIM01071,4,Kimia,9,97.53
NIM01020,8,Ekonomi,15,57.41
NIM00137,8,Fisika,9,99.68
NIM00130,8,Matematika,8,82.21
NIM01219,6,Ekonomi,10,78.37
NIM01018,6,Fisika,5,75.76
NIM01653,6,Matematika,6,51.18
NIM01388,1,Pemrograman,8,96.98
NIM00432,6,Kimia,8,82.2
NIM01093,6,Matematika,12,54.58
NIM01482,4,Pemrograman,13,51.05
NIM00540,2,Fisika,8,52.54
NIM00335,7,Matematika,10,80.47
NIM00526,7,Pemrograman,8,80.7
NIM00558,8,Fisika,8,74.98
NIM00909,2,Ekonomi,15,65.34
NIM01040,3,Kimia,13,76.59
NIM01960,3,Pemrograman,8,75.82
NIM01480,5,Ekonomi,10,50.97
NIM00510,4,Fisika,13,64.12
NIM00209,3,Matematika,7,52.66
NIM01182,3,Kimia,11,95.01
NIM01361,4,Fisika,11,86.26
NIM01763,2,Pemrograman,5,99.81
NIM01985,8,Kimia,15,65.11
NIM01265,5,Ekonomi,6,93.92
NIM00058,5,Kimia,9,80.15
NIM00816,5,Ekonomi,12,72.66
NIM01329,3,Fisika,10,61.13
NIM01369,2,Matematika,11,86.92
NIM01666,5,Kimia,7,95.21
NIM01753,4,Matematika,10,61.77
NIM01038,5,Matematika,13,58.77
NIM01383,7,Kimia,7,84.81
NIM00377,1,Kimia,10,98.85
NIM00243,2,Matematika,11,87.5
NIM00993,1,Pemrograman,9,64.23
NIM01169,2,Pemrograman,14,71
NIM00891,6,Kimia,12,69.22
NIM00415,4,Matematika,12,92.6
NIM00394,6,Matematika,10,88.57
NIM01862,3,Fisika,11,79.45
NIM01639,3,Matematika,7,63.75
NIM00729,6,Pemrograman,11,96.9
NIM00358,2,Fisika,11,82.67
NIM01957,5,Pemrograman,8,98.52
NIM01600,1,Ekonomi,14,79.01
NIM01182,4,Kimia,8,91.06
NIM00674,5,Ekonomi,7,90.66
NIM00018,3,Kimia,14,66.87
NIM00728,5,Pemrograman,11,98.2
NIM01855,8,Pemrograman,9,51.1
NIM00561,8,Ekonomi,7,88.44
NIM01592,6,Kimia,10,98.28
NIM01371,8,Kimia,10,66.95
NIM01082,6,Fisika,10,82.41
NIM00155,7,Matematika,6,78.11
NIM01591,7,Fisika,15,88.08
NIM01511,1,Pemrograman,14,93.31
NIM01877,8,Ekonomi,11,80.15
NIM01555,3,Kimia,11,90.8
NIM00487,2,Fisika,14,65.61
NIM00151,8,Ekonomi,8,61.43
NIM01383,4,Ekonomi,15,71.53
NIM00368,6,Matematika,10,83.89
NIM01644,8,Kimia,8,59.36
NIM01071,4,Ekonomi,8,84.02
NIM00207,3,Kimia,10,69.7
NIM01899,2,Fisika,13,89.78
NIM00450,7,Ekonomi,11,51.84
NIM01507,6,Ekonomi,6,83.4
NIM01971,1,Fisika,10,82.49
NIM01876,4,Kimia,9,97.05
NIM00924,8,Kimia,10,85.67
NIM01664,3,Ekonomi,12,89.82
NIM00697,4,Fisika,12,95.23
NIM00570,8,Pemrograman,7,83.75
NIM00143,7,Kimia,13,64.51
NIM01424,7,Pemrograman,10,93.49
NIM01121,2,Ekonomi,11,87.38
NIM01071,1,Pemrograman,13,71.22
NIM00191,7,Pemrograman,11,85.53
NIM00140,2,Kimia,14,93.38
NIM00615,7,Ekonomi,13,98.78
NIM01255,6,Pemrograman,5,97.62
NIM01963,5,Kimia,5,66.27
NIM01364,2,Pemrograman,7,71.08
NIM00925,2,Kimia,13,55.48
NIM01515,4,Ekonomi,5,62.38
NIM01073,7,Fisika,5,94.12
NIM01923,2,Kimia,9,68.04
NIM00624,3,Kimia,12,81.03
NIM01477,6,Pemrograman,6,83.3
NIM01340,4,Ekonomi,8,89.09
NIM01346,4,Matematika,10,59.14
NIM00087,5,Matematika,5,65.24
NIM01918,6,Fisika,8,72.42
NIM01498,8,Ekonomi,8,68.24
NIM00282,3,Kimia,13,99.15
NIM01863,6,Matematika,13,91.75
NIM00764,2,Fisika,10,73.98
NIM01098,5,Ekonomi,12,93.96
NIM00453,3,Fisika,14,67.38
NIM00047,5,Matematika,8,89.29
NIM01612,6,Pemrograman,14,61.18
NIM01120,1,Pemrograman,12,88.62
NIM00938,6,Ekonomi,7,72.82
NIM00031,2,Fisika,6,55.37
NIM00534,5,Kimia,10,63.66
NIM00017,1,Matematika,9,70.11
NIM01236,2,Pemrograman,12,87.46
NIM01684,5,Pemrograman,5,53.65
NIM01259,5,Fisika,15,82.98
NIM00392,6,Pemrograman,14,85.8
NIM01007,7,Fisika,7,82.7
NIM00354,5,Matematika,11,88.03
NIM00305,5,Fisika,14,58.91
NIM01623,4,Pemrograman,8,79.36
NIM01574,7,Fisika,14,97.06
NIM01589,5,Pemrograman,9,80.54
NIM01564,6,Ekonomi,12,80.57
NIM01613,4,Pemrograman,5,86.82
NIM01949,4,Pemrograman,5,66.66
NIM00509,8,Pemrograman,11,85.02
NIM00712,1,Ekonomi,13,95.81
NIM01419,2,Kimia,8,50.54
NIM01455,4,Pemrograman,12,93.51
NIM00685,3,Kimia,14,60.93
NIM00786,4,Matematika,11,72.8
NIM01586,8,Fisika,6,92.62
NIM00857,3,Kimia,9,91.2
NIM00177,8,Matematika,13,94.6
NIM01430,8,Fisika,13,97.02
NIM00301,7,Pemrograman,7,72.36
NIM00445,1,Pemrograman,15,82.82
NIM01763,3,Pemrograman,7,69.52
NIM01151,1,Ekonomi,6,67.54
NIM01373,1,Ekonomi,11,71.58
NIM00021,1,Ekonomi,10,87.15
NIM01016,3,Ekonomi,9,75.07
NIM00711,3,Matematika,11,90.7
NIM00701,1,Matematika,8,87.26
NIM01868,7,Pemrograman,9,51.02
NIM01444,1,Fisika,13,81.51
NIM00152,7,Ekonomi,15,71.83
NIM01184,2,Fisika,13,72.83
NIM00859,7,Matematika,8,90.92
NIM01504,7,Ekonomi,10,77.38
NIM01467,7,Matematika,6,94.28
NIM00096,1,Matematika,7,85.64
NIM01376,5,Kimia,13,77.64
NIM01099,2,Matematika,10,87.73
NIM00878,2,Pemrograman,12,51.92
NIM01618,8,Matematika,15,51.35
NIM00640,2,Ekonomi,9,54.17
NIM01383,5,Pemrograman,6,71.88
NIM01157,2,Matematika,11,61.77
NIM00400,2,Pemrograman,10,99.21
NIM01163,3,Matematika,15,77.11
NIM00246,6,Pemrograman,6,83.12
NIM01315,8,Fisika,10,63.94
NIM00112,3,Kimia,12,66.09
NIM01739,1,Pemrograman,5,66.77
NIM01194,8,Ekonomi,8,84.94
NIM01623,1,Kimia,5,73.69
NIM01655,8,Kimia,6,75.88
NIM01634,7,Matematika,5,79.6
NIM01264,4,Pemrograman,10,88.44
NIM01361,8,Kimia,15,54.52
NIM01162,6,Ekonomi,10,88.84
NIM01618,5,Ekonomi,5,78.16
NIM01260,3,Ekonomi,8,83.45
NIM01672,8,Matematika,8,66.38
NIM00794,1,Fisika,12,70.47
NIM01027,5,Pemrograman,10,61.56
NIM01595,2,Kimia,6,98.96
NIM00116,5,Pemrograman,9,74.85
NIM01496,3,Kimia,8,99.8
NIM01155,6,Matematika,14,74.49
NIM00934,4,Pemrograman,8,60.99
NIM01922,7,Matematika,12,75.37
NIM01507,3,Matematika,9,51.98
NIM01425,7,Pemrograman,7,95.24
NIM01225,6,Pemrograman,14,90.93
NIM00292,1,Kimia,8,86.29
NIM00342,7,Ekonomi,5,80.49
NIM01015,1,Matematika,10,78.99
NIM01634,5,Fisika,15,99.84
NIM01240,3,Kimia,14,63.9
NIM01660,1,Kimia,8,88.98
NIM00585,2,Ekonomi,10,79.07
NIM01390,2,Ekonomi,6,98.79
NIM01914,4,Matematika,9,91.39
NIM01666,5,Kimia,15,99.93
NIM01493,1,Kimia,13,79.42
NIM01442,4,Fisika,12,60.23
NIM00027,2,Matematika,7,75.18
NIM01701,4,Matematika,5,85.56
NIM00455,8,Ekonomi,14,88.72
NIM00918,4,Matematika,7,50.03
NIM00580,1,Fisika,12,75.25
NIM00014,1,Matematika,15,61.76
NIM00098,1,Pemrograman,7,93.75
NIM00279,5,Pemrograman,9,57.65
NIM01964,7,Fisika,6,83.32
NIM00490,4,Ekonomi,5,63.3
NIM00985,4,Kimia,15,67.83
NIM00961,5,Matematika,14,97.03
NIM01907,2,Ekonomi,9,62.02
NIM01783,3,Ekonomi,9,54.75
NIM00624,7,Matematika,10,53.46
NIM00207,2,Kimia,6,75.23
NIM01888,5,Matematika,13,82.09
NIM01870,7,Kimia,6,66.36
NIM01257,7,Fisika,6,84.51
NIM01597,4,Kimia,9,53.05
NIM00597,4,Ekonomi,13,92.87
NIM00695,1,Fisika,8,90.83
NIM01263,1,Pemrograman,10,99.27
NIM00250,8,Fisika,6,96.83
NIM01607,4,Kimia,8,67.81
NIM00740,4,Fisika,13,69.96
NIM01621,6,Fisika,6,87.3
NIM00306,7,Pemrograman,5,56.7
NIM01932,1,Kimia,8,65.7
NIM01487,1,Ekonomi,8,55.93
NIM01807,2,Fisika,5,72.74
NIM01937,4,Matematika,8,77.6
NIM01826,7,Ekonomi,7,60.56
NIM01260,4,Fisika,6,51.33
NIM01315,5,Ekonomi,14,85.97
NIM01063,2,Matematika,8,51
NIM00998,3,Ekonomi,12,98.67
NIM00718,3,Ekonomi,11,61.08
NIM00183,3,Matematika,13,83.2
NIM01723,7,Matematika,12,71.74
NIM00645,6,Matematika,5,52.98
NIM00030,1,Pemrograman,6,73.61
NIM01412,7,Matematika,6,75.84
NIM00767,3,Ekonomi,12,92.73
NIM01167,5,Matematika,8,86.62
NIM00615,8,Fisika,13,53.97
NIM01443,7,Matematika,6,60.46
NIM01005,7,Matematika,8,65.59
NIM00074,8,Kimia,5,55.82
NIM01079,1,Ekonomi,7,72.84
NIM00962,1,Ekonomi,10,99.22
NIM01772,3,Fisika,13,75.73
NIM01596,1,Pemrograman,15,87.09
NIM00024,8,Kimia,5,84.15
NIM01046,2,Fisika,9,92.5
NIM00428,8,Fisika,6,60.79
NIM01056,8,Ekonomi,11,87.69
NIM00863,2,Kimia,8,94.07
NIM00339,8,Ekonomi,9,58.58
NIM01971,3,Pemrograman,12,67.34
NIM01539,7,Ekonomi,6,98.51
NIM00512,5,Matematika,7,89.04
NIM01094,1,Ekonomi,15,64.13
NIM00672,4,Matematika,9,78.2
NIM01922,7,Fisika,14,70.22
NIM01112,3,Pemrograman,8,74.5
NIM00877,6,Matematika,9,67.76
NIM00571,1,Pemrograman,7,63.97
NIM00764,3,Ekonomi,13,83.74
NIM01243,8,Ekonomi,12,88.93
NIM00713,3,Fisika,10,93.7
NIM00589,5,Ekonomi,5,57.77
NIM00767,4,Matematika,8,91.14
NIM01783,1,Fisika,11,62.74
NIM01294,3,Pemrograman,14,71.37
NIM00819,3,Fisika,9,95.07
NIM01675,7,Pemrograman,8,72.73
NIM00078,1,Kimia,13,59.85
NIM01616,8,Matematika,12,57.99
NIM00010,3,Matematika,7,73.65
NIM01492,3,Pemrograman,10,88.13
NIM01360,3,Ekonomi,8,99.86
NIM00636,2,Ekonomi,11,89.37
NIM01210,2,Kimia,5,93.85
NIM01570,4,Pemrograman,5,87.39
NIM01145,5,Kimia,10,94.77
NIM00592,7,Pemrograman,14,53.81
NIM00718,7,Kimia,15,96.5
NIM00565,1,Pemrograman,11,69.82
NIM01692,5,Matematika,13,96.08
NIM01298,8,Kimia,11,53.79
NIM00410,5,Kimia,13,85.76
NIM00358,7,Pemrograman,14,86.78
NIM01671,8,Fisika,13,99.85
NIM01965,2,Fisika,12,88.44
NIM00098,4,Matematika,11,69.13
NIM01007,8,Ekonomi,7,77.86
NIM00241,8,Ekonomi,15,68.33
NIM00557,5,Matematika,7,59.8
NIM00711,7,Ekonomi,15,62.43
NIM01827,5,Pemrograman,9,61.1
NIM01972,3,Fisika,11,77.44
NIM01138,1,Matematika,14,95.31
NIM01511,4,Pemrograman,11,95.64
NIM01813,7,Matematika,5,52.74
NIM01265,1,Fisika,12,53.99
NIM00156,8,Ekonomi,5,62.26
NIM00352,2,Pemrograman,15,62.75
NIM00044,5,Fisika,8,54.74
NIM00592,5,Matematika,6,69.42
NIM01336,6,Kimia,9,79.39
NIM00138,1,Pemrograman,10,78.91
NIM01687,2,Matematika,8,77.17
NIM01968,7,Matematika,8,66.93
NIM00436,6,Fisika,11,85.32
NIM00754,8,Matematika,15,91.32
NIM00143,6,Pemrograman,8,67.31
NIM01024,3,Pemrograman,6,54.28
NIM01847,6,Matematika,8,64.82
NIM01323,6,Fisika,11,56.87
NIM01586,3,Pemrograman,5,73.37
NIM00262,5,Kimia,8,57.8
NIM00512,5,Ekonomi,10,73.14
NIM00673,8,Fisika,12,61.05
NIM00062,4,Fisika,12,86.94
NIM01591,6,Ekonomi,13,51.38
NIM01447,1,Ekonomi,9,77.74
NIM01420,5,Pemrograman,6,58.47
NIM01908,2,Matematika,7,50.05
NIM00031,7,Matematika,6,93.46
NIM01354,1,Kimia,13,83.58
NIM00949,4,Matematika,10,54.95
NIM00802,6,Kimia,15,83.2
NIM01193,3,Kimia,5,80.58
NIM00266,4,Fisika,7,73.67
NIM00308,1,Fisika,11,70.96
NIM00459,3,Pemrograman,11,94.35
NIM01209,8,Ekonomi,9,62.26
NIM00334,2,Ekonomi,7,69.92
NIM00515,3,Kimia,11,66.46
NIM00441,3,Ekonomi,9,88.56
NIM00673,2,Kimia,10,95.82
NIM00391,5,Ekonomi,7,92.49
NIM01796,5,Pemrograman,10,89.89
NIM00935,3,Fisika,11,99.34
NIM00560,7,Fisika,12,84.86
NIM00254,3,Kimia,6,87.55
NIM01610,4,Ekonomi,6,99.14
NIM01359,7,Matematika,10,50.35
NIM01424,5,Pemrograman,12,81.7
NIM01190,2,Ekonomi,9,86.95
NIM01284,6,Matematika,5,95.89
NIM01028,6,Pemrograman,15,94.19
NIM01912,3,Pemrograman,5,92.1
NIM00119,3,Fisika,14,97.29
NIM00996,6,Kimia,13,76.87
NIM01947,4,Ekonomi,8,50.35
NIM00470,4,Pemrograman,14,50.55
NIM01494,4,Ekonomi,5,77.23
NIM00785,8,Pemrograman,15,71.76
NIM01517,1,Fisika,12,72.56
NIM01762,2,Kimia,6,70.02
NIM01888,1,Matematika,6,95.89
NIM01524,3,Matematika,5,67.96
NIM01094,4,Fisika,5,92.81
NIM00694,4,Pemrograman,13,95.14
NIM00865,6,Fisika,5,74.98
NIM00776,8,Kimia,10,72.35
NIM01394,6,Matematika,11,88.05
NIM00181,7,Ekonomi,8,85.4
NIM01029,4,Matematika,9,66.43
NIM01221,8,Kimia,8,55.13
NIM00047,5,Pemrograman,8,63.24
NIM01994,6,Fisika,14,56.55
NIM01576,2,Matematika,5,64.74
NIM00634,8,Matematika,10,63.09
NIM01671,1,Ekonomi,14,81.89
NIM01164,8,Fisika,14,97.72
NIM01886,2,Ekonomi,11,84.29
NIM01689,6,Ekonomi,11,96.33
NIM01564,4,Pemrograman,12,89.21
NIM01451,3,Matematika,11,86.39
NIM00589,8,Fisika,10,70.7
NIM01711,5,Pemrograman,12,66.24
NIM01585,6,Pemrograman,7,92.31
NIM01878,2,Pemrograman,13,95.27
NIM00310,8,Kimia,7,72.59
NIM00274,3,Kimia,8,50.45
NIM01563,6,Pemrograman,14,89.63
NIM00840,4,Kimia,10,64.25
NIM01414,7,Fisika,12,50.49
NIM00459,4,Matematika,7,90.25
NIM00733,4,Fisika,14,75.87
NIM01658,4,Matematika,10,84.26
NIM00361,6,Kimia,9,95.73
NIM01018,7,Fisika,9,77.06
NIM01093,5,Ekonomi,9,75.16
NIM01607,5,Pemrograman,13,64.53
NIM00662,2,Matematika,11,65.26
NIM00699,6,Matematika,13,89.83
NIM01455,8,Ekonomi,13,72.45
NIM00885,8,Ekonomi,10,58.18
NIM00758,7,Pemrograman,10,54.73
NIM01732,8,Kimia,8,73.65
NIM01056,7,Fisika,12,73.25
NIM00621,4,Fisika,6,82.67
NIM01889,8,Fisika,9,73.55
NIM01537,5,Kimia,5,57.17
NIM00182,6,Pemrograman,14,75.39
NIM00686,3,Fisika,6,95.34
NIM00681,5,Matematika,5,57.97
NIM00248,8,Matematika,10,84.49
NIM00620,5,Matematika,6,79.69
NIM01906,7,Ekonomi,8,87.43
NIM01321,2,Ekonomi,9,57.53
NIM01800,5,Kimia,11,97.08
NIM01952,3,Fisika,14,81.05
NIM00030,4,Ekonomi,5,92.35
NIM01326,1,Matematika,15,62.33
NIM01500,2,Ekonomi,9,86.97
NIM00873,3,Matematika,8,89.05
NIM00948,2,Fisika,11,69.87
NIM01376,8,Kimia,14,69.2
NIM00985,6,Pemrograman,11,82.89
NIM01506,8,Pemrograman,12,54.67
NIM00317,4,Matematika,8,86.78
NIM00737,5,Ekonomi,8,52.14
NIM01421,8,Ekonomi,14,59.53
NIM01113,6,Matematika,9,83.21
NIM01258,5,Fisika,9,54.92
NIM00168,8,Matematika,15,98.59
NIM00743,7,Fisika,7,93.42
NIM00126,3,Kimia,9,81.32
NIM00573,4,Kimia,9,90.95
NIM00120,1,Matematika,12,94.38
NIM01452,1,Kimia,11,62.97
NIM01009,5,Ekonomi,12,92.47
NIM01214,6,Fisika,9,59.74
NIM01657,7,Pemrograman,15,70.67
NIM01452,4,Pemrograman,6,77.91
NIM00560,4,Kimia,12,85.69
NIM01226,3,Fisika,13,51.51
NIM01083,6,Ekonomi,6,64.53
NIM00697,1,Pemrograman,5,80.43
NIM00223,3,Ekonomi,10,67.87
NIM01516,8,Ekonomi,7,88.75
NIM01035,2,Pemrograman,5,82.58
NIM00793,4,Pemrograman,10,61.72
NIM01725,1,Kimia,12,57.3
NIM01536,3,Fisika,13,81.45
NIM00814,5,Matematika,10,72.52
NIM00310,2,Fisika,10,58.45
NIM01012,3,Matematika,5,66.32
NIM00749,5,Pemrograman,9,65.15
NIM01058,1,Ekonomi,7,55.41
NIM01019,1,Fisika,11,77.35
NIM01364,2,Ekonomi,13,88.18
NIM01671,5,Fisika,15,78.77
NIM00481,4,Fisika,10,91.31
NIM00574,7,Ekonomi,9,56.38
NIM00825,7,Kimia,11,71.78
NIM01763,1,Pemrograman,15,80.47
NIM01117,6,Kimia,13,83.8
NIM00628,4,Kimia,9,84.79
NIM01868,4,Fisika,9,86.45
NIM01157,7,Pemrograman,14,82.57
NIM00844,3,Fisika,8,54.71
NIM00989,8,Matematika,9,84.77
NIM00419,3,Fisika,11,86.24
NIM01492,1,Ekonomi,7,99.67
NIM01829,4,Fisika,8,84.67
NIM01468,3,Matematika,13,84.34
NIM01729,5,Fisika,6,75.74
NIM01936,5,Matematika,12,93.4
NIM00030,8,Pemrograman,13,99.84
NIM01993,5,Fisika,9,88.95
NIM00298,8,Matematika,11,80.63
NIM01085,5,Pemrograman,10,53.95
NIM00458,8,Ekonomi,5,86.34
NIM01997,8,Kimia,12,85.43
NIM00304,8,Matematika,13,88.78
NIM00958,4,Ekonomi,14,56.23
NIM00340,5,Pemrograman,15,82.69
NIM01885,4,Ekonomi,5,64.79
NIM00448,7,Fisika,12,88.01
NIM01977,1,Kimia,7,62.02
NIM01860,8,Matematika,10,84.2
NIM01326,1,Pemrograman,14,64.75
NIM00881,5,Kimia,12,50.45
NIM00540,5,Pemrograman,9,81.67
NIM00485,5,Ekonomi,12,55.66
NIM00077,8,Pemrograman,11,82.96
NIM01657,1,Pemrograman,11,96.28
NIM00515,3,Ekonomi,11,98.46
NIM01573,1,Ekonomi,13,61.8
NIM00944,5,Kimia,10,90.46
NIM00659,3,Matematika,10,67.68
NIM00092,8,Ekonomi,15,95.02
NIM01875,3,Kimia,13,89.37
NIM01809,2,Pemrograman,10,53.7
NIM00466,7,Pemrograman,11,70.36
NIM00466,4,Fisika,11,66.87
NIM01913,7,Ekonomi,6,89.26
NIM01623,5,Kimia,12,70.51
NIM01064,4,Kimia,15,84.23
NIM00690,2,Matematika,10,80.12
NIM01353,4,Kimia,8,98.78
NIM01309,5,Ekonomi,15,96.89
NIM00947,2,Kimia,11,71.38
NIM00554,4,Fisika,12,86.18
NIM01821,8,Pemrograman,5,91.47
NIM01090,1,Pemrograman,14,94.94
NIM01660,3,Kimia,8,53.41
NIM01681,7,Kimia,8,65.1
NIM01656,2,Kimia,14,66.01
NIM00109,1,Kimia,13,71.72
NIM01439,5,Fisika,10,58.46
NIM00092,3,Ekonomi,8,74.81
NIM01003,7,Fisika,5,83.16
NIM00368,2,Fisika,12,74.87
NIM00820,3,Fisika,15,83.29
NIM00423,6,Pemrograman,13,53.32
NIM00572,8,Fisika,9,93.8
NIM00862,6,Kimia,9,96.95
NIM01763,2,Fisika,14,80.9
NIM01264,2,Kimia,12,94.07
NIM00435,4,Ekonomi,12,56.57
NIM00212,3,Pemrograman,9,89.87
NIM01424,6,Ekonomi,8,55.96
NIM01634,7,Ekonomi,10,70.4
NIM00526,6,Pemrograman,14,66.19
NIM01754,3,Kimia,9,79.28
NIM00468,6,Kimia,12,65.08
NIM01194,7,Kimia,13,81.87
NIM01843,1,Pemrograman,5,68.37
NIM00792,8,Fisika,13,93.04
NIM00875,6,Matematika,13,81.69
NIM00210,8,Fisika,10,60.76
NIM00256,6,Fisika,15,66.81
NIM01707,5,Ekonomi,14,92.37
NIM00073,1,Matematika,9,69.32
NIM00147,4,Kimia,11,76.79
NIM01364,2,Fisika,15,82.45
NIM00317,7,Pemrograman,12,67.39
NIM01642,6,Fisika,13,64.7
NIM00606,7,Kimia,13,73.76
NIM00575,4,Fisika,14,60.74
NIM01178,4,Ekonomi,15,64.21
NIM01279,1,Ekonomi,7,53.1
NIM01375,7,Fisika,12,65.2
NIM00547,2,Ekonomi,5,66.04
NIM00835,5,Pemrograman,11,98.09
NIM00312,4,Matematika,9,79.49
NIM00808,5,Fisika,6,89.37
NIM00765,2,Pemrograman,6,52.27
NIM01693,2,Pemrograman,12,55.33
NIM00134,8,Pemrograman,9,90.73
NIM00948,1,Kimia,15,81.18
NIM01153,7,Fisika,7,59.55
NIM00436,3,Fisika,5,70.24
NIM01304,7,Fisika,15,76.93
NIM00358,6,Matematika,11,92.18
NIM00930,1,Pemrograman,15,53.02
NIM00883,7,Fisika,7,79.84
NIM00252,5,Ekonomi,11,85.85
NIM00135,8,Kimia,6,98.89
NIM01867,7,Matematika,8,90.36
NIM00523,1,Kimia,6,63.81
NIM00804,2,Pemrograman,8,85.48
NIM00660,8,Ekonomi,9,88.16
NIM00319,4,Pemrograman,12,86.49
NIM00080,8,Fisika,6,91.01
NIM01215,8,Kimia,14,95.19
NIM01477,6,Ekonomi,7,54.92
NIM01368,6,Kimia,14,55.24
NIM01054,3,Matematika,9,89.82
NIM00414,2,Ekonomi,15,62.62
NIM01895,6,Matematika,13,52.93
NIM00368,8,Ekonomi,14,70.06
NIM01007,6,Fisika,15,90.99
NIM01765,4,Kimia,9,56.33
NIM00993,5,Kimia,13,83.59
NIM00596,5,Pemrograman,8,50.18
NIM01526,5,Ekonomi,14,55.49
NIM01686,1,Ekonomi,9,67.54
NIM01897,5,Matematika,13,54.18
NIM01018,5,Ekonomi,8,92.3
NIM00701,1,Kimia,9,93.2
NIM01045,8,Ekonomi,9,87.78
NIM00549,8,Pemrograman,8,62.12
NIM00246,8,Pemrograman,8,76.16
NIM00283,4,Kimia,15,59.21
NIM00614,2,Kimia,9,64.06
NIM00931,6,Kimia,10,75.8
NIM00806,3,Ekonomi,11,86.75
NIM00232,6,Ekonomi,10,54.73
NIM00316,8,Fisika,5,64.83
NIM00838,8,Matematika,6,96.33
NIM01824,5,Ekonomi,11,71.46
NIM01360,5,Fisika,7,96.94
NIM02000,7,Fisika,14,99.57
NIM00411,6,Pemrograman,15,76.33
NIM00245,8,Ekonomi,6,64.4
NIM00387,6,Fisika,10,89.54
NIM00689,7,Pemrograman,15,57.97
NIM01749,5,Matematika,8,62.6
NIM00358,8,Pemrograman,15,89.24
NIM01022,1,Matematika,9,71.68
NIM00614,8,Kimia,10,60.08
NIM00798,1,Kimia,7,82.56
NIM00022,1,Pemrograman,5,86.64
NIM00019,3,Kimia,7,56.25
NIM01311,2,Ekonomi,7,63.85
NIM00276,5,Pemrograman,10,61.06
NIM00659,4,Fisika,8,68.99
NIM00898,6,Ekonomi,11,88.17
NIM00552,6,Pemrograman,15,85.69
NIM00679,5,Matematika,6,83.13
NIM00603,5,Kimia,8,50.31
NIM01096,5,Kimia,12,57.11
NIM00365,6,Kimia,15,61.16
NIM01974,7,Pemrograman,10,63.6
NIM00795,5,Ekonomi,14,57.32
NIM01359,6,Matematika,7,70.52
NIM00652,2,Kimia,14,53.76
NIM01775,4,Ekonomi,6,87.5
NIM00590,1,Fisika,7,89.39
NIM00199,7,Fisika,5,78.71
NIM00017,4,Matematika,5,54.49
NIM00218,5,Kimia,6,94.5
NIM00741,4,Fisika,7,98.28
NIM01876,5,Ekonomi,13,60.12
NIM00650,4,Ekonomi,12,85.23
NIM00147,3,Fisika,15,92.1
NIM01234,8,Kimia,15,76.99
NIM00670,4,Matematika,13,66.17
NIM01438,8,Kimia,11,73.93
NIM00665,1,Pemrograman,11,75.61
NIM00856,1,Fisika,9,70.03
NIM00330,7,Pemrograman,11,96.49
NIM00895,4,Fisika,8,87.19
NIM01986,6,Matematika,9,62.07
NIM01894,8,Kimia,5,79.28
NIM01376,6,Kimia,15,84.43
NIM01187,6,Fisika,8,57.01
NIM01843,4,Ekonomi,7,67.92
NIM00101,6,Pemrograman,6,95.28
NIM00327,2,Kimia,6,78.36
NIM00327,4,Kimia,12,60.85
NIM01179,1,Fisika,5,56.14
NIM00010,8,Ekonomi,12,75.91
NIM00353,7,Pemrograman,13,77.38
NIM01963,6,Ekonomi,10,66.72
NIM00183,3,Ekonomi,5,81.52
NIM00455,6,Fisika,14,53.43
NIM01670,1,Ekonomi,11,57.26
NIM00006,2,Pemrograman,9,77.31
NIM01357,4,Matematika,13,53.09
NIM01968,6,Matematika,11,94.05
NIM01357,3,Pemrograman,9,57.11
NIM01282,8,Fisika,6,83.7
NIM00211,7,Kimia,8,69.56
NIM00051,1,Fisika,6,69.99
NIM01469,7,Pemrograman,13,88.24
NIM01683,7,Ekonomi,6,74.97
NIM01010,3,Matematika,6,86.28
NIM00377,8,Ekonomi,6,75.26
NIM00640,5,Fisika,5,79.65
NIM01510,1,Pemrograman,13,88.04
NIM00770,5,Matematika,12,80.37
NIM01075,3,Pemrograman,6,80.78
NIM00154,4,Matematika,6,89.46
NIM00582,4,Matematika,9,97.45
NIM00788,4,Matematika,8,68.84
NIM00791,7,Fisika,6,78.86
NIM01334,5,Pemrograman,12,54.31
NIM01423,7,Kimia,12,67.94
NIM00134,4,Kimia,8,70.6
NIM00220,7,Kimia,8,91.76
NIM00163,2,Pemrograman,13,75.67
NIM00971,1,Ekonomi,8,86.55
NIM00648,1,Pemrograman,14,50.95
NIM00569,8,Matematika,15,73.22
NIM01526,7,Ekonomi,13,95.07
NIM00946,8,Matematika,7,61.22
NIM00689,3,Matematika,6,51.58
NIM00115,6,Pemrograman,15,71.67
NIM01523,5,Kimia,12,85.22
NIM01496,1,Ekonomi,7,72.72
NIM01173,7,Fisika,6,73
NIM01265,5,Kimia,15,83.49
NIM00123,3,Fisika,12,62.72
NIM00804,4,Pemrograman,12,87.59
NIM00839,6,Ekonomi,9,57.66
NIM01093,3,Pemrograman,13,69.79
NIM00826,2,Fisika,15,82.8
NIM00063,4,Matematika,10,91.42
NIM00733,4,Pemrograman,9,89.58
NIM01040,4,Ekonomi,7,86.08
NIM01414,3,Pemrograman,11,67.95
NIM00590,2,Kimia,13,56.12
NIM01658,6,Pemrograman,8,60.84
NIM00948,5,Fisika,15,93.24
NIM01282,3,Pemrograman,11,92.87
NIM00217,1,Ekonomi,7,97.58
NIM00479,1,Pemrograman,15,53.8
NIM01138,3,Pemrograman,6,76.84
NIM01906,5,Ekonomi,15,82.43
NIM01997,1,Pemrograman,5,85.53
NIM01404,5,Ekonomi,10,82.19
NIM01682,4,Fisika,9,88.5
NIM00977,3,Ekonomi,6,67.97
NIM00237,4,Fisika,7,58.97
NIM00476,1,Fisika,13,60.23
NIM01996,5,Ekonomi,7,50.6
NIM01955,4,Pemrograman,11,67.52
NIM00598,1,Kimia,5,54.59
NIM01703,7,Ekonomi,11,66.07
NIM00129,2,Pemrograman,13,81.41
NIM00510,4,Fisika,15,94.72
NIM00165,2,Matematika,12,91.98
NIM00277,2,Kimia,11,62.63
NIM00257,6,Pemrograman,14,56.7
NIM01156,8,Kimia,12,59.65
NIM00992,1,Matematika,8,98.55
NIM00570,3,Matematika,6,77.47
NIM01281,5,Matematika,15,59.13
NIM00141,7,Ekonomi,13,92.04
NIM00686,1,Kimia,7,69.76
NIM00687,6,Ekonomi,15,94.96
NIM01233,6,Matematika,8,63.03
NIM00716,7,Pemrograman,11,69.66
NIM01023,4,Matematika,6,75.25
NIM01543,5,Ekonomi,12,94.63
NIM01075,6,Matematika,14,93.44
NIM01527,3,Matematika,12,78.72
NIM01283,1,Ekonomi,9,61.09
NIM00178,3,Ekonomi,13,70.17
NIM00922,4,Pemrograman,12,98.78
NIM00543,8,Ekonomi,5,80.39
NIM01380,1,Pemrograman,13,89.05
NIM01342,4,Fisika,9,72.49
NIM01690,5,Fisika,13,76.6
NIM00963,5,Ekonomi,13,71.45
NIM00364,8,Matematika,14,85.15
NIM01079,3,Kimia,14,92.57
NIM01180,3,Matematika,7,75.37
NIM01068,5,Ekonomi,12,74.04
NIM00593,2,Pemrograman,11,67.01
NIM01702,5,Matematika,11,58.85
NIM00542,7,Fisika,14,96.96
NIM00322,1,Ekonomi,6,65.8
NIM00648,7,Matematika,6,90.03
NIM00014,4,Matematika,6,85.77
NIM01381,5,Pemrograman,15,89.55
NIM01507,5,Pemrograman,6,96.84
NIM00618,8,Pemrograman,8,81.17
NIM00359,8,Kimia,11,94.9
NIM01342,6,Ekonomi,6,58.38
NIM01099,4,Ekonomi,9,81.34
NIM01983,6,Fisika,11,88.61
NIM01615,4,Fisika,13,63.58
NIM00194,7,Ekonomi,12,87.04
NIM00363,1,Matematika,13,88.92
NIM01120,4,Ekonomi,11,91.56
NIM01064,3,Kimia,7,65.64
NIM00768,8,Fisika,5,84.08
NIM00397,5,Fisika,14,65.21
NIM00107,8,Fisika,11,86.95
NIM01041,4,Ekonomi,15,73.15
NIM00527,1,Fisika,10,79.88
NIM01953,4,Fisika,6,70.79
NIM01011,5,Ekonomi,5,58.1
NIM00784,2,Matematika,14,58.9
NIM01523,4,Fisika,8,53.88
NIM00525,3,Fisika,8,80.9
NIM01783,8,Fisika,10,92.43
NIM01750,5,Kimia,15,51.04
NIM01687,1,Ekonomi,9,53.31
NIM01828,7,Fisika,13,72.87
NIM01067,7,Kimia,12,86.89
NIM01970,5,Matematika,13,57.89
NIM00626,6,Matematika,14,63.58
NIM01866,2,Kimia,11,61.6
NIM01617,1,Matematika,13,69.95
NIM00350,2,Pemrograman,7,61.25
NIM01677,7,Matematika,13,67.63
NIM01054,2,Pemrograman,6,86.43
NIM01465,3,Kimia,13,80.55
NIM01006,8,Pemrograman,10,54.06
NIM00542,7,Matematika,8,81.89
NIM01479,4,Fisika,15,73.85
NIM01802,3,Pemrograman,6,96.73
NIM01635,3,Matematika,14,64.47
NIM00962,6,Fisika,7,86.31
NIM00094,3,Kimia,9,86.54
NIM01747,1,Kimia,13,61.08
NIM01319,4,Ekonomi,11,95.16
NIM01573,4,Kimia,15,74.56
NIM00899,7,Ekonomi,15,83.94
NIM00089,1,Kimia,7,57.29
NIM01954,3,Kimia,8,62.89
NIM00503,3,Kimia,15,79.31
NIM00767,2,Ekonomi,6,65.95
NIM00214,7,Ekonomi,12,74.98
NIM01446,7,Pemrograman,10,68.7
NIM00526,2,Matematika,7,82.03
NIM00192,6,Matematika,9,74.36
NIM01831,5,Matematika,9,50.23
NIM00694,2,Kimia,5,82.48
NIM00642,4,Matematika,9,71.11
NIM01248,8,Ekonomi,10,67.08
NIM00555,1,Pemrograman,14,54.71
NIM01717,3,Fisika,14,61.02
NIM00387,5,Pemrograman,15,61.19
NIM00681,2,Matematika,15,96.77
NIM00776,7,Matematika,15,71.63
NIM01498,5,Ekonomi,6,52.1
NIM01632,1,Pemrograman,7,56.94
NIM00203,8,Ekonomi,14,53.95
NIM01010,1,Ekonomi,9,79.44
NIM00447,7,Fisika,7,59.33
NIM01857,5,Ekonomi,9,74.93
NIM01871,5,Ekonomi,9,68.5
NIM00900,6,Fisika,12,90.19
NIM01092,5,Kimia,14,66.02
NIM01116,3,Kimia,13,72.91
NIM00778,8,Fisika,12,86.06
NIM01867,8,Ekonomi,7,71.67
NIM00178,8,Matematika,5,89.66
NIM01687,4,Pemrograman,7,83.08
NIM00829,2,Matematika,5,70.53
NIM00559,7,Matematika,15,75.2
NIM01027,2,Ekonomi,13,98.36
NIM00103,8,Pemrograman,7,83.08
NIM01297,2,Pemrograman,12,95.25
NIM01558,5,Kimia,10,58.94
NIM00116,7,Fisika,7,74.16
NIM00859,5,Ekonomi,13,95.43
NIM01936,6,Pemrograman,12,66.13
NIM00464,5,Ekonomi,7,98.38
NIM00104,6,Kimia,11,54.85
NIM00259,6,Matematika,9,95.13
NIM01332,3,Pemrograman,6,72.26
NIM01391,3,Kimia,12,53.69
NIM00929,3,Ekonomi,5,93.98
NIM00810,8,Kimia,8,62.6
NIM00642,3,Kimia,15,51.11
NIM00807,1,Kimia,15,56.79
NIM01023,3,Kimia,8,82.96
NIM01326,3,Kimia,14,98.89
NIM00560,3,Kimia,9,55.57
NIM00027,6,Fisika,8,73.1
NIM00508,2,Ekonomi,5,59.03
NIM00527,7,Matematika,11,87.25
NIM00775,2,Ekonomi,14,55.9
NIM01389,2,Pemrograman,15,61.99
NIM00953,4,Pemrograman,6,59.82
NIM00298,1,Ekonomi,14,77.63
NIM00777,6,Kimia,7,93.66
NIM00361,5,Fisika,9,75.55
NIM01670,6,Matematika,12,52.91
NIM00504,3,Kimia,14,78.17
NIM01977,2,Ekonomi,12,89.88
NIM00588,6,Ekonomi,6,56.61
NIM00030,1,Fisika,13,53.64
NIM01463,3,Fisika,10,59.39
NIM01364,4,Ekonomi,13,87.3
NIM00126,5,Kimia,8,79.58
NIM00596,3,Kimia,7,77.03
NIM01590,7,Kimia,9,62.47
NIM01390,5,Matematika,9,66.61
NIM01819,6,Matematika,8,98.29
NIM01876,3,Kimia,11,62.03
NIM01467,4,Ekonomi,12,95.08
NIM00263,6,Fisika,9,79.03
NIM00936,1,Pemrograman,13,56.16
NIM00872,5,Fisika,11,73.37
NIM01246,5,Fisika,11,97.43
NIM01864,1,Pemrograman,12,70.93
NIM00002,8,Kimia,8,93.17
NIM01934,8,Fisika,14,62.82
NIM00394,7,Pemrograman,10,78.55
NIM00306,8,Ekonomi,9,92.19
NIM01170,5,Ekonomi,5,96.03
NIM00530,8,Ekonomi,13,74.29
NIM00528,6,Kimia,6,81.98
NIM01332,2,Fisika,10,50.15
NIM00965,7,Fisika,12,62.66
NIM01972,1,Matematika,7,63.94
NIM00671,4,Ekonomi,9,54.67
NIM01364,7,Kimia,11,63.98
NIM01943,3,Pemrograman,8,66.06
NIM00352,8,Kimia,9,98.44
NIM00810,3,Fisika,5,83.43
NIM00209,1,Ekonomi,8,71.3
NIM00958,8,Matematika,11,99.4
NIM00205,2,Kimia,14,57.66
NIM00625,6,Matematika,11,73.8
NIM01714,4,Fisika,14,82.35
NIM01997,3,Pemrograman,14,52.78
NIM00721,3,Kimia,8,85.85
NIM00636,6,Fisika,10,54.99
NIM01039,2,Ekonomi,9,57.01
NIM00858,5,Kimia,5,57.98
NIM01452,7,Matematika,12,96.44
NIM00476,1,Kimia,11,84.16
NIM00298,2,Fisika,9,82.77
NIM00557,2,Fisika,14,77.77
NIM01118,2,Matematika,14,64.64
NIM00107,2,Fisika,11,81.04
NIM01443,5,Kimia,14,70.51
NIM01302,6,Matematika,7,57.27
NIM00128,4,Fisika,12,84.48
NIM01994,7,Fisika,9,56.48
NIM00459,2,Kimia,6,59.53
NIM00038,7,Fisika,6,90.88
NIM01633,2,Kimia,8,83.01
NIM00198,1,Ekonomi,11,81.55
NIM01728,3,Kimia,14,70.91
NIM00357,5,Pemrograman,8,69.81
NIM00007,2,Fisika,13,84.51
NIM01580,8,Ekonomi,6,87
NIM01356,4,Matematika,10,75.51
NIM00519,4,Pemrograman,8,98.46
NIM00194,4,Matematika,10,97.78
NIM00316,8,Pemrograman,14,70.62
NIM01025,1,Ekonomi,13,91.03
NIM01086,4,Ekonomi,14,77.16
NIM00343,6,Ekonomi,13,75.59
NIM00601,1,Pemrograman,13,52.75
NIM01042,5,Kimia,13,78.7
NIM00620,4,Matematika,7,95.03
NIM01671,3,Kimia,15,89.01
NIM01395,2,Kimia,13,89.32
NIM00822,5,Fisika,7,58
NIM01603,6,Matematika,14,67.92
NIM01629,3,Pemrograman,7,61.66
NIM01674,5,Fisika,9,65.8
NIM01725,6,Fisika,10,78.98
NIM01595,4,Ekonomi,13,68.24
NIM01723,5,Pemrograman,5,78.03
NIM00235,5,Kimia,12,71.93
NIM01093,5,Kimia,8,64.33
NIM00447,1,Kimia,14,54.77
NIM00610,8,Ekonomi,11,94.59
NIM00008,3,Kimia,10,50.57
NIM00462,7,Matematika,10,50.08
NIM01000,6,Kimia,11,91.34
NIM01335,8,Kimia,8,99.84
NIM00134,4,Matematika,10,86.36
NIM00385,2,Ekonomi,7,50.76
NIM00056,4,Fisika,9,61.33
NIM00993,4,Pemrograman,6,98.59
NIM01384,1,Ekonomi,7,90.43
NIM01995,1,Kimia,13,78.34
NIM01138,5,Fisika,10,61.84
NIM01112,8,Pemrograman,7,50.72
NIM00138,4,Pemrograman,6,51.04
NIM01132,3,Pemrograman,9,80.6
NIM01524,1,Matematika,14,51.09
NIM00535,6,Matematika,9,99.68
NIM00144,8,Fisika,5,59.17
NIM00869,1,Kimia,7,85.54
NIM00656,3,Fisika,11,57.75
NIM00056,1,Kimia,13,77
NIM00620,7,Ekonomi,9,54.03
NIM01887,3,Pemrograman,8,88.34
NIM01030,8,Pemrograman,7,79.25
NIM00542,7,Matematika,14,54.31
NIM00447,7,Ekonomi,13,92.43
NIM01409,2,Ekonomi,11,77.35
NIM01331,3,Kimia,11,96.08
NIM00874,2,Ekonomi,12,95.83
NIM01881,6,Matematika,14,96.03
NIM00639,5,Kimia,5,53.89
NIM01326,5,Fisika,15,56.05
NIM01657,8,Kimia,8,99.39
NIM01429,8,Fisika,9,74.38
NIM00611,8,Kimia,9,61.91
NIM01702,7,Pemrograman,5,88.48
NIM00837,1,Fisika,7,63.21
NIM01855,3,Matematika,6,86.36
NIM01777,1,Fisika,11,91.86
NIM01586,3,Fisika,9,89.21
NIM00780,8,Kimia,7,63.7
NIM00837,1,Pemrograman,15,70.08
NIM00510,5,Kimia,12,70.66
NIM01097,6,Kimia,5,74.56
NIM00812,5,Pemrograman,5,58.37
NIM00564,1,Kimia,10,72.62
NIM00265,3,Pemrograman,5,75.54
NIM01251,4,Matematika,8,76.59
NIM01217,6,Pemrograman,10,91
NIM01398,3,Ekonomi,5,75.87
NIM01775,1,Pemrograman,13,61.54
NIM00010,3,Pemrograman,8,83.16
NIM00302,8,Ekonomi,13,89.87
NIM01383,2,Pemrograman,13,65.97
NIM01764,3,Fisika,10,82.27
NIM01978,5,Kimia,11,57.35
NIM00805,7,Kimia,5,67.1
NIM01076,5,Matematika,9,95.46
NIM01776,2,Matematika,7,95.57
NIM00099,6,Ekonomi,14,78.77
NIM00593,3,Fisika,14,85.12
NIM01037,6,Matematika,10,92.7
NIM01414,4,Kimia,8,97.93
NIM01978,3,Matematika,13,74.49
NIM00357,5,Matematika,11,78.08
NIM01664,7,Pemrograman,8,70.78
NIM01840,5,Matematika,15,53.6
NIM00928,6,Ekonomi,10,71.14
NIM00011,1,Kimia,6,89.53
NIM00081,5,Ekonomi,7,90.24
NIM01285,1,Ekonomi,15,94.62
NIM00006,5,Fisika,11,52.57
NIM01482,8,Pemrograman,15,76.36
NIM00373,5,Ekonomi,8,55.37
NIM00481,7,Fisika,14,60.04
NIM00222,4,Kimia,11,95.01
NIM01941,1,Kimia,13,74.84
NIM01834,1,Fisika,9,87.93
NIM01105,5,Ekonomi,5,53.22
NIM01947,8,Ekonomi,9,70.84
NIM00515,1,Pemrograman,10,83.71
NIM01084,5,Pemrograman,15,56.67
NIM00221,5,Kimia,6,66.29
NIM01986,6,Pemrograman,12,53.23
NIM00349,3,Fisika,6,82.57
NIM01585,1,Kimia,13,98.54
NIM00228,7,Ekonomi,6,91.35
NIM00290,2,Kimia,7,98.73
NIM00293,6,Matematika,12,92.28
NIM00810,1,Kimia,15,92.76
NIM01217,7,Pemrograman,10,78.86
NIM00956,8,Fisika,5,75.91
NIM01498,1,Ekonomi,8,70.31
NIM01281,4,Ekonomi,9,90.9
NIM01979,2,Pemrograman,15,59.1
NIM01530,2,Pemrograman,7,52.81
NIM00388,7,Pemrograman,5,97.39
NIM00615,4,Matematika,7,50.19
NIM01422,4,Fisika,13,98.84
NIM00366,1,Matematika,6,86.44
NIM00658,3,Pemrograman,5,66.42
NIM00290,7,Fisika,11,84.89
NIM01793,4,Pemrograman,11,90.89
NIM01333,2,Fisika,9,62.27
NIM01302,7,Ekonomi,6,88.54
NIM01488,2,Matematika,5,90.22
NIM00189,1,Pemrograman,9,62.47
NIM00918,7,Pemrograman,14,52.1
NIM01202,3,Kimia,8,60.21
NIM01552,5,Ekonomi,13,60.03
NIM00924,7,Pemrograman,9,53.26
NIM00988,4,Matematika,15,86.3
NIM00375,4,Ekonomi,14,69
