NIM00460,8,4578747,Lunas,Beasiswa B
NIM00247,1,9468748,Tertunggak,Tidak Ada
NIM00264,4,3170350,Lunas,Tidak Ada
NIM01230,8,2296856,Lunas,Beasiswa A
NIM01531,6,7721587,Lunas,Beasiswa A
NIM00530,1,5704344,Tertunggak,Tidak Ada
NIM01388,1,8454160,Lunas,Tidak Ada
NIM01787,3,2823947,Tertunggak,Tidak Ada
NIM00750,1,6518522,Lunas,Tidak Ada
NIM01364,7,8495218,Lunas,Tidak Ada
NIM00407,6,2196019,Lunas,Tidak Ada
NIM00453,4,9761418,Lunas,Beasiswa A
NIM01857,5,2833289,Lunas,Beasiswa A
NIM01901,3,8126011,Lunas,Tidak Ada
NIM00814,1,5878709,Lunas,Tidak Ada
NIM00578,6,6418156,Tertunggak,Tidak Ada
NIM01872,7,6199631,Lunas,Tidak Ada
NIM00965,7,4813758,Lunas,Tidak Ada
NIM01174,7,5228403,Lunas,Beasiswa A
NIM01217,2,3271059,Lunas,Beasiswa A
NIM01932,3,8586864,Lunas,Tidak Ada
NIM00147,4,4437892,Lunas,Beasiswa A
NIM00406,2,3981736,Tertunggak,Tidak Ada
NIM00183,8,2674165,Lunas,Tidak Ada
NIM01130,4,4852414,Tertunggak,Tidak Ada
NIM00236,2,7796023,Lunas,Tidak Ada
NIM00638,5,5936287,Lunas,Tidak Ada
NIM00958,4,6174659,Lunas,Tidak Ada
NIM00179,2,8413160,Lunas,Beasiswa A
NIM00432,8,3349039,Lunas,Tidak Ada
NIM01425,7,4896557,Tertunggak,Tidak Ada
NIM00525,8,5359181,Lunas,Tidak Ada
NIM00743,4,7739366,Lunas,Tidak Ada
NIM01564,8,9519191,Tertunggak,Beasiswa A
NIM01915,3,2450927,Lunas,Tidak Ada
NIM00323,4,8318737,Tertunggak,Beasiswa B
NIM01285,6,5124475,Lunas,Tidak Ada
NIM01636,4,2147621,Lunas,Tidak Ada
NIM01724,2,2126566,Lunas,Tidak Ada
NIM00399,8,8090738,Lunas,Beasiswa A
NIM00337,8,9891943,Lunas,Beasiswa B
NIM01324,4,9046848,Lunas,Tidak Ada
NIM00119,5,6808208,Lunas,Tidak Ada
NIM01582,1,4232921,Tertunggak,Tidak Ada
NIM00413,3,9617906,Lunas,Tidak Ada
NIM00580,6,7402197,Lunas,Tidak Ada
NIM01408,7,8204518,Tertunggak,Tidak Ada
NIM01504,2,8322769,Tertunggak,Tidak Ada
NIM00305,7,4836605,Lunas,Tidak Ada
NIM01707,7,2852005,Tertunggak,Tidak Ada
NIM01894,8,9393627,Lunas,Tidak Ada
NIM00196,4,5699924,Lunas,Tidak Ada
NIM00333,4,8135102,Lunas,Tidak Ada
NIM01044,4,6130789,Lunas,Tidak Ada
NIM00623,8,9117536,Lunas,Beasiswa A
NIM00658,3,6580061,Lunas,Beasiswa A
NIM00704,6,3610153,Lunas,Tidak Ada
NIM01457,1,2193782,Tertunggak,Tidak Ada
NIM00883,5,4237063,Lunas,Tidak Ada
NIM01450,6,6290845,Tertunggak,Tidak Ada
NIM01253,5,5869926,Lunas,Beasiswa A
NIM00524,7,2663871,Tertunggak,Beasiswa A
NIM00217,6,9426559,Lunas,Tidak Ada
NIM00990,2,2654856,Tertunggak,Tidak Ada
NIM01615,1,4463968,Lunas,Tidak Ada
NIM00375,1,4992633,Lunas,Beasiswa B
NIM00036,3,4752312,Lunas,Tidak Ada
NIM00776,8,4092138,Lunas,Tidak Ada
NIM00028,6,5090106,Lunas,Beasiswa A
NIM01396,4,7383900,Lunas,Tidak Ada
NIM00086,1,4666078,Lunas,Tidak Ada
NIM00188,6,5894978,Lunas,Beasiswa B
NIM00305,4,3709809,Lunas,Tidak Ada
NIM00766,3,7929701,Lunas,Beasiswa B
NIM01446,7,3252682,Lunas,Beasiswa A
NIM00080,7,9691268,Lunas,Beasiswa A
NIM00186,6,2491358,Lunas,Tidak Ada
NIM01029,6,9367123,Lunas,Tidak Ada
NIM00558,2,3906179,Lunas,Tidak Ada
NIM01890,6,2708359,Tertunggak,Tidak Ada
NIM01521,2,8022057,Lunas,Tidak Ada
NIM00509,4,4513058,Tertunggak,Tidak Ada
NIM01638,8,3327756,Lunas,Tidak Ada
NIM00971,7,3355760,Lunas,Tidak Ada
NIM01026,8,4546564,Lunas,Beasiswa A
NIM00217,4,2965415,Tertunggak,Tidak Ada
NIM01561,7,4272786,Lunas,Tidak Ada
NIM00257,7,4126304,Lunas,Tidak Ada
NIM01759,1,5755900,Lunas,Beasiswa B
NIM01477,3,5494403,Lunas,Tidak Ada
NIM01448,8,5462783,Lunas,Tidak Ada
NIM00324,2,4973882,Lunas,Tidak Ada
NIM01523,7,4490513,Lunas,Beasiswa A
NIM01605,1,2594925,Tertunggak,Beasiswa A
NIM00197,8,6329623,Tertunggak,Tidak Ada
NIM00504,5,5089770,Lunas,Tidak Ada
NIM01296,1,8623324,Lunas,Tidak Ada
NIM00694,4,8781982,Lunas,Tidak Ada
NIM00959,5,9010105,Lunas,Beasiswa A
NIM00018,8,3485339,Lunas,Tidak Ada
NIM00107,1,3968776,Lunas,Tidak Ada
NIM01553,6,7762988,Tertunggak,Tidak Ada
NIM00125,3,9271001,Tertunggak,Tidak Ada
NIM00483,2,3810480,Lunas,Tidak Ada
NIM01618,6,8797166,Lunas,Tidak Ada
NIM01028,5,3461505,Tertunggak,Tidak Ada
NIM00627,7,2568837,Tertunggak,Tidak Ada
NIM00351,3,4271772,Lunas,Tidak Ada
NIM00351,7,2445849,Lunas,Beasiswa A
NIM00649,1,3931419,Lunas,Tidak Ada
NIM01823,6,8513414,Lunas,Tidak Ada
NIM00901,4,8689313,Lunas,Tidak Ada
NIM00228,8,3381815,Tertunggak,Tidak Ada
NIM00016,4,2377481,Lunas,Tidak Ada
NIM01834,3,5026287,Lunas,Tidak Ada
NIM00425,4,7671912,Lunas,Beasiswa B
NIM00464,2,3574887,Lunas,Tidak Ada
NIM00724,8,3467448,Tertunggak,Beasiswa A
NIM01270,7,5100846,Lunas,Tidak Ada
NIM01822,3,7723349,Tertunggak,Tidak Ada
NIM00794,8,7802010,Lunas,Beasiswa A
NIM00177,3,9307046,Lunas,Tidak Ada
NIM00543,4,9395221,Lunas,Tidak Ada
NIM00509,3,5535990,Lunas,Tidak Ada
NIM01586,1,5911826,Lunas,Tidak Ada
NIM01679,5,6502371,Tertunggak,Tidak Ada
NIM00564,6,3345800,Lunas,Tidak Ada
NIM00233,5,5149202,Lunas,Beasiswa B
NIM01702,8,3173761,Lunas,Tidak Ada
NIM01062,7,2472923,Lunas,Beasiswa A
NIM00491,6,2658620,Lunas,Beasiswa B
NIM01017,4,2977722,Tertunggak,Tidak Ada
NIM00444,8,5003110,Lunas,Tidak Ada
NIM00020,2,6112341,Tertunggak,Tidak Ada
NIM01635,2,7248498,Lunas,Tidak Ada
NIM01751,4,8992581,Lunas,Tidak Ada
NIM01580,7,2781550,Lunas,Beasiswa A
NIM00111,4,4262342,Lunas,Tidak Ada
NIM00487,3,5810373,Lunas,Beasiswa A
NIM00089,2,9575456,Lunas,Tidak Ada
NIM01343,8,8610683,Lunas,Tidak Ada
NIM01142,5,6399053,Lunas,Tidak Ada
NIM00434,4,4256576,Lunas,Tidak Ada
NIM01942,7,4534424,Lunas,Tidak Ada
NIM01263,8,2980549,Lunas,Beasiswa A
NIM00072,7,5955867,Tertunggak,Tidak Ada
NIM00822,5,2153233,Lunas,Tidak Ada
NIM01929,6,6606170,Lunas,Tidak Ada
NIM01423,5,7521968,Tertunggak,Beasiswa A
NIM00816,7,2793978,Lunas,Tidak Ada
NIM00404,2,8869883,Lunas,Beasiswa B
NIM01699,6,5259585,Tertunggak,Beasiswa A
NIM00251,8,7512231,Lunas,Tidak Ada
NIM00869,5,7861972,Lunas,Tidak Ada
NIM01219,3,9018838,Lunas,Beasiswa A
NIM01596,3,8584822,Lunas,Tidak Ada
NIM01634,2,6092353,Lunas,Tidak Ada
NIM01954,8,7065039,Lunas,Tidak Ada
NIM00868,3,7937155,Lunas,Tidak Ada
NIM01891,4,9874337,Lunas,Beasiswa B
NIM01609,6,6340470,Lunas,Beasiswa A
NIM01246,2,2555524,Lunas,Tidak Ada
NIM01655,6,6595184,Lunas,Beasiswa A
NIM01206,8,6486369,Lunas,Beasiswa B
NIM00896,7,2357525,Lunas,Tidak Ada
NIM01754,5,8109421,Lunas,Beasiswa A
NIM00256,4,7179027,Lunas,Tidak Ada
NIM01932,2,7044326,Lunas,Tidak Ada
NIM01112,5,5941550,Lunas,Tidak Ada
NIM00873,5,5572721,Lunas,Tidak Ada
NIM01811,5,8995404,Tertunggak,Beasiswa B
NIM00492,5,8678251,Lunas,Tidak Ada
NIM00336,5,8727339,Lunas,Tidak Ada
NIM01562,2,4488837,Lunas,Tidak Ada
NIM01431,3,3602844,Lunas,Beasiswa A
NIM00633,5,9981280,Lunas,Tidak Ada
NIM01313,7,4853428,Lunas,Tidak Ada
NIM00362,7,6087040,Lunas,Beasiswa A
NIM01465,4,6257774,Lunas,Beasiswa A
NIM01054,2,5480634,Tertunggak,Beasiswa A
NIM00919,1,6020143,Tertunggak,Tidak Ada
NIM01738,3,8656245,Lunas,Beasiswa B
NIM00894,4,6867590,Lunas,Tidak Ada
NIM01572,7,4114773,Tertunggak,Tidak Ada
NIM00637,5,8171551,Lunas,Tidak Ada
NIM01247,2,3173180,Lunas,Tidak Ada
NIM00747,2,2340920,Lunas,Tidak Ada
NIM01148,5,3047346,Lunas,Tidak Ada
NIM00683,7,2035031,Tertunggak,Tidak Ada
NIM01003,4,9634322,Lunas,Tidak Ada
NIM01007,2,2508186,Lunas,Beasiswa A
NIM01986,6,4891582,Lunas,Beasiswa A
NIM00693,7,2114619,Tertunggak,Beasiswa B
NIM00215,7,2958012,Lunas,Tidak Ada
NIM00118,3,5615292,Lunas,Beasiswa B
NIM00227,4,7360854,Tertunggak,Tidak Ada
NIM00891,7,2293245,Lunas,Tidak Ada
NIM00444,8,9076908,Lunas,Beasiswa A
NIM00549,5,7584788,Lunas,Tidak Ada
NIM00829,8,3466539,Lunas,Tidak Ada
NIM01632,7,2373980,Lunas,Tidak Ada
NIM01656,8,5861888,Lunas,Tidak Ada
NIM01461,4,7862494,Lunas,Tidak Ada
NIM00012,8,6458330,Lunas,Beasiswa A
NIM01146,6,5315755,Lunas,Beasiswa A
NIM01571,7,9031011,Lunas,Tidak Ada
NIM00489,4,4157117,Tertunggak,Tidak Ada
NIM01275,7,8928700,Lunas,Beasiswa A
NIM00579,1,6414170,Lunas,Beasiswa A
NIM01506,8,3793358,Lunas,Tidak Ada
NIM01574,8,4269784,Lunas,Tidak Ada
NIM01304,5,4652783,Lunas,Tidak Ada
NIM00742,3,7492430,Lunas,Tidak Ada
NIM01361,5,2870375,Lunas,Beasiswa B
NIM00168,1,2115154,Lunas,Tidak Ada
NIM00961,5,4494318,Lunas,Beasiswa B
NIM01977,5,2134961,Lunas,Tidak Ada
NIM01352,3,6093642,Lunas,Tidak Ada
NIM01270,8,5633448,Lunas,Tidak Ada
NIM01615,1,2543264,Lunas,Tidak Ada
NIM01650,5,2285160,Lunas,Beasiswa B
NIM01325,6,6924411,Tertunggak,Tidak Ada
NIM01753,7,5955713,Tertunggak,Tidak Ada
NIM00200,5,9010154,Lunas,Tidak Ada
NIM01917,2,8845076,Lunas,Beasiswa A
NIM01524,5,6404001,Lunas,Beasiswa B
NIM00864,3,8274254,Lunas,Tidak Ada
NIM00754,2,3708372,Lunas,Tidak Ada
NIM01037,6,4245311,Lunas,Beasiswa A
NIM01390,7,9133590,Lunas,Tidak Ada
NIM01743,6,7268308,Lunas,Beasiswa A
NIM00774,6,5088689,Tertunggak,Beasiswa B
NIM00097,1,4780666,Lunas,Beasiswa A
NIM00071,6,9956365,Lunas,Beasiswa B
NIM00993,4,7479892,Lunas,Tidak Ada
NIM01839,3,4352891,Lunas,Tidak Ada
NIM01885,1,3486539,Tertunggak,Beasiswa B
NIM01766,2,8398825,Lunas,Tidak Ada
NIM00357,4,4131501,Lunas,Tidak Ada
NIM00812,1,9540597,Lunas,Tidak Ada
NIM00544,3,9377390,Lunas,Tidak Ada
NIM01274,2,2576772,Lunas,Tidak Ada
NIM00254,3,7978689,Lunas,Tidak Ada
NIM01795,3,3099413,Lunas,Tidak Ada
NIM01206,2,2599621,Lunas,Beasiswa B
NIM01876,6,3318251,Lunas,Tidak Ada
NIM01998,5,8305281,Lunas,Tidak Ada
NIM00988,3,5078684,Lunas,Tidak Ada
NIM01190,6,8626047,Lunas,Tidak Ada
NIM00004,7,2425532,Lunas,Tidak Ada
NIM01487,2,2333411,Lunas,Tidak Ada
NIM00145,3,8570879,Lunas,Tidak Ada
NIM00165,5,5783110,Lunas,Tidak Ada
NIM00344,7,4471055,Lunas,Tidak Ada
NIM01898,2,2699583,Lunas,Beasiswa B
NIM01129,8,5366752,Lunas,Beasiswa A
NIM01572,1,7401952,Lunas,Tidak Ada
NIM01338,1,3978125,Tertunggak,Beasiswa A
NIM01193,8,6114730,Lunas,Tidak Ada
NIM00520,6,8589899,Lunas,Tidak Ada
NIM01987,1,4304426,Tertunggak,Tidak Ada
NIM00926,4,7654341,Tertunggak,Tidak Ada
NIM01622,8,4326326,Lunas,Tidak Ada
NIM01460,3,3469131,Tertunggak,Tidak Ada
NIM00609,3,4822900,Tertunggak,Tidak Ada
NIM00512,2,8111262,Lunas,Tidak Ada
NIM00409,4,2194891,Lunas,Tidak Ada
NIM00436,3,8764489,Lunas,Tidak Ada
NIM01339,2,8680487,Lunas,Tidak Ada
NIM00542,5,5259802,Lunas,Tidak Ada
NIM00613,3,8928435,Lunas,Beasiswa A
NIM01603,6,8712703,Lunas,Beasiswa A
NIM00900,3,3720562,Lunas,Tidak Ada
NIM01885,5,4644742,Tertunggak,Tidak Ada
NIM01977,5,7878445,Lunas,Tidak Ada
NIM01087,3,5847779,Lunas,Beasiswa B
NIM01056,5,3471904,Lunas,Tidak Ada
NIM01623,2,6449754,Lunas,Tidak Ada
NIM01235,3,9148935,Lunas,Tidak Ada
NIM01487,3,2103812,Lunas,Tidak Ada
NIM00563,1,5347004,Lunas,Tidak Ada
NIM00575,6,9215047,Tertunggak,Beasiswa B
NIM01104,3,8495079,Lunas,Tidak Ada
NIM01022,7,8519483,Tertunggak,Tidak Ada
NIM00343,1,4088404,Lunas,Tidak Ada
NIM01256,5,6322711,Lunas,Tidak Ada
NIM01902,6,8134278,Lunas,Tidak Ada
NIM00613,6,6715708,Tertunggak,Beasiswa A
NIM00129,5,5570258,Lunas,Beasiswa B
NIM01043,2,4043230,Tertunggak,Tidak Ada
NIM00357,8,5608483,Tertunggak,Tidak Ada
NIM01443,8,3702170,Lunas,Beasiswa A
NIM00959,1,3730171,Lunas,Tidak Ada
NIM01630,3,5337372,Lunas,Tidak Ada
NIM00081,1,8062678,Lunas,Beasiswa A
NIM01639,5,7556371,Lunas,Beasiswa B
NIM01905,5,7800005,Lunas,Tidak Ada
NIM00666,7,7383537,Lunas,Tidak Ada
NIM00781,8,9605835,Lunas,Beasiswa A
NIM01142,2,2878193,Lunas,Beasiswa B
NIM01878,8,9869954,Lunas,Tidak Ada
NIM01518,6,9457001,Tertunggak,Beasiswa A
NIM00791,6,4988710,Lunas,Tidak Ada
NIM00492,5,7770850,Lunas,Tidak Ada
NIM01899,1,6098683,Lunas,Tidak Ada
NIM00225,6,9016914,Tertunggak,Tidak Ada
NIM00987,7,5019308,Tertunggak,Tidak Ada
NIM00419,7,6043645,Lunas,Beasiswa B
NIM00780,3,9295811,Lunas,Tidak Ada
NIM00137,3,3123614,Lunas,Tidak Ada
NIM00226,1,5084905,Lunas,Tidak Ada
NIM01358,8,3447205,Lunas,Tidak Ada
NIM01253,8,8313440,Lunas,Tidak Ada
NIM00323,2,3831045,Lunas,Beasiswa B
NIM01132,3,9622663,Lunas,Tidak Ada
NIM00812,1,8293531,Lunas,Tidak Ada
NIM00445,1,6621070,Lunas,Tidak Ada
NIM01941,5,4182878,Lunas,Tidak Ada
NIM00007,6,7602823,Lunas,Tidak Ada
NIM00128,5,7809461,Lunas,Beasiswa B
NIM01377,6,6664965,Lunas,Beasiswa A
NIM00267,2,2160284,Lunas,Beasiswa B
NIM00685,2,5816941,Lunas,Tidak Ada
NIM00928,2,3360929,Tertunggak,Tidak Ada
NIM00214,1,7978151,Tertunggak,Tidak Ada
NIM00247,1,7483849,Lunas,Tidak Ada
NIM01642,8,7157772,Lunas,Tidak Ada
NIM01619,5,8096957,Lunas,Tidak Ada
NIM01828,3,6648021,Tertunggak,Tidak Ada
NIM01398,7,8680276,Lunas,Tidak Ada
NIM00421,6,2777331,Lunas,Tidak Ada
NIM01739,6,8155840,Lunas,Tidak Ada
NIM01065,2,2066856,Tertunggak,Beasiswa A
NIM00717,8,2375162,Lunas,Tidak Ada
NIM01372,6,9855785,Lunas,Tidak Ada
NIM01585,4,3392243,Lunas,Tidak Ada
NIM00143,2,2561473,Lunas,Tidak Ada
NIM00141,7,4297459,Lunas,Tidak Ada
NIM00565,6,7685980,Lunas,Tidak Ada
NIM00107,5,3029476,Lunas,Tidak Ada
NIM00033,6,5239473,Lunas,Tidak Ada
NIM01224,1,5603270,Lunas,Tidak Ada
NIM00119,5,5709346,Lunas,Tidak Ada
NIM01824,5,9589341,Lunas,Tidak Ada
NIM00229,5,6517454,Lunas,Beasiswa A
NIM01654,4,5850215,Lunas,Tidak Ada
NIM00688,4,5168275,Lunas,Beasiswa B
NIM01988,6,2285083,Lunas,Tidak Ada
NIM01209,2,6536186,Lunas,Beasiswa A
NIM00830,8,8648356,Lunas,Tidak Ada
NIM01011,6,5888386,Tertunggak,Tidak Ada
NIM00850,6,2467548,Lunas,Tidak Ada
NIM01239,8,2657082,Lunas,Tidak Ada
NIM00733,8,7155172,Lunas,Tidak Ada
NIM01154,6,3423560,Lunas,Tidak Ada
NIM00845,8,7778842,Lunas,Beasiswa B
NIM00272,7,8667551,Lunas,Tidak Ada
NIM01782,1,9732271,Lunas,Beasiswa B
NIM00635,5,3968892,Lunas,Tidak Ada
NIM01032,3,3812013,Lunas,Beasiswa A
NIM00403,7,2122225,Lunas,Tidak Ada
NIM00928,2,3444070,Lunas,Tidak Ada
NIM01603,2,8274142,Lunas,Tidak Ada
NIM00627,5,9506222,Lunas,Tidak Ada
NIM01393,2,8290649,Lunas,Tidak Ada
NIM01824,5,2200231,Lunas,Tidak Ada
NIM00617,2,5545474,Lunas,Tidak Ada
NIM00981,6,6768458,Tertunggak,Tidak Ada
NIM00537,1,4965107,Tertunggak,Tidak Ada
NIM01077,7,9209884,Tertunggak,Tidak Ada
NIM00247,7,5689562,Tertunggak,Beasiswa A
NIM00337,2,2839737,Lunas,Tidak Ada
NIM01305,7,4199985,Lunas,Tidak Ada
NIM00033,2,2995310,Lunas,Tidak Ada
NIM00799,8,2150025,Lunas,Tidak Ada
NIM00548,8,2690943,Lunas,Beasiswa B
NIM01367,8,4317116,Lunas,Beasiswa B
NIM00891,3,3308408,Tertunggak,Beasiswa A
NIM01263,7,4822626,Lunas,Tidak Ada
NIM01516,1,7505912,Tertunggak,Tidak Ada
NIM00729,7,9165756,Lunas,Tidak Ada
NIM01201,6,5362198,Lunas,Tidak Ada
NIM00044,1,4182661,Lunas,Tidak Ada
NIM00304,7,9976266,Lunas,Tidak Ada
NIM01694,1,5654890,Lunas,Tidak Ada
NIM00269,7,7004146,Lunas,Tidak Ada
NIM00683,2,5678618,Lunas,Tidak Ada
NIM01757,4,7261494,Lunas,Tidak Ada
NIM00400,8,7102878,Lunas,Beasiswa A
NIM01766,2,4075770,Tertunggak,Beasiswa A
NIM00603,5,7630109,Lunas,Tidak Ada
NIM00922,8,7242178,Lunas,Tidak Ada
NIM00971,7,5164172,Lunas,Beasiswa A
NIM00431,3,7558074,Lunas,Tidak Ada
NIM00421,1,3116725,Lunas,Tidak Ada
NIM00131,5,3694567,Lunas,Tidak Ada
NIM01434,6,2894740,Tertunggak,Tidak Ada
NIM01762,8,9690794,Lunas,Tidak Ada
NIM01249,5,9456522,Tertunggak,Beasiswa A
NIM01167,8,8241900,Lunas,Beasiswa A
NIM00578,4,3093442,Lunas,Beasiswa B
NIM00540,7,6653733,Lunas,Tidak Ada
NIM00125,1,7188446,Lunas,Tidak Ada
NIM01236,2,3761175,Lunas,Tidak Ada
NIM00934,1,6837993,Lunas,Tidak Ada
NIM01452,8,6824626,Lunas,Tidak Ada
NIM01461,3,3616075,Lunas,Tidak Ada
NIM00592,1,6590524,Lunas,Beasiswa A
NIM01262,5,4160941,Lunas,Tidak Ada
NIM00644,5,8011946,Lunas,Tidak Ada
NIM00328,2,5220250,Lunas,Tidak Ada
NIM00812,2,8879828,Lunas,Tidak Ada
NIM01143,2,9963352,Lunas,Tidak Ada
NIM00046,6,5434141,Lunas,Tidak Ada
NIM00084,7,6274013,Tertunggak,Beasiswa A
NIM00794,3,8404601,Lunas,Tidak Ada
NIM00352,6,2545406,Lunas,Tidak Ada
NIM01037,8,9045310,Lunas,Beasiswa A
NIM00637,6,2276233,Lunas,Beasiswa A
NIM01861,6,9197570,Tertunggak,Tidak Ada
NIM01196,8,7285836,Lunas,Tidak Ada
NIM00234,1,2763963,Lunas,Tidak Ada
NIM01205,4,3003290,Lunas,Tidak Ada
NIM01075,8,6797818,Lunas,Tidak Ada
NIM00781,7,6076972,Lunas,Tidak Ada
NIM00681,1,7875773,Tertunggak,Tidak Ada
NIM01419,8,2759703,Tertunggak,Tidak Ada
NIM00933,2,9182637,Lunas,Tidak Ada
NIM01852,8,6563581,Lunas,Tidak Ada
NIM01824,3,5084237,Lunas,Beasiswa A
NIM01453,8,3176550,Lunas,Tidak Ada
NIM01298,6,3562795,Lunas,Tidak Ada
NIM00861,1,7576184,Lunas,Tidak Ada
NIM01231,7,8115390,Lunas,Beasiswa A
NIM00148,5,7286659,Lunas,Beasiswa A
NIM00300,7,3200143,Lunas,Beasiswa A
NIM01956,6,9117490,Tertunggak,Tidak Ada
NIM01477,7,6072265,Lunas,Tidak Ada
NIM00549,1,5329903,Tertunggak,Tidak Ada
NIM01697,5,9033956,Lunas,Tidak Ada
NIM00978,8,3986522,Lunas,Beasiswa A
NIM00383,1,7246127,Lunas,Beasiswa B
NIM01811,8,3230016,Lunas,Beasiswa A
NIM01971,1,6849604,Lunas,Tidak Ada
NIM00800,8,5069900,Tertunggak,Tidak Ada
NIM01642,6,2630572,Lunas,Tidak Ada
NIM00534,8,9758722,Lunas,Tidak Ada
NIM01257,1,9273744,Lunas,Beasiswa A
NIM01658,2,8690258,Tertunggak,Beasiswa B
NIM01153,7,3366948,Lunas,Tidak Ada
NIM01846,5,3318660,Lunas,Tidak Ada
NIM01753,8,6475054,Tertunggak,Beasiswa A
NIM01684,3,8923497,Lunas,Beasiswa A
NIM00570,4,2302891,Lunas,Tidak Ada
NIM00931,7,3506519,Lunas,Tidak Ada
NIM00237,6,7932522,Lunas,Beasiswa B
NIM01606,5,7038496,Tertunggak,Tidak Ada
NIM00966,2,5669750,Lunas,Beasiswa A
NIM00701,5,6126228,Lunas,Tidak Ada
NIM00754,3,9057858,Tertunggak,Beasiswa B
NIM00575,6,9342915,Lunas,Beasiswa A
NIM01509,5,5575538,Tertunggak,Tidak Ada
NIM01265,7,7994271,Lunas,Beasiswa A
NIM00957,2,8500631,Lunas,Tidak Ada
NIM01017,6,9934195,Lunas,Tidak Ada
NIM01721,2,4065058,Tertunggak,Tidak Ada
NIM00771,6,5030082,Lunas,Tidak Ada
NIM01765,4,2147558,Tertunggak,Tidak Ada
NIM00223,3,2076085,Lunas,Beasiswa A
NIM01123,4,4887577,Lunas,Tidak Ada
NIM01783,7,8696891,Lunas,Tidak Ada
NIM00557,7,7508732,Lunas,Beasiswa A
NIM00911,7,2028788,Lunas,Tidak Ada
NIM00273,1,6195799,Tertunggak,Tidak Ada
NIM01423,7,6944634,Lunas,Beasiswa A
NIM01541,2,7672256,Lunas,Tidak Ada
NIM00430,4,2634290,Tertunggak,Tidak Ada
NIM00523,2,7381489,Lunas,Beasiswa B
NIM00960,6,8458081,Tertunggak,Beasiswa A
NIM01372,8,6871867,Lunas,Tidak Ada
NIM00910,2,7105850,Lunas,Tidak Ada
NIM01575,1,5526219,Lunas,Beasiswa B
NIM00451,2,8214416,Lunas,Tidak Ada
NIM01975,6,4954708,Lunas,Tidak Ada
NIM01012,8,9040660,Tertunggak,Beasiswa B
NIM00042,6,2365250,Tertunggak,Tidak Ada
NIM01739,4,8241131,Lunas,Tidak Ada
NIM00094,7,4134811,Tertunggak,Tidak Ada
NIM00486,3,9188952,Lunas,Tidak Ada
NIM00517,5,8617643,Tertunggak,Tidak Ada
NIM01588,8,5935685,Lunas,Beasiswa B
NIM01174,4,4575805,Lunas,Tidak Ada
NIM00717,8,9606953,Lunas,Tidak Ada
NIM01836,1,2725085,Lunas,Tidak Ada
NIM00499,5,6895455,Lunas,Tidak Ada
NIM00371,2,3661717,Lunas,Tidak Ada
NIM00981,4,6446201,Lunas,Beasiswa A
NIM00699,5,3308709,Lunas,Tidak Ada
NIM00485,7,6319713,Tertunggak,Tidak Ada
NIM00665,7,2065258,Lunas,Tidak Ada
NIM01407,4,7101678,Lunas,Tidak Ada
NIM00628,7,2477049,Lunas,Tidak Ada
NIM01685,2,3649049,Lunas,Tidak Ada
NIM00732,6,5169447,Lunas,Beasiswa A
NIM00192,4,3422901,Lunas,Beasiswa B
NIM01769,1,3702284,Lunas,Tidak Ada
NIM00836,5,6785278,Lunas,Beasiswa B
NIM01245,5,3259485,Lunas,Tidak Ada
NIM01071,5,6353810,Tertunggak,Beasiswa A
NIM00127,4,4854953,Lunas,Beasiswa A
NIM01827,2,2544808,Lunas,Beasiswa B
NIM00727,4,3367601,Lunas,Tidak Ada
NIM01031,4,9210470,Lunas,Tidak Ada
NIM00696,7,8582146,Lunas,Tidak Ada
NIM01140,6,6470430,Lunas,Beasiswa A
NIM00564,5,9933771,Lunas,Tidak Ada
NIM00366,2,4046350,Lunas,Beasiswa A
NIM01070,3,3005749,Lunas,Tidak Ada
NIM00393,8,3592500,Lunas,Tidak Ada
NIM00954,2,4326444,Lunas,Tidak Ada
NIM00023,7,6452005,Lunas,Beasiswa A
NIM01155,4,2713447,Lunas,Tidak Ada
NIM01151,1,9482061,Lunas,Beasiswa A
NIM00445,2,3347426,Lunas,Tidak Ada
NIM00777,5,6835791,Lunas,Tidak Ada
NIM01333,1,7604401,Lunas,Tidak Ada
NIM00708,3,4684311,Lunas,Tidak Ada
NIM00433,3,4227600,Lunas,Tidak Ada
NIM00473,8,5140753,Lunas,Tidak Ada
NIM01990,1,3634601,Tertunggak,Tidak Ada
NIM00048,7,7474448,Lunas,Tidak Ada
NIM01915,3,3613839,Lunas,Tidak Ada
NIM01106,1,6029524,Lunas,Beasiswa A
NIM01133,4,9445719,Lunas,Tidak Ada
NIM00263,1,5042785,Lunas,Tidak Ada
NIM01891,4,4659379,Lunas,Beasiswa A
NIM01055,8,2532586,Lunas,Tidak Ada
NIM00358,7,9983322,Lunas,Tidak Ada
NIM00568,5,2719782,Lunas,Tidak Ada
NIM00480,5,9346512,Tertunggak,Tidak Ada
NIM00867,3,6156312,Tertunggak,Tidak Ada
NIM01213,6,4863474,Lunas,Tidak Ada
NIM01029,6,5075045,Lunas,Tidak Ada
NIM01310,1,3903401,Lunas,Beasiswa A
NIM01814,7,7247229,Lunas,Beasiswa B
NIM01681,8,9406996,Lunas,Tidak Ada
NIM01418,4,8855235,Lunas,Beasiswa A
NIM01479,5,7629912,Lunas,Tidak Ada
NIM00708,7,2875131,Tertunggak,Tidak Ada
NIM00426,5,6877341,Tertunggak,Tidak Ada
NIM01051,5,3669304,Lunas,Tidak Ada
NIM00127,3,2259360,Tertunggak,Tidak Ada
NIM00135,5,3916262,Lunas,Tidak Ada
NIM01559,8,7847513,Lunas,Beasiswa A
NIM00331,6,4241496,Lunas,Beasiswa A
NIM01653,8,3191476,Lunas,Tidak Ada
NIM00392,2,5190159,Lunas,Tidak Ada
NIM00008,3,3449648,Tertunggak,Beasiswa A
NIM00613,1,9875543,Lunas,Tidak Ada
NIM01285,2,3039492,Lunas,Tidak Ada
NIM01223,3,7020149,Lunas,Tidak Ada
NIM00598,7,6251126,Lunas,Tidak Ada
NIM01764,3,8851433,Tertunggak,Tidak Ada
NIM00386,8,8758374,Lunas,Tidak Ada
NIM00472,4,2973900,Lunas,Tidak Ada
NIM00179,2,9090525,Lunas,Tidak Ada
NIM00450,2,5668027,Lunas,Tidak Ada
NIM01264,8,6896198,Lunas,Tidak Ada
NIM01548,6,4032494,Lunas,Beasiswa A
NIM00815,2,2469456,Tertunggak,Tidak Ada
NIM01770,5,9151926,Tertunggak,Tidak Ada
NIM01207,6,8284378,Tertunggak,Beasiswa A
NIM01818,7,5947426,Lunas,Beasiswa A
NIM00358,5,2048068,Tertunggak,Beasiswa B
NIM00376,6,3410345,Lunas,Beasiswa A
NIM01965,1,9515460,Tertunggak,Tidak Ada
NIM00702,7,8639895,Tertunggak,Beasiswa B
NIM00838,6,6864710,Tertunggak,Beasiswa A
NIM01751,1,8808518,Tertunggak,Tidak Ada
NIM01794,6,8155381,Lunas,Tidak Ada
NIM00538,1,6743862,Lunas,Beasiswa A
NIM00782,5,4741133,Lunas,Beasiswa B
NIM00082,7,7319222,Lunas,Tidak Ada
NIM01382,7,4334990,Lunas,Tidak Ada
NIM00185,6,8673924,Lunas,Tidak Ada
NIM00288,4,8853732,Lunas,Beasiswa B
NIM01086,6,6318595,Lunas,Beasiswa B
NIM00883,1,8550813,Tertunggak,Beasiswa B
NIM00507,7,4935763,Lunas,Beasiswa A
NIM01486,3,2560180,Lunas,Tidak Ada
NIM00030,5,8407897,Lunas,Tidak Ada
NIM01933,4,2422728,Tertunggak,Tidak Ada
NIM00936,3,7433117,Lunas,Tidak Ada
NIM00031,8,8660090,Lunas,Tidak Ada
NIM01317,3,5281899,Tertunggak,Tidak Ada
NIM01197,5,9655663,Lunas,Tidak Ada
NIM01638,6,8278357,Lunas,Beasiswa B
NIM01152,2,2095847,Lunas,Tidak Ada
NIM00086,4,6399464,Lunas,Tidak Ada
NIM01339,6,5091819,Lunas,Tidak Ada
NIM00028,5,5236573,Lunas,Tidak Ada
NIM00122,2,2312147,Lunas,Tidak Ada
NIM01275,8,6965211,Lunas,Tidak Ada
NIM00573,5,2897724,Lunas,Tidak Ada
NIM00403,5,5999046,Lunas,Tidak Ada
NIM00683,3,3257460,Tertunggak,Beasiswa A
NIM01467,7,6713283,Lunas,Tidak Ada
NIM00272,6,7778907,Tertunggak,Tidak Ada
NIM00837,8,9164726,Lunas,Tidak Ada
NIM01836,5,2628322,Lunas,Tidak Ada
NIM00113,6,2274528,Lunas,Tidak Ada
NIM01730,2,9504198,Lunas,Tidak Ada
NIM01418,3,3706056,Lunas,Tidak Ada
NIM01967,2,9734241,Lunas,Beasiswa A
NIM00019,2,4184447,Lunas,Tidak Ada
NIM01876,3,5950310,Lunas,Beasiswa B
NIM00605,6,9142569,Tertunggak,Tidak Ada
NIM01753,2,8026209,Tertunggak,Beasiswa A
NIM00465,1,8598988,Lunas,Tidak Ada
NIM00691,6,6154524,Lunas,Tidak Ada
NIM01011,7,4997666,Lunas,Tidak Ada
NIM01933,7,4410412,Lunas,Tidak Ada
NIM01215,5,7429705,Lunas,Tidak Ada
NIM01517,3,2887517,Tertunggak,Beasiswa B
NIM01936,7,2035673,Tertunggak,Tidak Ada
NIM01014,3,2663650,Lunas,Beasiswa A
NIM01973,6,3108699,Lunas,Tidak Ada
NIM00163,1,6438940,Lunas,Tidak Ada
NIM01636,8,9094515,Lunas,Tidak Ada
NIM00699,1,3560517,Lunas,Tidak Ada
NIM00295,1,3122050,Lunas,Tidak Ada
NIM00579,1,9005660,Lunas,Tidak Ada
NIM01097,4,3635768,Tertunggak,Tidak Ada
NIM01768,8,2720065,Lunas,Beasiswa B
NIM00701,3,4200950,Lunas,Tidak Ada
NIM01586,2,5213973,Tertunggak,Beasiswa A
NIM01333,3,3207277,Lunas,Beasiswa A
NIM00302,7,4470254,Lunas,Tidak Ada
NIM01332,8,8597786,Tertunggak,Beasiswa A
NIM00124,3,8158834,Tertunggak,Beasiswa A
NIM00669,3,6414997,Lunas,Tidak Ada
NIM01285,8,8337993,Lunas,Tidak Ada
NIM00195,1,5120755,Lunas,Beasiswa A
NIM00842,1,8584432,Lunas,Beasiswa A
NIM00351,4,8314928,Lunas,Beasiswa A
NIM01867,6,6374226,Lunas,Tidak Ada
NIM01792,3,4212887,Tertunggak,Tidak Ada
NIM01960,5,7329178,Lunas,Tidak Ada
NIM00489,8,3582371,Tertunggak,Beasiswa A
NIM00200,6,5351914,Lunas,Tidak Ada
NIM00884,7,6774288,Lunas,Tidak Ada
NIM00508,8,6659767,Tertunggak,Tidak Ada
NIM00898,4,5144969,Lunas,Tidak Ada
NIM01604,8,9396405,Lunas,Tidak Ada
NIM00446,7,6734571,Lunas,Beasiswa A
NIM00080,1,4505417,Lunas,Tidak Ada
NIM00745,7,3894089,Lunas,Beasiswa B
NIM00698,3,5170725,Lunas,Beasiswa B
NIM01641,1,4006910,Lunas,Tidak Ada
NIM01493,8,5358169,Lunas,Tidak Ada
NIM01861,6,9950041,Lunas,Tidak Ada
NIM01466,2,6740338,Lunas,Beasiswa A
NIM00931,1,9611779,Lunas,Tidak Ada
NIM00654,1,4436273,Lunas,Beasiswa A
NIM01935,4,7247450,Lunas,Tidak Ada
NIM00902,2,8979132,Tertunggak,Beasiswa B
NIM00272,6,5197332,Lunas,Tidak Ada
NIM01367,8,3067043,Lunas,Beasiswa A
NIM00124,5,8025573,Lunas,Beasiswa A
NIM01247,5,4961965,Lunas,Tidak Ada
NIM01514,8,2962142,Lunas,Tidak Ada
NIM00686,5,4598214,Lunas,Tidak Ada
NIM01727,3,5565887,Lunas,Tidak Ada
NIM00652,5,6395745,Lunas,Tidak Ada
NIM00297,3,4333329,Tertunggak,Beasiswa A
NIM01143,6,4882007,Lunas,Tidak Ada
NIM00787,6,9343372,Lunas,Tidak Ada
NIM01100,1,5975692,Lunas,Beasiswa A
NIM00621,8,9024664,Tertunggak,Beasiswa B
NIM01655,5,7964415,Lunas,Beasiswa A
NIM00973,4,6384294,Lunas,Tidak Ada
NIM00881,6,7287068,Lunas,Beasiswa B
NIM01282,2,6733803,Lunas,Beasiswa A
NIM01556,2,7518520,Lunas,Tidak Ada
NIM01655,8,4977965,Lunas,Tidak Ada
NIM00351,8,6906912,Lunas,Tidak Ada
NIM01673,6,3548247,Lunas,Tidak Ada
NIM01301,1,4848137,Tertunggak,Beasiswa A
NIM00255,8,3482937,Tertunggak,Tidak Ada
NIM01288,7,4987288,Lunas,Beasiswa A
NIM00679,2,5175400,Lunas,Tidak Ada
NIM01701,8,4178633,Lunas,Tidak Ada
NIM00029,2,2476454,Lunas,Tidak Ada
NIM00467,7,9545359,Lunas,Tidak Ada
NIM01059,1,7934267,Lunas,Beasiswa A
NIM00749,7,9769499,Tertunggak,Tidak Ada
NIM01318,1,7655499,Lunas,Tidak Ada
NIM00602,1,4085547,Lunas,Tidak Ada
NIM01227,4,8252729,Lunas,Beasiswa A
NIM00740,1,9054879,Lunas,Tidak Ada
NIM00931,1,7005886,Tertunggak,Beasiswa A
NIM01092,1,9940082,Lunas,Tidak Ada
NIM00131,6,5323740,Tertunggak,Tidak Ada
NIM01901,8,2836908,Lunas,Beasiswa A
NIM00111,8,9180596,Lunas,Tidak Ada
NIM00524,5,4335932,Tertunggak,Tidak Ada
NIM01312,6,3546033,Lunas,Tidak Ada
NIM00687,5,7539226,Lunas,Beasiswa A
NIM00831,4,9610905,Lunas,Tidak Ada
NIM00666,4,3596802,Lunas,Tidak Ada
NIM01067,8,6952921,Lunas,Tidak Ada
NIM00875,8,2075302,Lunas,Beasiswa A
NIM01741,2,5481792,Lunas,Beasiswa A
NIM01708,7,2550050,Lunas,Tidak Ada
NIM01318,7,2684084,Tertunggak,Tidak Ada
NIM00285,6,2614874,Lunas,Beasiswa A
NIM00823,5,9360685,Lunas,Tidak Ada
NIM00564,4,7911747,Lunas,Beasiswa B
NIM01651,4,2335058,Lunas,Tidak Ada
NIM00019,8,6368149,Lunas,Tidak Ada
NIM01531,6,8664891,Lunas,Beasiswa A
NIM00547,2,6229509,Lunas,Beasiswa B
NIM00048,8,6992307,Lunas,Beasiswa A
NIM01769,8,7411272,Lunas,Beasiswa A
NIM00219,1,6310346,Lunas,Beasiswa A
NIM01646,3,5718869,Lunas,Tidak Ada
NIM00766,2,4258414,Lunas,Beasiswa B
NIM01212,7,3166664,Lunas,Tidak Ada
NIM00031,8,8904860,Lunas,Tidak Ada
NIM00259,7,2429738,Lunas,Tidak Ada
NIM01699,3,8756473,Lunas,Tidak Ada
NIM01368,2,8335945,Tertunggak,Beasiswa A
NIM00308,2,4357665,Lunas,Tidak Ada
NIM01095,1,9848094,Lunas,Beasiswa A
NIM00307,4,5086933,Lunas,Tidak Ada
NIM00568,5,9997229,Lunas,Beasiswa B
NIM01123,2,5985923,Lunas,Tidak Ada
NIM00021,1,7325825,Tertunggak,Tidak Ada
NIM01921,7,3629828,Lunas,Tidak Ada
NIM01644,3,9470381,Lunas,Beasiswa B
NIM01589,6,9920718,Lunas,Beasiswa B
NIM01030,7,9160485,Tertunggak,Tidak Ada
NIM00231,8,4674638,Lunas,Beasiswa A
NIM00082,6,8639341,Lunas,Beasiswa A
NIM00958,4,6098375,Tertunggak,Tidak Ada
NIM00217,6,2049427,Lunas,Tidak Ada
NIM00335,2,3710795,Lunas,Tidak Ada
NIM00559,3,3356227,Tertunggak,Tidak Ada
NIM00864,2,3635434,Lunas,Tidak Ada
NIM00874,6,6600374,Lunas,Beasiswa A
NIM00753,5,4390950,Tertunggak,Tidak Ada
NIM01714,7,3811320,Tertunggak,Tidak Ada
NIM00594,8,8531235,Lunas,Tidak Ada
NIM01823,6,4775566,Lunas,Beasiswa A
NIM00704,8,2335872,Lunas,Tidak Ada
NIM00925,5,4157406,Lunas,Tidak Ada
NIM01679,6,7703816,Lunas,Beasiswa A
NIM01850,4,2700566,Tertunggak,Tidak Ada
NIM01815,3,5050675,Lunas,Beasiswa A
NIM01958,5,2802713,Lunas,Tidak Ada
NIM00553,1,6986599,Lunas,Beasiswa B
NIM01483,4,6508651,Tertunggak,Tidak Ada
NIM00783,2,7711334,Lunas,Tidak Ada
NIM00087,6,9638715,Tertunggak,Tidak Ada
NIM01539,3,6455441,Tertunggak,Tidak Ada
NIM01747,3,2210144,Tertunggak,Beasiswa B
NIM00513,6,9664614,Tertunggak,Tidak Ada
NIM00984,1,6210381,Tertunggak,Tidak Ada
NIM01009,7,7628992,Tertunggak,Beasiswa B
NIM00587,7,9895372,Lunas,Tidak Ada
NIM01502,5,7572979,Lunas,Tidak Ada
NIM00498,6,6863182,Lunas,Tidak Ada
NIM00907,8,6857060,Lunas,Tidak Ada
NIM00956,3,3133124,Lunas,Tidak Ada
NIM00743,1,7414029,Lunas,Beasiswa A
NIM00449,7,9352013,Tertunggak,Tidak Ada
NIM00588,1,3671853,Lunas,Tidak Ada
NIM00260,7,2592580,Lunas,Beasiswa A
NIM01561,2,4424138,Lunas,Tidak Ada
NIM01224,1,8165407,Lunas,Tidak Ada
NIM00463,4,4844466,Lunas,Tidak Ada
NIM01963,8,4090692,Tertunggak,Beasiswa A
NIM00094,3,4380515,Lunas,Tidak Ada
NIM01021,4,3945870,Lunas,Tidak Ada
NIM01960,7,3001396,Lunas,Tidak Ada
NIM01376,1,6080326,Lunas,Beasiswa B
NIM01132,1,8283588,Tertunggak,Tidak Ada
NIM00355,8,7280733,Lunas,Tidak Ada
NIM00469,4,4233870,Tertunggak,Tidak Ada
NIM00095,2,2177997,Lunas,Tidak Ada
NIM00868,1,9515031,Lunas,Tidak Ada
NIM00091,4,7385943,Tertunggak,Tidak Ada
NIM01068,4,9227938,Tertunggak,Beasiswa B
NIM01480,8,6670532,Lunas,Tidak Ada
NIM00955,3,2035723,Lunas,Tidak Ada
NIM00384,2,2680147,Lunas,Beasiswa A
NIM00023,5,4450989,Lunas,Tidak Ada
NIM01726,4,4997629,Lunas,Tidak Ada
NIM00023,8,9258052,Lunas,Tidak Ada
NIM01258,8,7549815,Lunas,Tidak Ada
NIM01722,3,6269475,Lunas,Tidak Ada
NIM00311,5,2408148,Lunas,Beasiswa A
NIM01441,8,3871919,Tertunggak,Beasiswa A
NIM01357,8,9860454,Lunas,Beasiswa A
NIM00575,3,7628482,Lunas,Beasiswa A
NIM00103,3,4465244,Lunas,Beasiswa A
NIM00500,6,8130613,Lunas,Tidak Ada
NIM00828,2,8657112,Lunas,Tidak Ada
NIM01507,1,3451738,Lunas,Tidak Ada
NIM00189,2,4444195,Lunas,Tidak Ada
NIM01872,5,4242611,Lunas,Tidak Ada
NIM00460,6,3510933,Lunas,Beasiswa B
NIM00189,8,2836005,Lunas,Tidak Ada
NIM00351,2,3688162,Lunas,Tidak Ada
NIM00581,8,7808573,Lunas,Tidak Ada
NIM00114,1,8824896,Lunas,Beasiswa B
NIM00104,2,9569538,Lunas,Beasiswa A
NIM00620,2,9768663,Lunas,Tidak Ada
NIM01532,2,9829127,Lunas,Tidak Ada
NIM01369,4,4994159,Lunas,Beasiswa B
NIM01045,4,7486965,Lunas,Tidak Ada
NIM00387,2,9191078,Lunas,Beasiswa A
NIM00944,1,2629265,Lunas,Tidak Ada
NIM01802,8,9765096,Tertunggak,Beasiswa A
NIM00855,7,2436610,Lunas,Beasiswa A
NIM01233,1,3773201,Lunas,Beasiswa A
NIM01706,1,9311695,Tertunggak,Tidak Ada
NIM00483,1,5177183,Lunas,Beasiswa A
NIM00473,8,4847860,Lunas,Tidak Ada
NIM01730,6,7571584,Lunas,Tidak Ada
NIM00859,6,8121076,Lunas,Beasiswa B
NIM00942,3,2498559,Lunas,Tidak Ada
NIM00393,2,3196569,Lunas,Beasiswa A
NIM01659,7,7668275,Lunas,Tidak Ada
NIM01713,7,5248623,Lunas,Beasiswa B
NIM00516,2,3756171,Lunas,Beasiswa B
NIM01212,3,7930277,Lunas,Tidak Ada
NIM00346,1,2033275,Tertunggak,Beasiswa A
NIM01376,5,2823124,Lunas,Tidak Ada
NIM00541,5,8038184,Tertunggak,Tidak Ada
NIM01622,8,6770356,Lunas,Tidak Ada
NIM00047,3,2119564,Lunas,Tidak Ada
NIM01101,7,8906615,Lunas,Tidak Ada
NIM00343,5,4707583,Tertunggak,Tidak Ada
NIM01215,4,9261259,Lunas,Tidak Ada
NIM00543,2,3963276,Lunas,Tidak Ada
NIM00819,5,9506065,Lunas,Tidak Ada
NIM01705,8,7791634,Lunas,Tidak Ada
NIM01060,6,2408978,Lunas,Tidak Ada
NIM00757,8,2674290,Lunas,Beasiswa B
NIM01448,6,7428165,Tertunggak,Tidak Ada
NIM00351,7,7948614,Tertunggak,Tidak Ada
NIM00188,7,8479430,Tertunggak,Tidak Ada
NIM01551,4,8886299,Lunas,Beasiswa A
NIM00334,8,3674742,Lunas,Tidak Ada
NIM00483,2,2841307,Lunas,Tidak Ada
NIM01240,8,7675410,Tertunggak,Beasiswa A
NIM01182,4,8998991,Lunas,Tidak Ada
NIM01950,2,2216272,Lunas,Tidak Ada
NIM00667,2,5063634,Tertunggak,Beasiswa A
NIM01265,7,2451631,Lunas,Tidak Ada
NIM00296,5,6538908,Lunas,Tidak Ada
NIM01486,8,6764847,Lunas,Tidak Ada
NIM00045,6,2311806,Lunas,Tidak Ada
NIM00495,3,6544530,Tertunggak,Tidak Ada
NIM01995,5,6798958,Lunas,Beasiswa B
NIM00175,8,9811426,Lunas,Tidak Ada
NIM01004,7,9035438,Lunas,Beasiswa B
NIM01370,1,6243800,Lunas,Tidak Ada
NIM00056,4,8657083,Lunas,Beasiswa A
NIM01590,7,5455663,Lunas,Tidak Ada
NIM00341,8,8780670,Lunas,Beasiswa A
NIM01801,1,7431187,Lunas,Tidak Ada
NIM01910,2,4922724,Lunas,Tidak Ada
NIM01775,7,7746834,Lunas,Tidak Ada
NIM01857,5,4469161,Lunas,Beasiswa B
NIM01132,8,4784588,Lunas,Tidak Ada
NIM01734,1,7876043,Lunas,Beasiswa A
NIM01921,1,9915952,Tertunggak,Tidak Ada
NIM00214,6,8791566,Lunas,Tidak Ada
NIM01523,7,7002939,Lunas,Tidak Ada
NIM00758,1,7749571,Lunas,Beasiswa B
NIM01421,6,7074128,Lunas,Tidak Ada
NIM00550,6,9189914,Lunas,Tidak Ada
NIM00497,2,7812810,Lunas,Tidak Ada
NIM00173,8,9728822,Lunas,Beasiswa A
NIM00105,6,9723606,Lunas,Tidak Ada
NIM01576,2,8038798,Lunas,Beasiswa A
NIM00479,6,7434547,Lunas,Beasiswa A
NIM01423,6,9503262,Lunas,Beasiswa A
NIM00434,7,5398388,Lunas,Tidak Ada
NIM00642,7,4898265,Lunas,Beasiswa B
NIM00693,2,2579078,Lunas,Tidak Ada
NIM00991,1,5987212,Lunas,Beasiswa B
NIM00922,4,3387957,Lunas,Tidak Ada
NIM00194,5,3850380,Tertunggak,Tidak Ada
NIM00843,5,6220915,Lunas,Beasiswa A
NIM00801,2,2791955,Lunas,Tidak Ada
NIM01490,1,5453665,Tertunggak,Tidak Ada
NIM01365,7,6869897,Lunas,Tidak Ada
NIM00059,7,7883633,Lunas,Tidak Ada
NIM01887,4,9496059,Tertunggak,Tidak Ada
NIM01562,3,5870387,Lunas,Tidak Ada
NIM00478,7,8076836,Lunas,Tidak Ada
NIM01127,2,6961459,Lunas,Tidak Ada
NIM00533,3,5450493,Tertunggak,Tidak Ada
NIM01969,5,8507506,Lunas,Tidak Ada
NIM00592,5,8382874,Lunas,Beasiswa A
NIM00839,7,9014817,Lunas,Beasiswa A
NIM01735,4,2868029,Lunas,Tidak Ada
NIM01346,8,4883599,Lunas,Tidak Ada
NIM00549,4,8033722,Tertunggak,Beasiswa B
NIM01038,3,3591828,Lunas,Beasiswa B
NIM01480,8,3119247,Lunas,Tidak Ada
NIM00221,7,7357008,Lunas,Tidak Ada
NIM00876,5,9599566,Lunas,Beasiswa A
NIM01415,4,6333978,Lunas,Tidak Ada
NIM00678,4,5271731,Lunas,Tidak Ada
NIM01197,8,4890816,Tertunggak,Tidak Ada
NIM00662,5,6696875,Lunas,Tidak Ada
NIM00684,7,2188317,Lunas,Beasiswa A
NIM01105,5,6047766,Lunas,Tidak Ada
NIM00336,1,2965454,Lunas,Beasiswa A
NIM00225,6,3774307,Lunas,Beasiswa A
NIM00871,4,8383058,Lunas,Tidak Ada
NIM00035,3,9630557,Lunas,Beasiswa A
NIM01894,7,3936655,Lunas,Tidak Ada
NIM00188,2,4214326,Lunas,Tidak Ada
NIM01248,2,3911313,Lunas,Beasiswa A
NIM00643,5,6512473,Tertunggak,Beasiswa A
NIM01910,6,4965776,Tertunggak,Tidak Ada
NIM00963,7,3757642,Lunas,Beasiswa A
NIM00968,7,2000819,Lunas,Tidak Ada
NIM00494,3,6183212,Lunas,Tidak Ada
NIM01887,1,3215031,Lunas,Tidak Ada
NIM00311,8,7714780,Lunas,Tidak Ada
NIM00521,4,7314485,Lunas,Tidak Ada
NIM01605,1,6462088,Lunas,Beasiswa B
NIM01564,7,7827056,Tertunggak,Tidak Ada
NIM01935,3,3413008,Lunas,Beasiswa B
NIM00369,1,7722906,Lunas,Beasiswa B
NIM01499,5,2586532,Lunas,Tidak Ada
NIM00746,2,8495765,Lunas,Tidak Ada
NIM00031,5,9590983,Lunas,Beasiswa A
NIM01851,4,3048514,Lunas,Beasiswa A
NIM01256,5,8547298,Lunas,Tidak Ada
NIM01874,3,5869663,Lunas,Tidak Ada
NIM00998,7,3758023,Lunas,Tidak Ada
NIM00497,3,2567930,Lunas,Tidak Ada
NIM01590,4,5261018,Lunas,Tidak Ada
NIM00964,4,6963039,Tertunggak,Tidak Ada
NIM01199,2,4809123,Lunas,Tidak Ada
NIM00298,1,7615457,Lunas,Tidak Ada
NIM01815,2,5661051,Lunas,Beasiswa A
NIM01389,5,2517528,Tertunggak,Tidak Ada
NIM01110,1,9732190,Lunas,Beasiswa B
NIM00577,4,7158697,Lunas,Tidak Ada
NIM01113,3,6436334,Tertunggak,Tidak Ada
NIM00054,5,9069196,Tertunggak,Beasiswa A
NIM01654,8,5410359,Tertunggak,Tidak Ada
NIM01385,2,2099662,Lunas,Beasiswa A
NIM01500,7,9401077,Tertunggak,Tidak Ada
NIM00229,6,2354738,Lunas,Tidak Ada
NIM00779,6,7358257,Lunas,Tidak Ada
NIM01855,4,6419020,Lunas,Tidak Ada
NIM01558,7,6399411,Lunas,Tidak Ada
NIM01974,1,6134899,Lunas,Tidak Ada
NIM01783,6,9923360,Lunas,Tidak Ada
NIM00985,1,5247198,Tertunggak,Tidak Ada
NIM00373,3,6022680,Lunas,Tidak Ada
NIM00469,4,2847727,Lunas,Beasiswa A
NIM00420,8,9340857,Lunas,Tidak Ada
NIM01850,4,6326567,Tertunggak,Tidak Ada
NIM00532,5,8203478,Lunas,Tidak Ada
NIM01424,5,3441701,Lunas,Tidak Ada
NIM00988,7,3243138,Lunas,Tidak Ada
NIM01208,1,2473459,Tertunggak,Beasiswa B
NIM01885,8,8215183,Lunas,Tidak Ada
NIM00562,6,4398849,Lunas,Tidak Ada
NIM00090,6,4878486,Lunas,Tidak Ada
NIM01640,2,2356449,Tertunggak,Tidak Ada
NIM01730,8,8822557,Lunas,Tidak Ada
NIM01407,1,6744942,Lunas,Tidak Ada
NIM00369,6,9558665,Lunas,Beasiswa B
NIM01098,5,3995072,Tertunggak,Tidak Ada
NIM01293,5,6407829,Lunas,Tidak Ada
NIM00015,8,9559534,Lunas,Tidak Ada
NIM01353,5,5310775,Lunas,Tidak Ada
NIM01819,1,3466784,Lunas,Tidak Ada
NIM01416,4,6369112,Lunas,Tidak Ada
NIM01734,7,2132309,Lunas,Tidak Ada
NIM01458,2,4626383,Tertunggak,Tidak Ada
NIM00344,2,3233565,Lunas,Tidak Ada
NIM01219,5,7373137,Tertunggak,Tidak Ada
NIM01946,3,7334935,Lunas,Tidak Ada
NIM01060,8,4189444,Tertunggak,Tidak Ada
NIM00917,1,5123252,Lunas,Tidak Ada
NIM00205,8,6608740,Lunas,Tidak Ada
NIM01844,6,6635318,Lunas,Tidak Ada
NIM01675,8,5698710,Lunas,Tidak Ada
NIM00776,6,8274153,Lunas,Tidak Ada
NIM01081,8,3732186,Lunas,Tidak Ada
NIM01134,8,3259126,Lunas,Tidak Ada
NIM00686,7,8717899,Lunas,Beasiswa B
NIM01520,4,9316105,Lunas,Tidak Ada
NIM00718,5,5224033,Lunas,Beasiswa B
NIM00225,3,3523831,Lunas,Tidak Ada
NIM01410,5,4282144,Lunas,Beasiswa A
NIM00064,8,4107599,Lunas,Tidak Ada
NIM01788,8,8543196,Lunas,Beasiswa B
NIM00948,3,9414077,Lunas,Tidak Ada
NIM00961,2,9100753,Lunas,Beasiswa A
NIM01803,3,9133338,Lunas,Tidak Ada
NIM01926,2,6210438,Lunas,Tidak Ada
NIM01376,2,8546275,Lunas,Tidak Ada
NIM01487,8,4673818,Lunas,Tidak Ada
NIM01868,1,9225161,Lunas,Tidak Ada
NIM00320,7,2106889,Lunas,Tidak Ada
NIM00357,3,4509304,Lunas,Beasiswa A
NIM00093,4,5355594,Lunas,Tidak Ada
NIM00695,4,6911416,Lunas,Beasiswa B
NIM01324,3,6914973,Lunas,Tidak Ada
NIM01750,7,6871426,Tertunggak,Tidak Ada
NIM01518,1,9081116,Lunas,Tidak Ada
NIM01678,4,7302285,Lunas,Beasiswa A
NIM01619,5,2114764,Lunas,Tidak Ada
NIM01413,4,8622546,Lunas,Tidak Ada
NIM01635,8,3704344,Lunas,Beasiswa A
NIM01817,1,3691644,Tertunggak,Beasiswa A
NIM00434,2,9387529,Lunas,Tidak Ada
NIM01126,2,5197147,Lunas,Tidak Ada
NIM00841,2,3762023,Lunas,Tidak Ada
NIM01402,8,7886384,Lunas,Tidak Ada
NIM01607,1,8155045,Lunas,Tidak Ada
NIM01909,2,7625286,Lunas,Tidak Ada
NIM01362,7,4233997,Tertunggak,Tidak Ada
NIM01024,2,2970490,Lunas,Tidak Ada
NIM00898,1,4985885,Lunas,Beasiswa A
NIM00884,8,8743847,Lunas,Tidak Ada
NIM00778,5,4040795,Tertunggak,Tidak Ada
NIM00492,4,6068849,Lunas,Tidak Ada
NIM01666,1,5607181,Lunas,Tidak Ada
NIM01084,1,7099136,Tertunggak,Beasiswa A
NIM00813,3,4756419,Lunas,Beasiswa A
NIM01533,2,5664688,Lunas,Tidak Ada
NIM00392,6,6994577,Tertunggak,Tidak Ada
NIM01978,5,3401586,Lunas,Tidak Ada
NIM01143,6,9258787,Tertunggak,Tidak Ada
NIM01799,3,9000895,Tertunggak,Tidak Ada
NIM01495,5,6928607,Tertunggak,Beasiswa A
NIM01352,2,6648987,Lunas,Tidak Ada
NIM00021,6,2965595,Lunas,Tidak Ada
NIM01121,8,5200229,Lunas,Tidak Ada
NIM01839,2,4159007,Lunas,Tidak Ada
NIM00513,2,3146311,Lunas,Tidak Ada
NIM00908,4,2251928,Lunas,Beasiswa A
NIM00715,5,3140398,Tertunggak,Beasiswa A
NIM00944,5,2675219,Tertunggak,Tidak Ada
NIM01664,3,5480224,Lunas,Beasiswa A
NIM00350,8,2442909,Lunas,Beasiswa B
NIM01156,1,7128356,Lunas,Beasiswa B
NIM00546,2,3534159,Lunas,Tidak Ada
NIM00599,2,7888948,Lunas,Beasiswa A
NIM00032,6,3524696,Tertunggak,Tidak Ada
NIM00259,3,7851749,Lunas,Tidak Ada
NIM00476,5,5002740,Lunas,Tidak Ada
NIM01860,4,7014121,Lunas,Tidak Ada
NIM00825,5,5354441,Lunas,Tidak Ada
NIM01906,4,2417860,Lunas,Tidak Ada
NIM00972,4,3054215,Lunas,Tidak Ada
NIM00920,5,5372666,Tertunggak,Tidak Ada
NIM00033,6,2863584,Lunas,Tidak Ada
NIM00899,2,6477028,Lunas,Tidak Ada
NIM00388,4,3933312,Lunas,Tidak Ada
NIM01822,6,2289118,Lunas,Tidak Ada
NIM01862,3,3566726,Lunas,Beasiswa B
NIM01585,3,4535741,Lunas,Tidak Ada
NIM00798,4,8666862,Lunas,Tidak Ada
NIM00456,2,5372886,Lunas,Tidak Ada
NIM01618,4,5193340,Lunas,Tidak Ada
NIM01168,3,7660857,Lunas,Tidak Ada
NIM01973,7,2258775,Lunas,Beasiswa A
NIM01926,3,8826445,Lunas,Tidak Ada
NIM01816,5,4904406,Lunas,Tidak Ada
NIM01907,7,2277114,Lunas,Tidak Ada
NIM01628,2,2611016,Lunas,Tidak Ada
NIM00224,5,8589447,Lunas,Tidak Ada
NIM00217,7,6217407,Lunas,Beasiswa B
NIM00156,6,2450695,Lunas,Tidak Ada
NIM00789,7,3955714,Lunas,Tidak Ada
NIM01544,6,3819006,Lunas,Tidak Ada
NIM00036,6,3274041,Tertunggak,Tidak Ada
NIM00636,7,3550974,Lunas,Tidak Ada
NIM00009,7,9816095,Lunas,Tidak Ada
NIM01064,1,3371507,Lunas,Tidak Ada
NIM01493,7,4053059,Lunas,Beasiswa B
NIM00179,6,2148016,Lunas,Beasiswa A
NIM01665,4,6687013,Tertunggak,Beasiswa B
NIM00959,5,9062401,Tertunggak,Tidak Ada
NIM00501,6,5684990,Lunas,Beasiswa A
NIM00373,2,2309128,Lunas,Tidak Ada
NIM01092,8,5192621,Lunas,Tidak Ada
NIM00970,7,7736768,Lunas,Tidak Ada
NIM01690,6,9861936,Lunas,Beasiswa B
NIM01448,4,2943818,Lunas,Tidak Ada
NIM00515,8,5437724,Lunas,Beasiswa A
NIM00364,7,7509977,Lunas,Beasiswa B
NIM01914,4,4842330,Lunas,Tidak Ada
NIM00777,8,2338917,Lunas,Tidak Ada
NIM01952,8,7476636,Lunas,Tidak Ada
NIM01475,4,7009184,Lunas,Tidak Ada
NIM01540,4,6750363,Lunas,Tidak Ada
NIM00774,4,5197278,Lunas,Beasiswa A
NIM00329,2,8346834,Lunas,Tidak Ada
NIM00794,1,3234543,Lunas,Beasiswa A
NIM01922,3,6436633,Lunas,Tidak Ada
NIM00962,1,8481265,Lunas,Tidak Ada
NIM00370,3,9932444,Tertunggak,Tidak Ada
NIM00597,5,9007626,Lunas,Tidak Ada
NIM01878,7,9596008,Lunas,Beasiswa A
NIM01411,4,9551455,Lunas,Tidak Ada
NIM01571,5,4431188,Lunas,Tidak Ada
NIM01138,5,9229029,Lunas,Tidak Ada
NIM00571,7,8005665,Lunas,Beasiswa B
NIM01062,3,8568295,Lunas,Beasiswa B
NIM01569,2,9786709,Lunas,Tidak Ada
NIM00377,4,7229722,Lunas,Tidak Ada
NIM01423,8,9603579,Lunas,Tidak Ada
NIM01227,6,9971015,Lunas,Tidak Ada
NIM01226,7,8975143,Lunas,Tidak Ada
NIM00100,8,2592109,Tertunggak,Tidak Ada
NIM01422,7,6334238,Lunas,Beasiswa B
NIM01474,8,7441216,Lunas,Tidak Ada
NIM01837,5,5943590,Tertunggak,Beasiswa B
NIM00816,1,7932257,Lunas,Tidak Ada
NIM01964,8,8456174,Lunas,Beasiswa A
NIM00118,4,5174650,Lunas,Tidak Ada
NIM00421,8,5812631,Lunas,Tidak Ada
NIM01267,2,5131867,Lunas,Tidak Ada
NIM00541,4,2092099,Lunas,Beasiswa A
NIM01251,6,8185937,Lunas,Beasiswa B
NIM01525,6,8471388,Lunas,Tidak Ada
NIM01876,5,7217814,Tertunggak,Tidak Ada
NIM01237,8,4550756,Lunas,Tidak Ada
NIM00930,1,5467964,Lunas,Beasiswa A
NIM00699,5,7053850,Lunas,Tidak Ada
NIM00113,2,8574863,Lunas,Tidak Ada
NIM00373,3,2076204,Lunas,Tidak Ada
NIM00299,6,6014618,Lunas,Tidak Ada
NIM01697,1,8696904,Lunas,Tidak Ada
NIM01043,6,6858756,Tertunggak,Tidak Ada
NIM00776,2,2951738,Lunas,Tidak Ada
NIM00671,2,9842759,Lunas,Tidak Ada
NIM00011,8,7501137,Lunas,Beasiswa B
NIM00008,6,7545506,Lunas,Tidak Ada
NIM01177,5,3984197,Tertunggak,Tidak Ada
NIM01649,6,8455786,Lunas,Beasiswa B
NIM01684,8,7208534,Lunas,Tidak Ada
NIM01574,5,7621421,Lunas,Tidak Ada
NIM01159,6,9923417,Lunas,Tidak Ada
NIM01397,5,3923639,Tertunggak,Tidak Ada
NIM00461,8,5164030,Tertunggak,Tidak Ada
NIM01959,3,3648626,Lunas,Tidak Ada
NIM01259,4,7545958,Lunas,Tidak Ada
NIM00255,4,2600727,Lunas,Tidak Ada
NIM00586,5,3791881,Lunas,Tidak Ada
NIM01352,5,8333902,Lunas,Tidak Ada
NIM00362,7,8240805,Lunas,Tidak Ada
NIM01398,7,6528083,Lunas,Beasiswa A
NIM01003,3,7531100,Lunas,Tidak Ada
NIM00788,8,6636869,Lunas,Beasiswa A
NIM00209,4,8399919,Lunas,Tidak Ada
NIM00267,3,8812168,Lunas,Tidak Ada
NIM00656,7,5192306,Lunas,Tidak Ada
NIM00997,7,3713662,Lunas,Tidak Ada
NIM00554,2,3885873,Tertunggak,Beasiswa A
NIM00736,6,9939396,Lunas,Beasiswa A
NIM01882,7,5789487,Lunas,Tidak Ada
NIM01530,4,9610278,Lunas,Tidak Ada
NIM01588,5,2012754,Lunas,Beasiswa A
NIM00421,8,9245572,Lunas,Beasiswa A
NIM00308,1,3213011,Lunas,Tidak Ada
NIM00137,7,8758538,Lunas,Beasiswa A
NIM01443,2,3950710,Tertunggak,Tidak Ada
NIM00195,6,6653297,Lunas,Tidak Ada
NIM01119,1,5819835,Lunas,Tidak Ada
NIM01514,3,4013850,Lunas,Beasiswa A
NIM01927,6,9520988,Lunas,Beasiswa A
NIM01282,3,7598395,Lunas,Tidak Ada
NIM01049,3,9294641,Lunas,Tidak Ada
NIM01256,5,3477186,Lunas,Tidak Ada
NIM01356,3,7565508,Tertunggak,Tidak Ada
NIM00606,7,9596470,Lunas,Beasiswa A
NIM01014,1,5975244,Lunas,Tidak Ada
NIM00862,2,7994895,Lunas,Tidak Ada
NIM00221,8,5307893,Lunas,Beasiswa A
NIM00297,7,6725771,Lunas,Tidak Ada
NIM01227,5,6883942,Lunas,Tidak Ada
NIM01011,2,5139354,Lunas,Tidak Ada
NIM01972,3,9647989,Tertunggak,Tidak Ada
NIM00343,4,3264364,Lunas,Tidak Ada
NIM00593,6,9543547,Tertunggak,Tidak Ada
NIM01229,5,6297120,Tertunggak,Tidak Ada
NIM01985,3,8656206,Lunas,Tidak Ada
NIM00892,5,9534932,Lunas,Tidak Ada
NIM00077,4,5262059,Lunas,Tidak Ada
NIM01574,8,9973584,Tertunggak,Beasiswa A
NIM00707,1,4167094,Tertunggak,Tidak Ada
NIM02000,7,6551987,Lunas,Beasiswa B
NIM01066,1,9097636,Lunas,Tidak Ada
NIM01479,6,8118000,Lunas,Beasiswa A
NIM01206,1,4172279,Tertunggak,Tidak Ada
NIM00757,8,5417614,Tertunggak,Tidak Ada
NIM01219,7,5149139,Lunas,Tidak Ada
NIM00590,7,9946322,Lunas,Tidak Ada
NIM01856,8,3349184,Lunas,Tidak Ada
NIM02000,4,3684931,Lunas,Beasiswa B
NIM00388,2,6486146,Tertunggak,Beasiswa B
NIM00927,8,9464391,Lunas,Beasiswa A
NIM00637,4,5517288,Lunas,Tidak Ada
NIM00141,4,2084360,Lunas,Tidak Ada
NIM01051,3,9673472,Lunas,Tidak Ada
NIM01339,8,6802294,Lunas,Tidak Ada
NIM01345,1,9731946,Lunas,Tidak Ada
NIM00448,5,9125021,Lunas,Tidak Ada
NIM01817,7,4274886,Lunas,Tidak Ada
NIM00293,6,2193493,Lunas,Tidak Ada
NIM01778,2,7209235,Lunas,Tidak Ada
NIM01260,7,6219484,Lunas,Beasiswa A
NIM00715,5,3480986,Lunas,Beasiswa A
NIM00457,3,2474840,Lunas,Beasiswa A
NIM00892,8,2667885,Lunas,Tidak Ada
NIM00839,3,4006754,Tertunggak,Tidak Ada
NIM00654,2,4237146,Lunas,Tidak Ada
NIM01630,5,3242430,Lunas,Tidak Ada
NIM00664,2,3521610,Lunas,Tidak Ada
NIM00765,2,7621072,Tertunggak,Tidak Ada
NIM01091,1,3476638,Lunas,Tidak Ada
NIM00176,8,9029713,Lunas,Beasiswa B
NIM00510,5,3536914,Lunas,Tidak Ada
NIM01639,1,2368241,Lunas,Tidak Ada
NIM01115,7,4950757,Tertunggak,Beasiswa A
NIM00705,1,8305372,Tertunggak,Tidak Ada
NIM01190,7,5832014,Lunas,Beasiswa A
NIM00602,6,8334397,Lunas,Tidak Ada
NIM00838,1,4681734,Lunas,Tidak Ada
NIM01851,4,4116836,Lunas,Tidak Ada
NIM01002,3,3937316,Lunas,Tidak Ada
NIM01804,3,2672326,Lunas,Tidak Ada
NIM01462,4,5390805,Lunas,Tidak Ada
NIM00051,7,6678091,Tertunggak,Tidak Ada
NIM01702,7,4809991,Lunas,Tidak Ada
NIM00686,8,6401080,Lunas,Tidak Ada
NIM01763,2,2451537,Lunas,Tidak Ada
NIM00266,5,6006171,Tertunggak,Tidak Ada
NIM01545,5,9957329,Tertunggak,Tidak Ada
NIM01111,5,7540190,Lunas,Beasiswa B
NIM00606,1,4674704,Tertunggak,Tidak Ada
NIM01076,5,5376342,Lunas,Tidak Ada
NIM01203,5,9867786,Lunas,Tidak Ada
NIM01302,7,7002638,Lunas,Tidak Ada
NIM01263,5,6778397,Lunas,Beasiswa A
NIM00585,3,7117171,Lunas,Beasiswa B
NIM00339,4,4460766,Lunas,Tidak Ada
NIM01096,6,4354808,Lunas,Tidak Ada
NIM00374,7,9399429,Lunas,Tidak Ada
NIM00580,2,4065163,Lunas,Beasiswa A
NIM00517,4,2264278,Lunas,Tidak Ada
NIM01875,5,7621948,Lunas,Beasiswa A
NIM01262,2,3637990,Lunas,Tidak Ada
NIM01490,2,7162599,Lunas,Beasiswa B
NIM00121,4,7596962,Tertunggak,Tidak Ada
NIM01437,4,5894338,Tertunggak,Tidak Ada
NIM01747,4,2609897,Lunas,Tidak Ada
NIM01798,7,9813367,Lunas,Tidak Ada
NIM00837,7,5445595,Lunas,Beasiswa A
NIM00570,6,2172238,Lunas,Tidak Ada
NIM00043,4,5235020,Lunas,Tidak Ada
NIM01528,6,3658174,Lunas,Beasiswa B
NIM01221,1,6021330,Tertunggak,Tidak Ada
NIM00072,8,9043495,Lunas,Tidak Ada
NIM00091,3,8298705,Lunas,Beasiswa B
NIM01573,8,5649310,Tertunggak,Beasiswa B
NIM00491,6,9830052,Lunas,Beasiswa A
NIM01850,3,6198100,Tertunggak,Tidak Ada
NIM00749,5,2542852,Lunas,Tidak Ada
NIM00998,1,5635192,Lunas,Beasiswa B
NIM00383,2,3142898,Lunas,Tidak Ada
NIM00805,4,5144056,Lunas,Tidak Ada
NIM01490,5,5357648,Lunas,Tidak Ada
NIM01178,2,3036498,Lunas,Tidak Ada
NIM00170,7,6837507,Lunas,Beasiswa B
NIM01296,3,3664373,Tertunggak,Tidak Ada
NIM00918,2,2389273,Tertunggak,Tidak Ada
NIM01134,8,2209815,Lunas,Beasiswa B
NIM00151,4,9275942,Lunas,Beasiswa B
NIM00431,4,3246135,Lunas,Tidak Ada
NIM00451,8,2315317,Lunas,Tidak Ada
NIM00643,6,3440549,Lunas,Tidak Ada
NIM00780,6,4872685,Tertunggak,Tidak Ada
NIM00023,7,5081909,Tertunggak,Tidak Ada
NIM00367,3,8213778,Lunas,Tidak Ada
NIM00651,4,8264601,Lunas,Beasiswa B
NIM00820,1,4763902,Lunas,Beasiswa A
NIM00239,5,2056627,Lunas,Tidak Ada
NIM00434,3,3790666,Lunas,Tidak Ada
NIM01977,3,6144245,Lunas,Beasiswa A
NIM00704,2,5098172,Lunas,Beasiswa A
NIM01151,3,2162022,Lunas,Beasiswa B
NIM00942,7,2989634,Lunas,Tidak Ada
NIM00541,8,7699059,Lunas,Tidak Ada
NIM00633,5,3748629,Lunas,Beasiswa A
NIM00198,1,8442128,Lunas,Beasiswa B
NIM01710,2,7710730,Tertunggak,Beasiswa B
NIM01680,5,5602030,Tertunggak,Beasiswa A
NIM00482,8,2601766,Lunas,Tidak Ada
NIM01203,8,5159740,Lunas,Beasiswa A
NIM00869,6,6093934,Lunas,Tidak Ada
NIM00523,3,9581658,Lunas,Tidak Ada
NIM00651,7,7028912,Lunas,Tidak Ada
NIM00959,4,3845354,Tertunggak,Beasiswa A
NIM00437,6,8699100,Tertunggak,Beasiswa B
NIM01789,4,8035067,Lunas,Beasiswa B
NIM00857,5,2504636,Lunas,Tidak Ada
NIM00314,1,2530571,Lunas,Tidak Ada
NIM00019,4,5981196,Lunas,Beasiswa A
NIM01184,7,2132409,Lunas,Tidak Ada
NIM00818,5,2389130,Lunas,Beasiswa B
NIM00122,2,3157567,Tertunggak,Beasiswa A
NIM00072,3,3559454,Lunas,Tidak Ada
NIM01079,1,5074442,Lunas,Beasiswa A
NIM00460,8,6781560,Lunas,Tidak Ada
NIM00169,7,3462649,Tertunggak,Tidak Ada
NIM01635,7,5367272,Tertunggak,Tidak Ada
NIM00582,1,4202282,Lunas,Tidak Ada
NIM01173,2,8843384,Tertunggak,Tidak Ada
NIM00629,1,9247395,Lunas,Tidak Ada
NIM00026,5,3421953,Lunas,Tidak Ada
NIM01272,1,6734806,Lunas,Beasiswa A
NIM01921,1,6366908,Lunas,Tidak Ada
NIM00721,1,9628707,Lunas,Tidak Ada
NIM01251,8,7971789,Tertunggak,Tidak Ada
NIM01947,5,8065124,Lunas,Tidak Ada
NIM01970,6,2321072,Lunas,Beasiswa A
NIM01650,3,8493082,Lunas,Beasiswa B
NIM01730,4,8093195,Lunas,Beasiswa A
NIM01508,6,5754169,Lunas,Tidak Ada
NIM01857,1,5370204,Lunas,Tidak Ada
NIM01034,2,8411781,Lunas,Tidak Ada
NIM01119,7,7610795,Lunas,Tidak Ada
NIM00121,2,4804910,Lunas,Tidak Ada
NIM00126,5,8334230,Lunas,Tidak Ada
NIM00549,3,9764338,Lunas,Tidak Ada
NIM01093,1,5706825,Lunas,Beasiswa A
NIM00297,5,7572449,Lunas,Tidak Ada
NIM00686,4,6204395,Lunas,Beasiswa B
NIM01525,3,6633803,Lunas,Beasiswa B
NIM00973,3,9227999,Lunas,Tidak Ada
NIM01069,5,7810457,Tertunggak,Tidak Ada
NIM00635,6,7770886,Lunas,Tidak Ada
NIM00382,7,6347295,Lunas,Tidak Ada
NIM01051,2,5580960,Lunas,Tidak Ada
NIM00705,6,4958818,Tertunggak,Beasiswa B
NIM00497,3,5389587,Lunas,Tidak Ada
NIM00852,2,5442270,Lunas,Tidak Ada
NIM01160,3,2283588,Lunas,Beasiswa A
NIM00707,8,4835423,Lunas,Tidak Ada
NIM01073,7,3358771,Lunas,Beasiswa B
NIM01632,3,8525422,Tertunggak,Beasiswa B
NIM01531,3,9726249,Lunas,Beasiswa B
NIM00121,4,9084754,Lunas,Beasiswa A
NIM01785,2,6157312,Lunas,Tidak Ada
NIM01241,4,7104318,Lunas,Tidak Ada
NIM00626,2,9840774,Tertunggak,Tidak Ada
NIM00526,7,8944123,Lunas,Tidak Ada
NIM01598,7,2987961,Lunas,Tidak Ada
NIM01067,8,5661653,Lunas,Beasiswa A
NIM01947,4,9588273,Lunas,Tidak Ada
NIM00752,4,5847201,Lunas,Beasiswa B
NIM00096,4,9905842,Lunas,Tidak Ada
NIM00027,7,6521591,Lunas,Tidak Ada
NIM00836,7,2294903,Tertunggak,Tidak Ada
NIM01919,5,3857673,Lunas,Tidak Ada
NIM01266,4,4974062,Tertunggak,Tidak Ada
NIM00487,8,2727145,Lunas,Beasiswa A
NIM01995,6,7702425,Lunas,Beasiswa B
NIM00240,6,9367711,Lunas,Tidak Ada
NIM01328,3,3626747,Tertunggak,Tidak Ada
NIM00067,1,3390249,Lunas,Tidak Ada
NIM01305,4,6263435,Lunas,Tidak Ada
NIM01216,1,9388327,Lunas,Tidak Ada
NIM01143,1,6372557,Lunas,Tidak Ada
NIM01176,3,2181793,Tertunggak,Tidak Ada
NIM01801,1,8031568,Lunas,Beasiswa A
NIM01416,8,5944261,Tertunggak,Tidak Ada
NIM00231,7,2439706,Tertunggak,Tidak Ada
NIM00351,1,2577543,Lunas,Tidak Ada
NIM00761,7,4716384,Lunas,Beasiswa A
NIM01595,7,7732578,Lunas,Tidak Ada
NIM01553,6,5516590,Lunas,Tidak Ada
NIM01195,7,8983760,Lunas,Tidak Ada
NIM00863,1,3122073,Lunas,Tidak Ada
NIM01988,2,3326136,Lunas,Tidak Ada
NIM01156,8,8722694,Lunas,Tidak Ada
NIM00357,4,8299885,Tertunggak,Beasiswa A
NIM01672,8,3193431,Lunas,Beasiswa A
NIM01066,8,8876376,Lunas,Beasiswa A
NIM01329,4,5956450,Lunas,Tidak Ada
NIM01030,1,2979993,Lunas,Tidak Ada
NIM00329,3,7632186,Lunas,Beasiswa A
NIM01194,2,7091957,Lunas,Tidak Ada
NIM01992,3,2296644,Lunas,Tidak Ada
NIM01824,3,8274163,Lunas,Tidak Ada
NIM00911,1,4665461,Lunas,Tidak Ada
NIM00338,5,3671982,Lunas,Tidak Ada
NIM01751,1,7075557,Lunas,Beasiswa A
NIM01093,6,4726779,Lunas,Tidak Ada
NIM00882,5,6129954,Lunas,Beasiswa B
NIM00539,7,9396765,Lunas,Tidak Ada
NIM00737,2,5623089,Lunas,Beasiswa A
NIM01858,5,8955992,Lunas,Beasiswa A
NIM01531,1,8805783,Lunas,Beasiswa A
NIM01770,1,5236637,Lunas,Tidak Ada
NIM01510,3,5767507,Lunas,Tidak Ada
NIM00443,1,4977858,Lunas,Beasiswa A
NIM00924,7,3794591,Lunas,Beasiswa B
NIM00920,6,6118266,Lunas,Tidak Ada
NIM00051,1,9422471,Lunas,Beasiswa A
NIM00149,4,9088626,Tertunggak,Beasiswa B
NIM01951,4,7247921,Lunas,Tidak Ada
NIM01611,3,3623470,Lunas,Tidak Ada
NIM01842,5,2482006,Lunas,Beasiswa B
NIM01116,5,4284589,Tertunggak,Tidak Ada
NIM00368,4,3875535,Lunas,Tidak Ada
NIM01960,6,6465698,Tertunggak,Tidak Ada
NIM00580,2,8121660,Tertunggak,Beasiswa A
NIM01771,7,2156760,Lunas,Tidak Ada
NIM01898,8,2787378,Lunas,Beasiswa B
NIM00656,7,3347518,Tertunggak,Tidak Ada
NIM00076,7,4957447,Lunas,Beasiswa B
NIM01110,6,5795489,Lunas,Tidak Ada
NIM00227,4,5916568,Lunas,Tidak Ada
NIM01387,7,7375088,Lunas,Tidak Ada
NIM00959,6,8978731,Lunas,Beasiswa A
NIM01592,2,3795410,Lunas,Tidak Ada
NIM00592,5,2852522,Lunas,Tidak Ada
NIM00024,4,5562365,Tertunggak,Beasiswa A
NIM01763,8,6142001,Lunas,Tidak Ada
NIM00028,1,7696012,Tertunggak,Beasiswa B
NIM00121,7,9370925,Lunas,Tidak Ada
NIM01514,2,5209852,Lunas,Tidak Ada
NIM01629,2,9376203,Lunas,Beasiswa A
NIM00853,2,2378198,Lunas,Beasiswa A
NIM00624,5,8489012,Tertunggak,Beasiswa B
NIM00890,6,7996478,Lunas,Tidak Ada
NIM01369,3,4531431,Tertunggak,Tidak Ada
NIM00031,7,6218497,Lunas,Beasiswa A
NIM01679,1,4956327,Lunas,Tidak Ada
NIM01903,7,2271382,Lunas,Beasiswa B
NIM01834,4,6594939,Lunas,Tidak Ada
NIM01251,8,5166138,Lunas,Tidak Ada
NIM00870,6,9477060,Lunas,Tidak Ada
NIM01274,2,2866593,Lunas,Beasiswa B
NIM00050,8,9363785,Lunas,Tidak Ada
NIM00726,7,6267162,Lunas,Tidak Ada
NIM01916,5,6000310,Lunas,Tidak Ada
NIM00389,2,3031273,Tertunggak,Tidak Ada
NIM00944,6,8532355,Lunas,Tidak Ada
NIM01805,4,2943043,Lunas,Tidak Ada
NIM01312,8,6394183,Lunas,Tidak Ada
NIM01731,1,6727621,Lunas,Tidak Ada
NIM01790,2,7299416,Lunas,Tidak Ada
NIM01615,7,3960346,Tertunggak,Tidak Ada
NIM01015,7,6003374,Tertunggak,Tidak Ada
NIM00475,8,8538097,Lunas,Tidak Ada
NIM00756,5,9294068,Lunas,Beasiswa A
NIM00603,8,9125877,Lunas,Beasiswa A
NIM00926,5,3129683,Tertunggak,Tidak Ada
NIM01030,3,7417114,Lunas,Beasiswa B
NIM00793,5,4772230,Lunas,Tidak Ada
NIM00412,3,2867834,Tertunggak,Tidak Ada
NIM01982,1,5541142,Lunas,Tidak Ada
NIM00662,4,8807763,Lunas,Tidak Ada
NIM01348,3,3844415,Tertunggak,Tidak Ada
NIM01423,2,8497136,Tertunggak,Tidak Ada
NIM01306,6,5883762,Lunas,Beasiswa B
NIM00191,7,3184865,Lunas,Tidak Ada
NIM00786,2,6684316,Lunas,Tidak Ada
NIM00585,7,7318827,Tertunggak,Beasiswa A
NIM00959,4,3343858,Tertunggak,Tidak Ada
NIM01854,8,6753092,Lunas,Beasiswa A
NIM00500,5,3555610,Lunas,Tidak Ada
NIM00580,6,9869579,Lunas,Tidak Ada
NIM00816,2,4061200,Lunas,Tidak Ada
NIM01458,6,8895396,Lunas,Tidak Ada
NIM01087,3,3622817,Lunas,Tidak Ada
NIM01477,4,9362815,Lunas,Beasiswa A
NIM01517,2,3090525,Lunas,Beasiswa A
NIM01670,5,6226693,Tertunggak,Beasiswa A
NIM01466,6,8478687,Lunas,Tidak Ada
NIM01331,5,8193567,Lunas,Beasiswa A
NIM00780,6,8584648,Lunas,Tidak Ada
NIM01759,2,7668217,Lunas,Tidak Ada
NIM00943,4,9105429,Lunas,Tidak Ada
NIM01150,1,5706121,Lunas,Tidak Ada
NIM00265,2,7369372,Lunas,Beasiswa A
NIM00007,5,3463434,Lunas,Tidak Ada
NIM01437,1,4203483,Lunas,Tidak Ada
NIM01230,8,2891703,Lunas,Tidak Ada
NIM01203,4,8522452,Lunas,Tidak Ada
NIM01492,5,4024959,Lunas,Tidak Ada
NIM01520,4,7665016,Lunas,Tidak Ada
NIM00695,6,9526238,Lunas,Tidak Ada
NIM00992,2,4268985,Lunas,Beasiswa A
NIM01467,4,4149096,Lunas,Tidak Ada
NIM01976,5,5176755,Lunas,Tidak Ada
NIM00918,2,5269180,Tertunggak,Beasiswa A
NIM01252,7,6683536,Lunas,Tidak Ada
NIM00748,5,7971162,Lunas,Tidak Ada
NIM00146,5,7083933,Lunas,Tidak Ada
NIM01594,7,7935864,Lunas,Beasiswa A
NIM01320,7,5214919,Lunas,Tidak Ada
NIM00241,1,7071140,Lunas,Beasiswa A
NIM00857,3,2049028,Tertunggak,Tidak Ada
NIM00287,4,8257049,Lunas,Beasiswa A
NIM00952,4,6247749,Lunas,Beasiswa A
NIM01699,1,3654863,Lunas,Beasiswa B
NIM00026,8,3013120,Lunas,Tidak Ada
NIM00452,6,9647368,Lunas,Tidak Ada
NIM00106,8,9672020,Lunas,Beasiswa A
NIM00240,4,8965062,Tertunggak,Beasiswa A
NIM01876,7,3475178,Tertunggak,Tidak Ada
NIM01442,8,2050111,Lunas,Tidak Ada
NIM00332,1,6402382,Lunas,Tidak Ada
NIM00912,4,8409879,Lunas,Tidak Ada
NIM01915,4,6111492,Lunas,Tidak Ada
NIM01066,5,9511986,Lunas,Beasiswa B
NIM00645,1,4680997,Lunas,Tidak Ada
NIM01853,7,2454134,Tertunggak,Tidak Ada
NIM01580,6,9483292,Lunas,Tidak Ada
NIM00035,4,4894253,Lunas,Tidak Ada
NIM00876,6,7647539,Lunas,Tidak Ada
NIM01371,3,2641144,Lunas,Tidak Ada
NIM00384,1,3330349,Lunas,Tidak Ada
NIM01537,1,2944458,Lunas,Beasiswa A
NIM01762,1,2793667,Lunas,Tidak Ada
NIM00811,7,9415482,Tertunggak,Tidak Ada
NIM01312,8,3229961,Tertunggak,Tidak Ada
NIM00748,7,5712865,Lunas,Beasiswa B
NIM01895,5,2837624,Lunas,Tidak Ada
NIM00959,8,5370883,Lunas,Tidak Ada
NIM01057,1,4997555,Tertunggak,Beasiswa B
NIM00095,5,7254473,Lunas,Tidak Ada
NIM01020,7,8856672,Lunas,Tidak Ada
NIM00205,3,2027885,Lunas,Tidak Ada
NIM01645,2,6773393,Lunas,Tidak Ada
NIM00834,5,2402507,Lunas,Beasiswa A
NIM00030,4,3224626,Lunas,Tidak Ada
NIM00266,1,7430422,Lunas,Tidak Ada
NIM00023,8,2457323,Lunas,Tidak Ada
NIM00609,2,6581016,Lunas,Beasiswa A
NIM00039,5,5530043,Lunas,Beasiswa A
NIM00173,8,3118244,Lunas,Beasiswa A
NIM00760,8,3801155,Lunas,Tidak Ada
NIM01915,6,9471948,Lunas,Beasiswa B
NIM01437,7,8346385,Lunas,Beasiswa A
NIM00414,6,7012605,Lunas,Tidak Ada
NIM01698,4,4849564,Lunas,Tidak Ada
NIM00692,2,8063723,Lunas,Beasiswa A
NIM00615,3,5467549,Tertunggak,Beasiswa A
NIM00209,5,9113590,Lunas,Beasiswa A
NIM00022,6,7107301,Lunas,Tidak Ada
NIM00005,6,6716763,Tertunggak,Beasiswa A
NIM00651,5,3071099,Lunas,Tidak Ada
NIM00214,6,8134790,Lunas,Beasiswa A
NIM01696,3,9831767,Lunas,Beasiswa A
NIM00920,8,7771944,Tertunggak,Tidak Ada
NIM00907,6,5557668,Lunas,Beasiswa A
NIM01163,5,4285082,Lunas,Beasiswa A
NIM01681,1,2669460,Lunas,Tidak Ada
NIM00672,6,7809635,Tertunggak,Tidak Ada
NIM01619,5,8211626,Lunas,Tidak Ada
NIM00667,8,4420018,Lunas,Beasiswa A
NIM00800,8,9439452,Lunas,Tidak Ada
NIM00317,1,5644998,Lunas,Tidak Ada
NIM00793,6,7092620,Lunas,Tidak Ada
NIM00576,6,4700908,Tertunggak,Tidak Ada
NIM01728,5,5822806,Lunas,Tidak Ada
NIM01180,4,4798526,Lunas,Beasiswa A
NIM01448,4,8146161,Lunas,Beasiswa A
NIM01524,2,7917880,Lunas,Beasiswa A
NIM00091,4,9138200,Lunas,Tidak Ada
NIM01678,3,5253372,Tertunggak,Tidak Ada
NIM01066,8,3068136,Lunas,Tidak Ada
NIM00761,2,6593900,Lunas,Beasiswa B
NIM01319,8,9387788,Lunas,Tidak Ada
NIM00770,4,2259876,Lunas,Tidak Ada
NIM01361,1,6026525,Lunas,Tidak Ada
NIM00001,7,7225945,Lunas,Tidak Ada
NIM00109,5,3602443,Lunas,Tidak Ada
NIM00928,8,7338616,Lunas,Tidak Ada
NIM01149,4,8945728,Lunas,Tidak Ada
NIM01088,1,2871697,Lunas,Tidak Ada
NIM00206,7,7926777,Lunas,Tidak Ada
NIM01439,2,9592788,Lunas,Tidak Ada
NIM01978,5,3811572,Tertunggak,Tidak Ada
NIM00850,8,6574069,Lunas,Beasiswa A
NIM01268,4,6283965,Lunas,Tidak Ada
NIM00590,2,2136727,Tertunggak,Beasiswa A
NIM00623,8,7171259,Lunas,Beasiswa B
NIM01678,4,3771920,Lunas,Beasiswa B
NIM01240,2,5487593,Lunas,Tidak Ada
NIM00965,8,4245435,Lunas,Beasiswa A
NIM01552,4,6871944,Lunas,Tidak Ada
NIM00965,7,4131123,Lunas,Tidak Ada
NIM01590,1,8155495,Lunas,Tidak Ada
NIM00653,3,4726363,Lunas,Beasiswa B
NIM01404,7,7249678,Lunas,Beasiswa B
NIM01872,8,6735820,Lunas,Tidak Ada
NIM00079,1,7409691,Lunas,Beasiswa A
NIM00415,5,6949236,Tertunggak,Tidak Ada
NIM01477,4,9781968,Lunas,Tidak Ada
NIM01173,3,5240573,Lunas,Beasiswa A
NIM00639,7,3249928,Tertunggak,Tidak Ada
NIM01694,3,5186231,Lunas,Tidak Ada
NIM00791,5,8568148,Lunas,Tidak Ada
NIM01062,8,8923869,Tertunggak,Tidak Ada
NIM01181,5,2130942,Tertunggak,Tidak Ada
NIM00333,3,8229450,Lunas,Tidak Ada
NIM00288,5,8460381,Lunas,Tidak Ada
NIM01136,5,6793123,Lunas,Tidak Ada
NIM01726,8,4383999,Tertunggak,Tidak Ada
NIM01642,4,9758775,Tertunggak,Tidak Ada
NIM01115,1,6425944,Lunas,Tidak Ada
NIM01890,6,9436998,Lunas,Tidak Ada
NIM01837,8,6259859,Tertunggak,Beasiswa B
NIM01073,2,5196661,Lunas,Tidak Ada
NIM00161,8,5600122,Lunas,Tidak Ada
NIM01540,3,3633339,Lunas,Tidak Ada
NIM01426,2,2438946,Lunas,Beasiswa A
NIM01734,3,7266121,Tertunggak,Tidak Ada
NIM00320,3,3430242,Tertunggak,Beasiswa A
NIM00924,1,5480704,Lunas,Beasiswa A
NIM00364,7,7455821,Lunas,Tidak Ada
NIM01913,7,2172588,Lunas,Tidak Ada
NIM01466,3,2805060,Lunas,Beasiswa A
NIM00475,3,4378663,Lunas,Tidak Ada
NIM01023,1,4371051,Lunas,Tidak Ada
NIM00766,5,9572133,Lunas,Tidak Ada
NIM00602,7,9262711,Lunas,Tidak Ada
NIM00312,6,6862689,Lunas,Beasiswa A
NIM01556,8,8951703,Tertunggak,Tidak Ada
NIM00589,2,7827843,Lunas,Tidak Ada
NIM01244,3,2996698,Lunas,Tidak Ada
NIM01698,1,2049348,Lunas,Tidak Ada
NIM01521,3,8362218,Lunas,Tidak Ada
NIM00343,7,8392588,Lunas,Tidak Ada
NIM00906,1,5519207,Lunas,Tidak Ada
NIM01651,2,4297748,Tertunggak,Tidak Ada
NIM01118,4,5069540,Lunas,Tidak Ada
NIM01942,7,5036319,Lunas,Tidak Ada
NIM01157,5,4705829,Lunas,Tidak Ada
NIM01525,8,2804446,Lunas,Tidak Ada
NIM00172,8,4635679,Lunas,Tidak Ada
NIM00626,4,3477838,Tertunggak,Beasiswa A
NIM01033,1,3591286,Lunas,Tidak Ada
NIM01835,3,2939320,Lunas,Tidak Ada
NIM01796,5,4386351,Lunas,Beasiswa A
NIM00682,7,5855261,Tertunggak,Tidak Ada
NIM01345,2,4085098,Lunas,Tidak Ada
NIM01122,8,7511494,Lunas,Beasiswa B
NIM01193,7,7594021,Lunas,Tidak Ada
NIM01984,6,8992350,Lunas,Tidak Ada
NIM00311,5,6712875,Lunas,Tidak Ada
NIM01754,8,6657817,Lunas,Beasiswa A
NIM00914,3,5167331,Lunas,Beasiswa A
NIM01936,8,8548717,Lunas,Beasiswa A
NIM01367,8,8220906,Lunas,Beasiswa B
NIM00430,4,2973657,Lunas,Beasiswa B
NIM01956,1,5900779,Lunas,Tidak Ada
NIM00858,4,6440705,Lunas,Tidak Ada
NIM01986,7,7618474,Lunas,Tidak Ada
NIM01580,5,4643436,Lunas,Beasiswa A
NIM01524,6,8069290,Lunas,Tidak Ada
NIM01797,3,3671742,Lunas,Tidak Ada
NIM00285,1,9072840,Lunas,Tidak Ada
NIM01662,3,5090105,Lunas,Tidak Ada
NIM01284,3,7153786,Lunas,Tidak Ada
NIM00495,6,9380596,Lunas,Beasiswa A
NIM00355,5,2947503,Lunas,Tidak Ada
NIM00214,4,9896068,Lunas,Tidak Ada
NIM00817,3,8352858,Lunas,Tidak Ada
NIM00200,7,5309131,Lunas,Tidak Ada
NIM01260,7,6061986,Lunas,Tidak Ada
NIM00853,3,8597980,Lunas,Beasiswa A
NIM00136,3,4548111,Tertunggak,Tidak Ada
NIM01914,1,8476370,Lunas,Beasiswa B
NIM00948,3,7604784,Lunas,Beasiswa A
NIM00628,7,4197051,Lunas,Beasiswa A
NIM01989,3,4030698,Tertunggak,Tidak Ada
NIM00917,8,7070964,Lunas,Tidak Ada
NIM01691,8,2532274,Lunas,Tidak Ada
NIM01446,5,8676862,Lunas,Tidak Ada
NIM01925,7,3913690,Tertunggak,Tidak Ada
NIM01365,3,7883985,Tertunggak,Tidak Ada
NIM01853,6,7023546,Lunas,Tidak Ada
NIM01928,8,7735231,Lunas,Beasiswa B
NIM00342,6,3004392,Lunas,Beasiswa A
NIM01554,7,2715404,Lunas,Tidak Ada
NIM00388,3,8236893,Lunas,Tidak Ada
NIM00004,6,7164441,Tertunggak,Beasiswa A
NIM00677,5,9620677,Lunas,Tidak Ada
NIM01663,1,2414082,Lunas,Tidak Ada
NIM00399,6,6343766,Lunas,Tidak Ada
NIM01446,7,7483019,Lunas,Tidak Ada
NIM00411,6,6497704,Lunas,Tidak Ada
NIM00213,4,8593128,Lunas,Tidak Ada
NIM00560,5,9578318,Lunas,Tidak Ada
NIM00558,6,8843456,Lunas,Tidak Ada
NIM00558,1,2529982,Lunas,Beasiswa A
NIM01072,4,3702065,Lunas,Tidak Ada
NIM01211,7,2710574,Tertunggak,Tidak Ada
NIM00502,7,7065735,Lunas,Tidak Ada
NIM01656,3,9754910,Lunas,Beasiswa B
NIM00644,5,8029322,Lunas,Beasiswa B
NIM01995,8,5576592,Lunas,Beasiswa B
NIM00531,6,6833690,Lunas,Tidak Ada
NIM00953,3,5586202,Lunas,Tidak Ada
NIM00787,5,3422541,Tertunggak,Tidak Ada
NIM00475,7,2453746,Lunas,Beasiswa B
NIM01768,4,9499130,Lunas,Tidak Ada
NIM00042,6,3589846,Lunas,Beasiswa A
NIM00604,7,2934711,Lunas,Tidak Ada
NIM01285,8,7693124,Lunas,Tidak Ada
NIM00048,1,5254621,Lunas,Tidak Ada
NIM01945,8,4528353,Lunas,Tidak Ada
NIM01987,5,3350574,Lunas,Tidak Ada
NIM01818,7,5354642,Lunas,Beasiswa B
NIM01610,7,7439800,Lunas,Beasiswa A
NIM00728,8,8269854,Lunas,Beasiswa A
NIM01470,1,2072207,Lunas,Tidak Ada
NIM00221,8,4644524,Lunas,Tidak Ada
NIM01645,8,8064572,Lunas,Tidak Ada
NIM01671,3,9645081,Lunas,Tidak Ada
NIM00940,7,6735206,Tertunggak,Beasiswa B
NIM00343,3,3887900,Lunas,Tidak Ada
NIM01262,4,6074096,Lunas,Tidak Ada
NIM00155,4,2965618,Tertunggak,Tidak Ada
NIM00938,2,4636664,Lunas,Tidak Ada
NIM00841,2,8338918,Lunas,Tidak Ada
NIM01080,4,2109950,Lunas,Tidak Ada
NIM00387,6,8663679,Lunas,Beasiswa A
NIM00894,8,9864363,Lunas,Tidak Ada
NIM01933,3,3744236,Lunas,Tidak Ada
NIM01734,1,9757724,Lunas,Tidak Ada
NIM01339,7,4648940,Lunas,Tidak Ada
NIM00038,8,2749165,Lunas,Tidak Ada
NIM01365,7,8872174,Lunas,Tidak Ada
NIM00851,4,5795166,Lunas,Tidak Ada
NIM00729,8,7262721,Lunas,Tidak Ada
NIM00231,6,3108869,Tertunggak,Beasiswa A
NIM00452,8,4397448,Lunas,Beasiswa B
NIM01366,1,2620755,Lunas,Tidak Ada
NIM01477,2,9214575,Tertunggak,Tidak Ada
NIM00257,1,3535289,Tertunggak,Tidak Ada
NIM00434,4,4064129,Lunas,Tidak Ada
NIM00209,3,7592450,Lunas,Tidak Ada
NIM01225,8,9104758,Lunas,Tidak Ada
NIM00137,4,4591667,Lunas,Beasiswa B
NIM01664,7,3494582,Lunas,Tidak Ada
NIM00565,7,7288756,Lunas,Tidak Ada
NIM00856,5,9986525,Lunas,Beasiswa A
NIM01418,6,5913799,Lunas,Tidak Ada
NIM01620,6,9777575,Lunas,Beasiswa A
NIM00721,6,4346196,Lunas,Tidak Ada
NIM00845,5,4926886,Lunas,Beasiswa B
NIM01821,5,6677802,Lunas,Tidak Ada
NIM00036,3,5903733,Lunas,Tidak Ada
NIM01239,6,3471628,Lunas,Tidak Ada
NIM00027,4,6728423,Lunas,Tidak Ada
NIM01682,5,5965544,Tertunggak,Tidak Ada
NIM00018,4,7079279,Lunas,Tidak Ada
NIM00630,2,8526884,Lunas,Beasiswa A
NIM01161,6,6495670,Tertunggak,Beasiswa B
NIM00579,5,3308063,Lunas,Tidak Ada
NIM00903,5,8386061,Tertunggak,Tidak Ada
NIM01850,3,3222464,Lunas,Tidak Ada
NIM00975,4,7809050,Lunas,Beasiswa A
NIM01054,3,4020119,Lunas,Beasiswa B
NIM01097,3,4815858,Tertunggak,Tidak Ada
NIM00123,4,4672496,Tertunggak,Tidak Ada
NIM00957,2,2907285,Lunas,Beasiswa B
NIM01001,4,6713549,Lunas,Tidak Ada
NIM00987,2,3458988,Lunas,Tidak Ada
NIM01252,3,2004999,Lunas,Tidak Ada
NIM00338,2,4514394,Lunas,Beasiswa A
NIM00991,6,3836738,Lunas,Tidak Ada
NIM00273,2,5728191,Lunas,Tidak Ada
NIM01782,8,4428256,Lunas,Tidak Ada
NIM01461,2,8747506,Lunas,Tidak Ada
NIM00902,8,2300974,Lunas,Tidak Ada
NIM00039,5,5896340,Lunas,Tidak Ada
NIM01945,5,9961082,Tertunggak,Tidak Ada
NIM00682,7,9025383,Lunas,Tidak Ada
NIM00426,3,3076584,Lunas,Beasiswa B
NIM00315,4,9566124,Lunas,Tidak Ada
NIM00614,2,6568619,Tertunggak,Tidak Ada
NIM01830,6,9820639,Lunas,Tidak Ada
NIM01533,5,5737779,Lunas,Tidak Ada
NIM01951,4,9200215,Tertunggak,Beasiswa B
NIM00755,6,2179594,Lunas,Tidak Ada
NIM00157,2,2196196,Lunas,Tidak Ada
NIM00872,4,7666418,Lunas,Tidak Ada
NIM00777,7,2895188,Tertunggak,Tidak Ada
NIM00257,8,3454609,Lunas,Tidak Ada
NIM02000,8,7158282,Lunas,Tidak Ada
NIM01894,6,7945370,Lunas,Beasiswa A
NIM00855,1,6862890,Lunas,Tidak Ada
NIM00635,6,3026917,Tertunggak,Beasiswa B
NIM00456,6,3682880,Lunas,Tidak Ada
NIM00047,2,2293301,Lunas,Beasiswa A
NIM01356,8,7329180,Tertunggak,Beasiswa A
NIM00010,4,5140244,Lunas,Beasiswa A
NIM00144,2,5098396,Lunas,Tidak Ada
NIM01455,2,3434248,Lunas,Beasiswa A
NIM01835,1,3048764,Lunas,Beasiswa A
NIM01176,7,8256317,Lunas,Tidak Ada
NIM00487,6,6990150,Lunas,Tidak Ada
NIM01160,4,3283173,Lunas,Tidak Ada
NIM01611,7,9578078,Lunas,Tidak Ada
NIM01897,3,6332122,Lunas,Tidak Ada
NIM01050,5,2931835,Lunas,Tidak Ada
NIM01031,7,6533238,Lunas,Tidak Ada
NIM00591,2,8105065,Lunas,Tidak Ada
NIM01039,2,3129695,Lunas,Tidak Ada
NIM01456,8,3217028,Tertunggak,Beasiswa B
NIM00899,2,9718752,Tertunggak,Tidak Ada
NIM01424,2,9243278,Lunas,Tidak Ada
NIM00207,5,5685816,Tertunggak,Beasiswa A
NIM01625,3,4455044,Tertunggak,Beasiswa A
NIM01633,1,8413203,Lunas,Beasiswa A
NIM00910,3,9190757,Lunas,Tidak Ada
NIM01240,5,6221796,Tertunggak,Tidak Ada
NIM01526,4,6423504,Lunas,Tidak Ada
NIM01483,1,4364529,Lunas,Beasiswa B
NIM00259,1,8706691,Lunas,Beasiswa B
NIM01353,4,3584311,Lunas,Tidak Ada
NIM00454,6,7453524,Lunas,Beasiswa B
NIM00799,2,6729590,Lunas,Tidak Ada
NIM00375,8,8848545,Lunas,Tidak Ada
NIM00464,8,4910660,Lunas,Tidak Ada
NIM00075,5,3683139,Tertunggak,Tidak Ada
NIM00242,4,7860856,Lunas,Tidak Ada
NIM01041,8,9472533,Lunas,Tidak Ada
NIM01713,3,8542462,Lunas,Tidak Ada
NIM01283,3,4631821,Lunas,Tidak Ada
NIM00123,6,5409859,Tertunggak,Tidak Ada
NIM01335,4,6682375,Lunas,Tidak Ada
NIM00111,5,3136767,Lunas,Tidak Ada
NIM01280,6,2805698,Lunas,Tidak Ada
NIM00234,6,7564077,Lunas,Tidak Ada
NIM00968,6,7225372,Lunas,Beasiswa A
NIM00497,8,7352153,Lunas,Beasiswa A
NIM01892,8,3126001,Lunas,Tidak Ada
NIM01064,1,6833142,Lunas,Beasiswa A
NIM01146,1,7422429,Tertunggak,Beasiswa B
NIM01474,2,9079435,Lunas,Beasiswa B
NIM00727,8,8472142,Lunas,Tidak Ada
NIM01832,5,7221619,Tertunggak,Tidak Ada
NIM01822,3,9920179,Tertunggak,Beasiswa B
NIM01817,3,8345913,Lunas,Beasiswa B
NIM01543,2,9204072,Tertunggak,Tidak Ada
NIM00092,3,5637761,Lunas,Tidak Ada
NIM01385,6,7746688,Lunas,Beasiswa A
NIM01970,8,3127662,Lunas,Beasiswa A
NIM01147,2,6985910,Lunas,Tidak Ada
NIM00337,2,5902958,Lunas,Tidak Ada
NIM01632,4,4248411,Lunas,Tidak Ada
NIM00513,1,8090343,Lunas,Tidak Ada
NIM00603,5,3576802,Tertunggak,Tidak Ada
NIM00428,5,2060833,Lunas,Beasiswa B
NIM01457,1,7113279,Lunas,Beasiswa A
NIM00007,6,7300035,Lunas,Tidak Ada
NIM00120,5,3720657,Lunas,Tidak Ada
NIM00387,3,4562955,Lunas,Tidak Ada
NIM01374,3,6127537,Lunas,Tidak Ada
NIM00641,5,5808532,Lunas,Tidak Ada
NIM01715,7,5763209,Lunas,Tidak Ada
NIM01122,7,4067796,Lunas,Beasiswa A
NIM01958,8,3799271,Lunas,Beasiswa A
NIM01067,4,8621528,Lunas,Tidak Ada
NIM00183,5,7782897,Lunas,Beasiswa A
NIM00697,2,7407696,Tertunggak,Beasiswa A
NIM00565,6,2709490,Lunas,Tidak Ada
NIM01764,8,9710917,Tertunggak,Tidak Ada
NIM01697,8,4192397,Lunas,Beasiswa B
NIM01259,2,4002916,Lunas,Tidak Ada
NIM02000,1,6531879,Lunas,Beasiswa A
NIM00446,6,9357287,Lunas,Beasiswa B
NIM01894,6,2855377,Tertunggak,Tidak Ada
NIM01931,3,8015517,Tertunggak,Tidak Ada
NIM00200,6,3847752,Lunas,Beasiswa A
NIM00948,4,3246733,Lunas,Tidak Ada
NIM00513,5,5488493,Tertunggak,Beasiswa B
NIM01550,2,8729139,Lunas,Tidak Ada
NIM00990,3,7525869,Tertunggak,Tidak Ada
NIM00213,8,5094928,Tertunggak,Tidak Ada
NIM01402,8,4001469,Lunas,Beasiswa A
NIM01813,7,8556129,Lunas,Tidak Ada
NIM00546,8,5188845,Lunas,Tidak Ada
NIM00486,3,5988474,Lunas,Tidak Ada
NIM01385,4,3685909,Lunas,Beasiswa B
NIM01806,4,8449460,Lunas,Tidak Ada
NIM00168,4,2925855,Lunas,Tidak Ada
NIM00890,4,9992139,Tertunggak,Beasiswa B
NIM00931,7,4730038,Lunas,Tidak Ada
NIM01706,2,8892280,Lunas,Tidak Ada
NIM01618,4,5319759,Lunas,Tidak Ada
NIM01428,3,5774719,Lunas,Tidak Ada
NIM00828,3,7659045,Lunas,Tidak Ada
NIM00137,7,3469361,Lunas,Beasiswa A
NIM01257,6,6306534,Lunas,Beasiswa A
NIM00115,5,8675393,Lunas,Tidak Ada
NIM01276,3,4022188,Tertunggak,Tidak Ada
NIM01517,3,2543606,Lunas,Tidak Ada
NIM01313,7,6212999,Lunas,Beasiswa B
NIM01073,2,4607851,Tertunggak,Beasiswa A
NIM01476,8,6799296,Tertunggak,Tidak Ada
NIM00516,6,3347816,Lunas,Tidak Ada
NIM01915,3,8003367,Lunas,Tidak Ada
NIM00688,1,4314472,Lunas,Tidak Ada
NIM01020,3,7983276,Lunas,Tidak Ada
NIM01296,8,8672941,Lunas,Beasiswa A
NIM01455,5,6460195,Lunas,Tidak Ada
NIM01050,5,3899408,Lunas,Tidak Ada
NIM01094,6,9428776,Lunas,Tidak Ada
NIM00293,6,4877341,Lunas,Tidak Ada
NIM01430,4,4101582,Lunas,Beasiswa A
NIM01258,2,9948691,Lunas,Tidak Ada
NIM00231,8,2105635,Lunas,Tidak Ada
NIM01287,5,9893247,Tertunggak,Beasiswa A
NIM00938,1,3176641,Lunas,Tidak Ada
NIM01822,1,2322555,Lunas,Tidak Ada
NIM01610,4,3167354,Lunas,Tidak Ada
NIM01145,2,3026988,Lunas,Tidak Ada
NIM01487,2,3188611,Lunas,Tidak Ada
NIM00518,6,8509489,Lunas,Tidak Ada
NIM01048,3,7588055,Lunas,Beasiswa A
NIM00706,1,6107503,Lunas,Beasiswa A
NIM01704,1,2340278,Tertunggak,Beasiswa A
NIM00377,7,8170170,Lunas,Tidak Ada
NIM01524,1,6401833,Lunas,Tidak Ada
NIM01935,1,6760833,Lunas,Tidak Ada
NIM00437,7,2751149,Lunas,Tidak Ada
NIM00853,5,4313729,Lunas,Tidak Ada
NIM01746,2,7463473,Lunas,Tidak Ada
NIM01669,3,6634752,Lunas,Tidak Ada
NIM01881,5,5681036,Lunas,Tidak Ada
NIM01828,2,2428357,Lunas,Tidak Ada
NIM00970,4,9500565,Lunas,Tidak Ada
NIM00499,1,9658170,Lunas,Tidak Ada
NIM01198,3,6602864,Lunas,Beasiswa A
NIM01687,2,8922581,Tertunggak,Tidak Ada
NIM00600,8,7690346,Lunas,Tidak Ada
NIM01837,4,3127237,Lunas,Beasiswa A
NIM01533,1,2365171,Lunas,Beasiswa A
NIM00778,4,3198850,Lunas,Tidak Ada
NIM01334,7,8802285,Lunas,Tidak Ada
NIM00070,4,2566520,Lunas,Tidak Ada
NIM00205,5,5080901,Lunas,Beasiswa B
NIM00341,4,5021648,Lunas,Tidak Ada
NIM01056,5,9176930,Tertunggak,Beasiswa B
NIM01067,8,7765296,Lunas,Beasiswa A
NIM00118,6,3074930,Lunas,Tidak Ada
NIM00889,5,2340913,Lunas,Tidak Ada
NIM00015,7,6700516,Lunas,Tidak Ada
NIM01346,7,4232814,Lunas,Tidak Ada
NIM00911,4,9565346,Lunas,Beasiswa A
NIM00627,2,4241942,Lunas,Beasiswa A
NIM01361,4,3005511,Lunas,Beasiswa A
NIM01556,4,8524550,Lunas,Tidak Ada
NIM00690,2,4241329,Lunas,Tidak Ada
NIM00774,1,6854745,Lunas,Tidak Ada
NIM01615,3,4342582,Lunas,Tidak Ada
NIM01405,6,5909321,Lunas,Tidak Ada
NIM01535,8,8408722,Lunas,Tidak Ada
NIM00913,1,6048406,Lunas,Tidak Ada
NIM00120,4,4451550,Lunas,Tidak Ada
NIM00026,1,2715327,Lunas,Beasiswa A
NIM01558,3,8705056,Lunas,Tidak Ada
NIM01737,7,4167233,Lunas,Tidak Ada
NIM00064,1,5675355,Tertunggak,Beasiswa B
NIM00460,3,3981433,Lunas,Tidak Ada
NIM01750,8,2321631,Lunas,Tidak Ada
NIM00314,1,6711264,Lunas,Beasiswa A
NIM00805,8,2419592,Lunas,Beasiswa A
NIM01614,5,7991804,Lunas,Tidak Ada
NIM01240,4,2084636,Lunas,Tidak Ada
NIM01480,3,5150030,Lunas,Beasiswa B
NIM00986,6,2395025,Lunas,Tidak Ada
