NIM01393,Buruh,7498322,S2,2
NIM00210,Tidak Bekerja,1725970,S2,5
NIM01490,PNS,13539308,SMP,3
NIM01066,Buruh,6937127,S2,3
NIM01963,PNS,6059355,SMA,4
NIM01013,PNS,18493834,SMP,3
NIM01377,Petani,5266890,SMA,2
NIM00682,PNS,16292214,SMP,5
NIM00894,Wiraswasta,5946568,SMA,3
NIM01283,Wiraswasta,1338829,SMP,3
NIM01979,PNS,12739356,S1,2
NIM00337,Petani,16449236,S1,1
NIM00716,PNS,17339503,SMP,1
NIM01419,Buruh,12292384,SD,2
NIM00849,Buruh,7348424,SMP,3
NIM00675,Buruh,6807810,SD,2
NIM00105,Buruh,14227725,SMA,2
NIM01714,PNS,15533387,SMP,1
NIM00703,Tidak Bekerja,8653590,SD,4
NIM01148,Tidak Bekerja,9822477,SMP,3
NIM01734,Buruh,3003579,S1,5
NIM01123,Petani,16317668,S1,2
NIM00006,Petani,11837779,SMP,1
NIM00800,PNS,18145230,SMP,4
NIM01291,Tidak Bekerja,18860840,S2,3
NIM01067,PNS,13924952,S1,2
NIM01831,Wiraswasta,9222096,SMA,1
NIM00653,Buruh,10430795,SMP,2
NIM01293,Wiraswasta,8259500,S2,5
NIM00551,Wiraswasta,4136425,SMP,3
NIM00942,Petani,6561338,S1,3
NIM00674,Tidak Bekerja,19419124,SD,3
NIM01219,Buruh,13781638,SD,3
NIM00928,PNS,12847214,S1,1
NIM00324,Buruh,17922648,SMA,5
NIM00616,PNS,19345905,S2,2
NIM00757,PNS,3329973,SMP,1
NIM01089,Tidak Bekerja,9354332,SMP,4
NIM00201,Wiraswasta,7392578,SMP,3
NIM01905,PNS,15742566,S2,3
NIM00242,Tidak Bekerja,4850916,S2,2
NIM01031,Wiraswasta,16276251,S1,3
NIM01243,Wiraswasta,8168905,S2,3
NIM00003,Buruh,12703563,SMP,2
NIM00854,Buruh,18937901,SMP,5
NIM01488,Buruh,8624309,S2,1
NIM00968,Petani,15595137,S2,5
NIM00965,Wiraswasta,11220930,S1,2
NIM00305,Petani,19897088,SD,3
NIM00314,Buruh,16625535,S2,3
NIM00478,Tidak Bekerja,3539042,SD,5
NIM00796,Buruh,1733079,SMA,4
NIM00883,PNS,4025070,SD,1
NIM01435,Tidak Bekerja,8798895,S2,3
NIM00498,Tidak Bekerja,19353459,SMP,2
NIM01558,Wiraswasta,17502561,SMP,5
NIM01630,Petani,16392083,S2,1
NIM01381,PNS,12406415,S1,4
NIM00071,Tidak Bekerja,5431325,S2,3
NIM01906,Petani,15612590,S2,5
NIM01758,Petani,5966296,S1,3
NIM01037,PNS,17064924,S1,5
NIM00406,PNS,17741311,SMA,4
NIM01995,Buruh,15231080,SMA,2
NIM01541,Buruh,12501618,SMA,2
NIM01046,Tidak Bekerja,2981565,S1,1
NIM01999,Tidak Bekerja,9499554,SD,3
NIM00895,Tidak Bekerja,13967356,S2,3
NIM01333,Buruh,1637290,SMA,3
NIM01319,Tidak Bekerja,17973614,SD,2
NIM01573,Tidak Bekerja,4953947,S2,1
NIM00031,Buruh,12755796,SD,2
NIM01086,Buruh,2808055,SMP,5
NIM01245,Tidak Bekerja,16777433,SMP,3
NIM01383,Tidak Bekerja,13065777,S2,5
NIM01617,Petani,2316651,SD,4
NIM01407,Wiraswasta,13697241,SD,5
NIM01769,Buruh,2196920,S1,5
NIM01542,Wiraswasta,7357395,SMA,5
NIM01641,Buruh,6062532,S2,2
NIM01361,Petani,18265909,SD,5
NIM00162,Wiraswasta,5090847,SMA,3
NIM01879,Petani,11807370,S2,1
NIM00564,PNS,4899681,SD,4
NIM00158,Wiraswasta,2621306,SMP,3
NIM00013,Wiraswasta,11758409,SD,1
NIM01210,Wiraswasta,13379996,SMP,3
NIM00734,PNS,4092220,SMP,5
NIM00753,PNS,2390849,S1,4
NIM00309,Petani,5171397,S1,3
NIM00148,PNS,15743339,SMA,4
NIM01926,Buruh,19032838,S2,2
NIM01021,Tidak Bekerja,16893127,SMA,2
NIM01079,Wiraswasta,4615589,S1,5
NIM00927,Petani,10587418,SMA,5
NIM00571,Petani,8098738,S2,2
NIM01939,Petani,15006074,S2,3
NIM01734,Petani,15476809,SD,1
NIM01634,Wiraswasta,1649594,SMA,1
NIM00668,Petani,2901360,S1,2
NIM01786,Wiraswasta,5778807,SD,1
NIM01933,Petani,4901583,SMA,3
NIM00692,Petani,4823398,S2,1
NIM00510,Tidak Bekerja,7873951,S1,1
NIM00586,Buruh,5795911,SMA,2
NIM01597,PNS,6810058,S2,4
NIM00937,PNS,12105784,S2,4
NIM00045,PNS,11099552,SMA,3
NIM01671,Buruh,13821008,SMA,4
NIM01746,Wiraswasta,17158686,S1,5
NIM00086,PNS,11934198,SD,2
NIM01806,PNS,4087694,S2,4
NIM01316,PNS,12396604,SD,1
NIM00264,Wiraswasta,14885995,SD,4
NIM01292,Buruh,7606644,S2,2
NIM01960,Buruh,10880482,SMA,1
NIM01008,Wiraswasta,12818113,S2,1
NIM01249,Tidak Bekerja,14275233,SD,2
NIM00216,Petani,4434917,S1,3
NIM01898,Wiraswasta,15594127,S2,3
NIM00231,Petani,18100621,S1,2
NIM01726,Buruh,9181928,SMA,2
NIM00654,Petani,1389190,SMA,2
NIM01201,PNS,3248966,S1,1
NIM01587,Petani,4138247,S1,1
NIM00702,Petani,19221585,S2,2
NIM01541,Buruh,2101778,SMA,1
NIM01747,Tidak Bekerja,1616564,S1,5
NIM00707,Petani,10325644,SMP,2
NIM00513,Buruh,15458748,S2,1
NIM01128,PNS,13601242,S2,3
NIM01897,Petani,17921530,SMP,2
NIM01125,Petani,4502340,SMA,2
NIM01664,PNS,2380324,S1,2
NIM01889,Wiraswasta,5989017,S1,4
NIM00305,Tidak Bekerja,13654646,SMA,2
NIM01785,PNS,19915419,SMP,3
NIM01937,PNS,19853449,SMP,1
NIM01993,PNS,11743527,SMP,2
NIM00351,Wiraswasta,4551292,S2,5
NIM00803,PNS,6044071,S1,1
NIM00451,Wiraswasta,1127211,SD,3
NIM01293,Tidak Bekerja,16027766,S2,4
NIM01396,Wiraswasta,13111090,S2,3
NIM00933,Tidak Bekerja,10880337,S1,4
NIM01062,Tidak Bekerja,4170187,SMA,1
NIM01870,Tidak Bekerja,12841556,S1,4
NIM00902,Buruh,8160985,SMA,1
NIM00762,Tidak Bekerja,13580046,S1,3
NIM00733,Wiraswasta,8052778,S2,3
NIM00063,Buruh,8705643,SMP,4
NIM01789,PNS,4361935,S2,5
NIM00505,PNS,3994594,S2,3
NIM00945,Petani,4405316,SD,4
NIM00265,Tidak Bekerja,12879740,S2,2
NIM01700,Petani,5421444,S2,1
NIM00535,Tidak Bekerja,18495420,S2,2
NIM01103,Tidak Bekerja,10595939,SD,2
NIM01654,Wiraswasta,6623015,SMA,2
NIM01209,Wiraswasta,8292591,SD,4
NIM00946,PNS,15992149,SMP,3
NIM00495,Buruh,12298848,SMA,2
NIM01595,PNS,10077316,SD,4
NIM01394,Tidak Bekerja,19769913,SMP,3
NIM00903,Buruh,12895857,SMP,1
NIM01839,Petani,4896995,S1,3
NIM00764,Tidak Bekerja,5854009,S1,3
NIM01625,Wiraswasta,7702316,S2,2
NIM01765,PNS,15090471,SMA,4
NIM00855,PNS,17458684,SD,5
NIM00331,Petani,7460025,S2,1
NIM01464,PNS,12659397,SMA,4
NIM01262,PNS,15525510,S1,2
NIM00904,Buruh,3404185,SD,4
NIM00292,Tidak Bekerja,2043765,SMP,5
NIM00426,Buruh,10360383,SMP,1
NIM00295,Buruh,5834582,S2,3
NIM00833,PNS,8147738,S2,1
NIM00500,Tidak Bekerja,19825522,SD,5
NIM01580,PNS,12642855,SMP,1
NIM00845,PNS,19800953,S2,1
NIM01616,Buruh,19615698,SMP,2
NIM01710,Wiraswasta,8060378,S1,3
NIM00653,Wiraswasta,9738520,S2,5
NIM01061,Buruh,9402712,SMA,2
NIM01550,Buruh,9254868,S2,1
NIM00634,PNS,2328506,S1,1
NIM01421,Tidak Bekerja,17470296,SD,4
NIM00750,PNS,5325042,SMP,2
NIM00396,PNS,4321158,SD,5
NIM01591,Petani,9249378,S2,5
NIM01948,PNS,2361989,SMA,5
NIM01046,Tidak Bekerja,16458663,SD,5
NIM01364,PNS,2398670,SMA,1
NIM00495,Buruh,12653699,S2,1
NIM01427,Tidak Bekerja,8705983,SMA,2
NIM01227,Buruh,13601388,SMA,3
NIM00926,Petani,2170790,S1,5
NIM00950,Petani,4500398,SD,1
NIM01370,Tidak Bekerja,8067876,S2,2
NIM01039,Wiraswasta,13589238,S1,5
NIM01054,Wiraswasta,11387922,SMA,3
NIM01053,Tidak Bekerja,11687301,S1,5
NIM01788,Tidak Bekerja,4572686,S1,4
NIM00160,Buruh,16012931,SMA,5
NIM01653,Petani,16178596,S2,4
NIM00670,Tidak Bekerja,12659813,SMP,3
NIM00620,PNS,6355205,S1,4
NIM00627,Buruh,11500723,SD,3
NIM00272,Petani,17729079,SMA,2
NIM00420,Buruh,12147358,SMP,4
NIM00850,Petani,11446548,S1,5
NIM00489,PNS,12136245,SMA,5
NIM00176,Petani,11674860,SMA,2
NIM01255,Buruh,19266908,S1,1
NIM00796,Petani,15919088,SD,3
NIM01342,Buruh,16138071,SMA,1
NIM00762,Tidak Bekerja,10092756,SMA,1
NIM00467,PNS,10216368,S1,2
NIM00440,Buruh,5118806,SMP,2
NIM01080,Wiraswasta,10498974,SMA,4
NIM01355,Wiraswasta,8788949,SMA,4
NIM00273,Petani,1727485,S1,4
NIM00702,Tidak Bekerja,8813749,SMA,4
NIM01045,Tidak Bekerja,18183237,S1,4
NIM00165,Wiraswasta,1984384,SD,5
NIM01516,Petani,11382019,S1,2
NIM00883,Tidak Bekerja,10291207,SMP,3
NIM01442,Tidak Bekerja,10664054,SMA,3
NIM01821,Petani,14980900,SD,3
NIM01604,Buruh,11105769,SMA,3
NIM00992,Wiraswasta,1707578,SMA,3
NIM00956,Tidak Bekerja,17292787,S1,5
NIM01291,Buruh,14095442,SMA,2
NIM01754,Buruh,19803051,SD,4
NIM01362,Buruh,6007232,S2,4
NIM01920,Buruh,4230120,SMA,4
NIM00885,PNS,1093399,S1,2
NIM01632,PNS,5277712,SMP,2
NIM00188,Petani,7640287,SMA,5
NIM01499,Wiraswasta,19808753,S1,5
NIM00208,Petani,19245600,SMA,4
NIM00074,PNS,19699896,S2,2
NIM01900,Petani,19439090,S2,4
NIM00674,Petani,13839899,SD,5
NIM00673,Buruh,10342141,S2,4
NIM01418,Tidak Bekerja,13429566,S1,5
NIM00490,PNS,4781365,S2,1
NIM00572,PNS,19447393,S1,3
NIM01050,Petani,15184634,SMA,1
NIM00874,Tidak Bekerja,7857582,SD,4
NIM01561,Petani,15980544,SD,4
NIM01794,Wiraswasta,12645803,S2,2
NIM01882,PNS,6713518,SMP,3
NIM01876,Buruh,7889326,S2,5
NIM00515,Buruh,15861158,SMP,4
NIM01824,Buruh,12084481,S2,5
NIM01281,PNS,12160193,S1,5
NIM00280,PNS,3415557,S1,5
NIM00818,Buruh,18331202,SMP,1
NIM00939,PNS,10905380,SD,5
NIM00760,Buruh,13002532,SMP,2
NIM00556,Wiraswasta,14112280,SMA,1
NIM01057,Wiraswasta,7525270,SD,1
NIM01318,Wiraswasta,6311544,SMP,4
NIM01648,Petani,13702935,SMA,3
NIM01332,Petani,17930494,SMA,3
NIM00291,Tidak Bekerja,14006578,S2,4
NIM00785,Tidak Bekerja,9240954,SMP,3
NIM00826,Tidak Bekerja,12054617,S1,5
NIM01328,Wiraswasta,17262739,S2,2
NIM01067,Wiraswasta,6424448,SD,5
NIM01840,Wiraswasta,16068917,S1,3
NIM01580,PNS,10625088,SMA,3
NIM01825,PNS,7644639,SD,2
NIM00971,Wiraswasta,1529818,S2,1
NIM01623,Buruh,1723984,SMA,1
NIM00742,Tidak Bekerja,2595992,SMA,2
NIM01504,Petani,6051443,SMA,1
NIM00083,Tidak Bekerja,8692451,S1,3
NIM01228,Buruh,3333121,S2,1
NIM00642,PNS,7778783,S2,3
NIM01162,Wiraswasta,13540447,S1,4
NIM00083,PNS,4435205,S2,5
NIM01948,PNS,17477685,SMA,1
NIM01711,Buruh,8668062,SMA,4
NIM00648,PNS,11925494,SMA,1
NIM00619,PNS,11059976,S2,4
NIM00151,Tidak Bekerja,6016056,SMP,2
NIM00944,Tidak Bekerja,15605299,SD,4
NIM01645,Buruh,14835647,SMP,3
NIM01758,Wiraswasta,14549391,S1,2
NIM00860,Tidak Bekerja,5570407,SMP,2
NIM00319,PNS,19033270,SMP,3
NIM01869,Petani,12066710,S1,1
NIM01271,Tidak Bekerja,15788355,SMP,2
NIM01061,Petani,11882534,SD,1
NIM01292,Wiraswasta,18495658,S2,5
NIM01610,PNS,15613754,S1,4
NIM00115,Tidak Bekerja,19161770,SMP,4
NIM01105,Wiraswasta,3542073,SMA,3
NIM00705,Buruh,7294969,SMA,3
NIM00726,Wiraswasta,5072692,S1,4
NIM01551,Buruh,10361486,SMA,5
NIM01360,Buruh,16622884,SD,3
NIM01108,Tidak Bekerja,9855013,SMP,5
NIM00887,Petani,11075332,SD,3
NIM00778,Buruh,4195240,SD,2
NIM00810,PNS,6562584,S2,1
NIM00154,Tidak Bekerja,17284637,SMP,4
NIM01841,Buruh,12468534,S1,1
NIM00253,Tidak Bekerja,19891379,SMA,4
NIM00502,PNS,3116803,S2,3
NIM01943,Tidak Bekerja,8864886,SD,1
NIM00448,Tidak Bekerja,19648750,SMA,5
NIM01297,Buruh,4653585,SMP,3
NIM00930,Wiraswasta,9104378,SD,2
NIM01897,Tidak Bekerja,14700554,SD,1
NIM00825,Buruh,17533962,SMP,1
NIM00854,PNS,12218403,S1,2
NIM00507,PNS,17590991,S2,4
NIM00132,Wiraswasta,14132504,SMP,3
NIM01735,PNS,11341632,SMA,2
NIM01349,Buruh,2634988,SMA,5
NIM00351,Wiraswasta,1164445,SD,3
NIM01107,Buruh,5232755,S2,2
NIM01988,Wiraswasta,6649765,S1,2
NIM00818,Wiraswasta,3301164,S1,1
NIM00126,Buruh,8311018,SMA,1
NIM01238,Wiraswasta,9933650,S1,1
NIM00835,Buruh,1124779,SMA,3
NIM01751,PNS,1102047,S2,4
NIM01988,PNS,4019503,SD,3
NIM01774,Tidak Bekerja,15761536,SMA,1
NIM01624,Petani,7067758,S2,1
NIM00896,Petani,6827657,SMA,3
NIM00955,PNS,19061265,SMP,2
NIM00462,Tidak Bekerja,19681813,SMA,2
NIM00625,Petani,18534279,S2,1
NIM00105,Buruh,16303063,S1,1
NIM01395,Buruh,11273877,SMA,4
NIM00063,Wiraswasta,10318902,SD,2
NIM00963,Petani,8300860,S2,4
NIM00751,Buruh,8485671,S1,1
NIM01493,Petani,9026534,S2,1
NIM00026,Wiraswasta,12797970,SMA,4
NIM01664,PNS,6454070,SMP,4
NIM00001,Tidak Bekerja,14235569,SMP,1
NIM00094,Wiraswasta,8400960,SD,5
NIM00883,Wiraswasta,1118888,SD,1
NIM00452,Wiraswasta,8423433,S1,2
NIM01998,Tidak Bekerja,9815872,SMP,1
NIM01938,Buruh,11664410,SMA,3
NIM01036,Petani,18137274,S2,1
NIM01702,PNS,17940011,S2,5
NIM00298,PNS,2090410,SMP,2
NIM01444,Tidak Bekerja,5857719,SMP,1
NIM01808,PNS,1916673,S2,4
NIM01985,Tidak Bekerja,9050710,S1,2
NIM01603,Tidak Bekerja,16637416,S2,2
NIM01191,Petani,14712884,SD,5
NIM00254,Petani,11744425,SMA,4
NIM01891,Tidak Bekerja,11612760,SMP,3
NIM01789,Petani,19850322,SMP,1
NIM01782,Buruh,3703057,S1,3
NIM01595,Wiraswasta,19395181,SD,4
NIM01999,PNS,2046729,S2,2
NIM01318,PNS,7805014,SD,5
NIM01168,PNS,16229292,SD,5
NIM00209,PNS,3079189,S1,2
NIM01250,Buruh,7884651,S1,5
NIM01482,Buruh,14118216,S2,3
NIM00907,Wiraswasta,11901919,S2,2
NIM00284,Tidak Bekerja,16783257,SMA,1
NIM01627,Petani,19957660,SD,1
NIM01510,Wiraswasta,4652282,S2,4
NIM01135,PNS,16674153,S1,2
NIM01776,Petani,5720829,SMA,3
NIM00350,Wiraswasta,1851695,SMA,2
NIM01357,PNS,6706076,S1,2
NIM01104,Wiraswasta,2447550,S2,3
NIM01410,PNS,10407992,S1,5
NIM01428,PNS,17690466,S2,3
NIM01740,Buruh,2134471,S1,2
NIM01774,PNS,10991130,S1,2
NIM01352,Wiraswasta,5057198,SMP,2
NIM01318,Petani,13195370,S2,2
NIM01518,Buruh,5081142,SD,4
NIM00184,Petani,3609674,SMP,5
NIM00212,Tidak Bekerja,9153142,SMP,2
NIM01275,Petani,6703862,SMP,4
NIM01763,Tidak Bekerja,19498578,SMP,2
NIM00167,Tidak Bekerja,17560490,SD,5
NIM01567,Buruh,7451208,SMP,5
NIM01872,Petani,8187091,SD,3
NIM01687,PNS,6904408,SD,4
NIM01186,Buruh,10405745,SMP,5
NIM01632,Buruh,12974628,SMA,1
NIM01297,PNS,17355137,SD,2
NIM00875,Petani,6506104,SMP,5
NIM01560,Buruh,3174485,S1,4
NIM01443,Tidak Bekerja,9244771,S1,4
NIM01654,PNS,13162048,S2,4
NIM00407,Wiraswasta,9986671,SD,3
NIM01416,Buruh,4360160,SD,2
NIM00438,Tidak Bekerja,13332695,S1,1
NIM01111,Petani,13635332,SD,4
NIM00405,Petani,6786671,SD,2
NIM00275,PNS,8474409,S1,4
NIM01439,Tidak Bekerja,11613172,SMP,4
NIM00562,PNS,6877849,S1,1
NIM01351,Buruh,15052266,SMA,2
NIM00112,PNS,4130730,S1,4
NIM00792,Wiraswasta,11399641,S1,3
NIM00302,PNS,10907130,SMP,4
NIM00136,PNS,11299240,S1,2
NIM00333,Buruh,16424688,S1,5
NIM01027,Tidak Bekerja,4134143,SMP,4
NIM01186,Wiraswasta,12224593,S1,3
NIM01536,PNS,7179578,SMP,3
NIM00077,Buruh,4226040,SMA,4
NIM00185,Buruh,3981999,SMP,2
NIM01910,Buruh,3065776,SD,4
NIM00570,Tidak Bekerja,11568877,SD,3
NIM01504,PNS,3158393,SMP,4
NIM01187,Petani,5948308,S1,3
NIM01045,Wiraswasta,12211671,S2,5
NIM01601,Petani,13094253,S2,4
NIM01602,Tidak Bekerja,9926791,SMA,1
NIM00953,PNS,16131829,SMA,4
NIM01322,Petani,6600368,S2,3
NIM00299,Petani,13379686,S2,2
NIM01306,Petani,13384174,SMP,3
NIM01987,Wiraswasta,2588294,S2,5
NIM00472,PNS,7330586,SD,2
NIM00410,Buruh,16902212,SMA,1
NIM01416,PNS,16595248,SMA,1
NIM00687,Petani,14572260,SD,5
NIM00165,PNS,19935765,SMA,5
NIM01992,Buruh,6626236,S2,5
NIM01106,Wiraswasta,1724415,SMA,5
NIM00658,PNS,19069511,SD,4
NIM01740,PNS,12247211,SMA,3
NIM00164,Wiraswasta,11364285,S2,4
NIM00104,Wiraswasta,5693373,SMP,2
NIM01154,Petani,18303517,S2,1
NIM00596,Petani,7521279,SMA,1
NIM00120,Wiraswasta,14715128,S1,2
NIM00259,Buruh,7909723,SMA,1
NIM01128,Petani,11106009,SMA,5
NIM00364,Buruh,17101965,SD,5
NIM01570,Wiraswasta,11976999,S1,5
NIM01918,PNS,18536550,SD,2
NIM00369,Wiraswasta,6911204,SD,3
NIM01902,Wiraswasta,18519714,S2,2
NIM01710,Tidak Bekerja,12824768,SMP,3
NIM00958,Wiraswasta,1265746,SMA,1
NIM01350,Petani,2935646,S1,1
NIM01768,PNS,4479524,SMA,1
NIM01209,Buruh,1103253,SD,3
NIM00394,Tidak Bekerja,19311784,SMP,1
NIM01368,Petani,14760701,SD,2
NIM00530,PNS,14225476,SMA,3
NIM01441,Buruh,11194894,S2,5
NIM01255,PNS,6503735,SMA,3
NIM00135,Petani,6118347,SD,2
NIM00045,PNS,13849279,S1,2
NIM00624,Wiraswasta,6174854,S1,2
NIM01516,PNS,15529089,S1,1
NIM00925,Wiraswasta,8555912,S1,5
NIM00595,Petani,12305626,S1,5
NIM01446,Tidak Bekerja,1828324,SMP,4
NIM01575,Wiraswasta,19643022,SMP,2
NIM00766,PNS,12146258,S2,1
NIM01945,PNS,2424861,S1,3
NIM01169,PNS,18934464,SD,1
NIM01341,Petani,15004986,SD,2
NIM01587,Buruh,10272549,SMA,1
NIM00293,PNS,2781657,S1,2
NIM01603,PNS,12995532,SD,3
NIM00536,Wiraswasta,14630636,S2,3
NIM00634,Tidak Bekerja,18958214,SD,5
NIM00466,PNS,16035150,S2,4
NIM00049,Petani,3406614,S1,1
NIM00661,Buruh,17697502,SMA,4
NIM00459,Buruh,3417761,SMA,1
NIM00697,Buruh,5154112,SMP,5
NIM00762,Petani,1639759,S1,5
NIM00425,Buruh,5664177,SD,3
NIM01681,Buruh,13500490,SMA,3
NIM00755,Wiraswasta,18694887,S2,3
NIM00877,Buruh,8257298,S2,1
NIM01894,Wiraswasta,9508075,SD,4
NIM00661,Wiraswasta,2703749,SD,4
NIM00068,Wiraswasta,11132087,S1,3
NIM00509,Petani,7643111,SD,5
NIM00736,PNS,15459859,SD,4
NIM00210,Tidak Bekerja,5819712,SD,5
NIM00704,Buruh,14419970,SMA,3
NIM01324,Tidak Bekerja,12329469,S1,1
NIM00124,PNS,5959346,SD,2
NIM00796,Wiraswasta,2809711,SD,4
NIM00292,Wiraswasta,4518042,S2,3
NIM00421,Wiraswasta,4009844,SMA,3
NIM01919,Wiraswasta,9855100,SD,4
NIM00812,Buruh,9840918,SMA,2
NIM00050,PNS,6304421,S1,1
NIM01905,PNS,14783694,S1,4
NIM00183,PNS,19758534,SMP,1
NIM00247,Tidak Bekerja,8447279,S2,3
NIM01112,Wiraswasta,19873991,SMP,4
NIM00650,Petani,14096897,SMA,1
NIM00550,PNS,17622426,S2,5
NIM00561,Tidak Bekerja,18682196,SD,5
NIM00072,Buruh,14701752,S2,5
NIM00770,Wiraswasta,10239796,S2,1
NIM00556,Tidak Bekerja,1286173,S1,5
NIM01315,Petani,14343855,SMP,3
NIM00504,Petani,12984778,S1,1
NIM00628,Buruh,10687989,S1,3
NIM00661,PNS,2591248,SMP,2
NIM01337,PNS,19249097,S1,1
NIM01883,Tidak Bekerja,16892719,S2,5
NIM01815,Tidak Bekerja,10133327,SMA,5
NIM01312,PNS,4606670,SD,2
NIM01754,PNS,1244665,SD,4
NIM00508,Tidak Bekerja,12073230,S1,2
NIM01095,Wiraswasta,18497987,SMP,5
NIM00161,Petani,13584927,S2,5
NIM01809,Petani,13801274,S1,4
NIM00127,Buruh,4144981,S2,2
NIM01480,Petani,2392802,S2,3
NIM01706,Tidak Bekerja,3859357,SD,2
NIM01553,Wiraswasta,3234825,SMA,3
NIM01328,Tidak Bekerja,16116378,SMA,5
NIM00490,PNS,6195903,SMP,5
NIM00239,PNS,15338826,SMA,2
NIM00176,Petani,16846947,S1,5
NIM00210,Wiraswasta,6329865,SD,4
NIM01593,Buruh,8652119,SD,1
NIM00359,Tidak Bekerja,7184660,S2,3
NIM01213,Buruh,1115196,S1,5
NIM01533,Buruh,18161127,S1,3
NIM01580,Buruh,6419747,S2,2
NIM01943,Buruh,8272304,S2,4
NIM01996,Tidak Bekerja,19292521,SD,3
NIM00634,PNS,14367286,S1,5
NIM01845,Tidak Bekerja,6907444,SMA,1
NIM01057,PNS,10782322,SMA,4
NIM00501,PNS,5347728,SD,2
NIM00312,Tidak Bekerja,2230715,SMA,5
NIM01564,Tidak Bekerja,11703235,SMA,4
NIM01175,Tidak Bekerja,17201046,S1,5
NIM01599,PNS,10854104,S1,2
NIM01543,Tidak Bekerja,9209119,SMP,2
NIM00111,Wiraswasta,17441321,S1,1
NIM01666,Petani,6690296,SMP,4
NIM01985,Petani,7110885,S1,1
NIM01156,Wiraswasta,8552719,S2,1
NIM00520,Petani,12817341,S1,1
NIM01918,PNS,7963295,SMP,3
NIM01329,Tidak Bekerja,18462034,SMA,2
NIM01053,Tidak Bekerja,9098084,S1,1
NIM00850,Tidak Bekerja,2912042,SMA,3
NIM01847,Wiraswasta,10851220,SMA,3
NIM00933,Wiraswasta,14282236,S1,3
NIM01375,PNS,8526937,S1,1
NIM01542,Wiraswasta,18455975,S2,3
NIM01516,Tidak Bekerja,11867647,SMP,1
NIM00408,PNS,19095594,S1,4
NIM01532,PNS,17230780,SMA,2
NIM00624,Tidak Bekerja,18529996,SMA,5
NIM01129,Buruh,17505690,S1,1
NIM00719,Tidak Bekerja,14761110,SMP,2
NIM00552,PNS,16703062,SMA,1
NIM00780,Buruh,1969465,S2,4
NIM00320,Tidak Bekerja,19397547,SMA,2
NIM01070,Tidak Bekerja,17875257,SMP,2
NIM01265,Buruh,9268947,SD,3
NIM01294,Buruh,7400565,S2,1
NIM00667,Petani,12727816,S2,1
NIM00628,Buruh,12698105,SD,5
NIM01061,Wiraswasta,7699834,S2,3
NIM01229,Buruh,9591251,S2,3
NIM01785,PNS,9017902,S2,5
NIM01510,Buruh,17774694,SMA,3
NIM01134,Tidak Bekerja,9984560,SMA,3
NIM01510,Wiraswasta,15706905,S1,4
NIM01342,Buruh,9427354,S1,2
NIM01859,Wiraswasta,9736732,SMA,5
NIM01616,Petani,18238952,S2,4
NIM00076,Wiraswasta,15174956,SMP,4
NIM01806,Tidak Bekerja,14636932,SD,4
NIM00610,Petani,12899715,S1,3
NIM01522,Buruh,4886934,S2,5
NIM00479,Wiraswasta,14098772,S1,3
NIM01959,Petani,4219944,SMP,3
NIM01413,Buruh,16250839,S2,4
NIM00588,Buruh,8838863,SMA,1
NIM01818,Wiraswasta,18756418,SMP,5
NIM00593,Wiraswasta,18327330,S1,5
NIM00364,Petani,10189747,S2,4
NIM00309,Wiraswasta,16950815,S2,4
NIM01087,Buruh,11606679,SD,2
NIM00267,Tidak Bekerja,7447503,SD,4
NIM00033,Petani,4592151,SD,3
NIM01833,Tidak Bekerja,6148675,SMA,4
NIM00040,Tidak Bekerja,11577439,S2,5
NIM00686,Buruh,1265961,S2,1
NIM00260,Tidak Bekerja,3086093,S1,1
NIM00736,PNS,4875941,SMA,3
NIM01759,Petani,10852684,SD,1
NIM00267,Buruh,15781691,S2,4
NIM00667,Wiraswasta,14945387,SD,1
NIM01800,Buruh,14905323,SMP,4
NIM01685,Wiraswasta,2090454,SMA,2
NIM01249,Buruh,18907178,SD,5
NIM01407,PNS,9843789,SMA,3
NIM01522,Petani,19531619,S2,2
NIM00639,Tidak Bekerja,7732538,SMP,1
NIM01029,Buruh,9734326,S1,3
NIM01021,Petani,7933890,SMP,4
NIM00446,Petani,7268493,SMA,2
NIM00288,Petani,2818034,SMP,5
NIM01881,Petani,2638641,S2,5
NIM01082,Petani,2708268,SMA,2
NIM01096,Tidak Bekerja,19260261,SMA,2
NIM01691,Tidak Bekerja,7864219,S2,2
NIM00794,Buruh,1144470,SD,1
NIM01704,Wiraswasta,9938259,S1,5
NIM01565,Buruh,11339936,SMP,5
NIM01993,Petani,8392257,S1,1
NIM01106,Wiraswasta,9048614,S1,3
NIM00775,Buruh,5868324,S2,5
NIM01642,Wiraswasta,1111001,SD,3
NIM00277,Tidak Bekerja,15007041,S1,3
NIM02000,Petani,9451010,SMA,3
NIM00963,Wiraswasta,10800233,SD,5
NIM01888,PNS,16263956,S2,4
NIM01546,Petani,14787521,S1,3
NIM01598,Tidak Bekerja,4464706,S2,4
NIM00736,Tidak Bekerja,9422787,SMP,1
NIM01160,Buruh,7738909,S2,4
NIM00736,PNS,19370661,SMA,4
NIM00114,Wiraswasta,7485580,S2,2
NIM00772,Buruh,7622928,SD,3
NIM00157,Tidak Bekerja,6174663,SMP,5
NIM01420,Wiraswasta,1934728,SMA,2
NIM01013,Tidak Bekerja,10533171,SMP,4
NIM01253,Tidak Bekerja,19350314,SMA,1
NIM01636,PNS,8296959,SMP,5
NIM00255,Petani,19957096,S1,1
NIM01203,Wiraswasta,13850215,S2,4
NIM01811,PNS,19081894,SD,1
NIM01253,Tidak Bekerja,15860698,SD,2
NIM01391,Tidak Bekerja,18526774,S1,1
NIM01055,PNS,13440359,SMP,2
NIM00108,Wiraswasta,19998835,S2,3
NIM00282,Tidak Bekerja,19588708,S1,5
NIM00621,Wiraswasta,11930381,SMP,1
NIM00390,PNS,2106260,S2,2
NIM01565,Tidak Bekerja,16871881,SMP,4
NIM00529,Buruh,18679291,SD,4
NIM01428,Buruh,3298064,S2,2
NIM01194,Tidak Bekerja,17943066,SD,5
NIM00878,Petani,14581952,SD,3
NIM01199,Tidak Bekerja,18677489,S2,3
NIM01098,Tidak Bekerja,4311456,S1,5
NIM00454,Tidak Bekerja,3849813,SMP,1
NIM00509,PNS,19286306,S2,2
NIM01264,Tidak Bekerja,17113745,SD,3
NIM00096,Tidak Bekerja,3359298,SMP,5
NIM01538,PNS,9834703,S2,3
NIM00202,Tidak Bekerja,15287611,S1,3
NIM01061,Buruh,3014602,S2,1
NIM00091,Buruh,4563785,S2,3
NIM00233,Tidak Bekerja,3329010,SMA,2
NIM00659,PNS,10880276,SMP,5
NIM01011,Tidak Bekerja,6196151,S2,1
NIM00809,Tidak Bekerja,12359493,SD,1
NIM00912,Wiraswasta,2861997,SD,5
NIM00253,Petani,1447495,SMA,2
NIM01395,PNS,6609377,SD,3
NIM00724,Petani,5695080,S2,3
NIM01468,Wiraswasta,12999085,SMP,2
NIM00441,Petani,18538304,SMA,4
NIM00996,Tidak Bekerja,14359667,SMA,5
NIM00064,Buruh,4912805,S1,2
NIM00005,PNS,2201066,S1,3
NIM01682,PNS,11883441,SMP,5
NIM00072,Tidak Bekerja,17847698,SMP,5
NIM01421,Petani,1403730,SMA,3
NIM00617,PNS,8643182,S2,2
NIM00330,Wiraswasta,17387661,S2,4
NIM01572,Wiraswasta,4607044,S1,5
NIM01171,Petani,5827754,SMP,5
NIM01439,Wiraswasta,8793836,SMP,5
NIM01792,Buruh,15924735,S2,2
NIM01764,Tidak Bekerja,19301832,S1,5
NIM00349,PNS,19221462,S2,3
NIM00365,Tidak Bekerja,13234419,S2,3
NIM00791,Petani,6070392,SMA,1
NIM00416,Tidak Bekerja,11520129,SMP,5
NIM00625,PNS,6272195,SMA,4
NIM00507,PNS,16954332,SMA,1
NIM00523,Petani,18567491,S2,5
NIM00706,PNS,17242811,S1,5
NIM01760,Wiraswasta,9174976,S2,2
NIM00250,Tidak Bekerja,12275867,S1,2
NIM00901,Buruh,5796177,SMP,3
NIM00249,Buruh,16238125,SD,1
NIM01375,Buruh,3621671,SMP,1
NIM01293,Petani,14905477,S2,1
NIM00854,Buruh,8362992,S1,3
NIM00448,Tidak Bekerja,8323638,SD,4
NIM01827,PNS,14029866,S1,4
NIM00083,Wiraswasta,11373205,S1,4
NIM01565,Buruh,9996506,SD,1
NIM01431,Buruh,4032263,SD,5
NIM00339,Buruh,1149659,SMP,1
NIM01104,Wiraswasta,2489652,SMA,5
NIM00095,Tidak Bekerja,9135553,SD,2
NIM00912,Buruh,18349139,SMA,3
NIM01946,PNS,5089677,SMA,4
NIM00259,Petani,19512972,SMA,1
NIM00122,Wiraswasta,13371271,SMA,1
NIM01148,Tidak Bekerja,10846955,SD,2
NIM00535,PNS,16094521,S1,5
NIM00953,Wiraswasta,2070777,SD,4
NIM00905,Wiraswasta,19632041,SD,3
NIM00947,Petani,15322815,S2,5
NIM01752,Petani,1687626,S2,5
NIM01313,Tidak Bekerja,2068402,SMP,4
NIM01486,Buruh,18576844,SMA,3
NIM00092,Petani,10725824,SMA,4
NIM01048,Tidak Bekerja,4261002,S2,4
NIM01131,Wiraswasta,19902148,S1,1
NIM01842,Buruh,3212095,SMP,3
NIM00052,PNS,14616577,S1,5
NIM00711,Wiraswasta,8291600,S2,4
NIM00294,Tidak Bekerja,11045392,S1,2
NIM00300,PNS,10997247,SMA,3
NIM00345,Wiraswasta,17397966,S2,2
NIM01406,Petani,16301685,S1,5
NIM01592,Tidak Bekerja,11277270,SMP,3
NIM00194,PNS,10581952,SMP,1
NIM01581,Petani,10369513,SD,3
NIM00436,PNS,8755822,S2,5
NIM00385,Buruh,14960748,S2,1
NIM00855,Buruh,8703706,S2,5
NIM00751,Tidak Bekerja,5941772,SMA,3
NIM01396,PNS,4098428,SMA,5
NIM01768,Buruh,3019082,S2,3
NIM00320,Wiraswasta,16141828,S1,1
NIM00239,Wiraswasta,4132060,SMA,3
NIM00392,Buruh,3055192,S2,5
NIM01963,Buruh,7937933,SMA,5
NIM00648,Tidak Bekerja,5113839,SD,5
NIM01309,Tidak Bekerja,4040429,SMP,2
NIM00013,Wiraswasta,19012968,SD,2
NIM01409,Petani,12991013,S2,2
NIM00541,PNS,1691240,SMP,4
NIM00690,Petani,3645931,S1,3
NIM01317,Tidak Bekerja,6104927,S2,2
NIM00257,Petani,15059576,S1,5
NIM00108,Tidak Bekerja,13175365,S1,5
NIM01605,Petani,15919230,SMA,2
NIM01909,Wiraswasta,6332885,SMA,2
NIM01712,Tidak Bekerja,18391777,SMP,5
NIM00183,Wiraswasta,6899014,SMP,2
NIM01778,Petani,15745656,SMA,4
NIM01730,Buruh,1678415,SMP,4
NIM00367,Buruh,16834170,SD,4
NIM01020,PNS,4964808,S2,1
NIM00831,Buruh,17645881,SD,4
NIM01558,PNS,15602188,S2,5
NIM00862,Petani,19874913,SMA,1
NIM01547,PNS,11013604,SD,5
NIM01309,PNS,9168837,S1,5
NIM00874,PNS,11893477,SD,2
NIM01283,Wiraswasta,11316143,SMP,3
NIM00173,PNS,19353468,SD,4
NIM01741,Tidak Bekerja,12321069,SMA,3
NIM00760,Petani,15566220,SMA,3
NIM00771,Wiraswasta,7048361,SMP,2
NIM01354,Tidak Bekerja,11359280,S2,3
NIM00452,Petani,3618039,SMP,4
NIM01806,Wiraswasta,11999633,S2,1
NIM00471,Petani,1513978,SMA,5
NIM01105,Buruh,15252542,SMA,4
NIM00321,Petani,14028870,S2,2
NIM00441,Buruh,17048670,SD,1
NIM00399,Buruh,10650391,SD,2
NIM00188,Petani,19739497,SMP,4
NIM01462,Buruh,14682009,SMA,5
NIM00885,Wiraswasta,9266013,SD,3
NIM01922,Buruh,13197748,SMA,3
NIM00850,PNS,8146483,SMP,2
NIM01472,Wiraswasta,10465981,S1,1
NIM00743,Wiraswasta,8962674,SMA,5
NIM01494,Wiraswasta,15171186,S1,2
NIM01564,PNS,3789846,SMA,5
NIM00862,PNS,11216823,S2,2
NIM01485,PNS,11284396,S1,1
NIM01859,PNS,16343281,S2,4
NIM00515,PNS,2711762,S2,3
NIM01261,Tidak Bekerja,14907423,SMP,5
NIM00181,Tidak Bekerja,2511861,SMP,5
NIM00410,PNS,19795346,SD,1
NIM00516,Wiraswasta,9381164,S1,5
NIM00912,Buruh,11314382,SD,4
NIM00860,Buruh,15283150,S1,4
NIM01096,Tidak Bekerja,12750281,SMP,1
NIM00182,PNS,10929908,SMP,2
NIM00104,Petani,9835015,SMP,2
NIM01296,Buruh,13750834,S1,5
NIM00287,Buruh,10984312,SMP,5
NIM00087,Wiraswasta,8630814,SD,1
NIM00386,Buruh,1775196,S2,4
NIM01097,Tidak Bekerja,9650344,S1,1
NIM00603,PNS,13919696,S2,2
NIM01709,PNS,9328782,SD,4
NIM01334,Buruh,10795215,SMA,5
NIM00699,Petani,14957458,SMP,2
NIM00443,Tidak Bekerja,17613707,SD,3
NIM01942,Buruh,15085897,SMA,2
NIM01260,Tidak Bekerja,11030842,S1,4
NIM01698,Petani,7676631,SD,4
NIM00585,Tidak Bekerja,7234819,S1,1
NIM01761,Tidak Bekerja,17802212,S2,4
NIM01920,Tidak Bekerja,16392233,S2,3
NIM01254,PNS,11387708,S1,3
NIM00254,Petani,12150310,S2,4
NIM00952,PNS,5214243,S2,5
NIM01698,Wiraswasta,13051672,SMP,4
NIM00355,Buruh,2106088,S1,5
NIM01786,PNS,11119901,S1,4
NIM01519,Tidak Bekerja,18948287,SMA,2
NIM00410,Wiraswasta,1990592,SMP,4
NIM01223,Petani,12272028,SD,2
NIM00429,Petani,9108047,SMP,5
NIM01776,PNS,5392356,SD,4
NIM01773,Tidak Bekerja,7313862,S1,5
NIM00475,Tidak Bekerja,1446759,SMP,3
NIM00588,Petani,4598655,SMA,1
NIM00977,Tidak Bekerja,11903264,S2,5
NIM00917,Buruh,17259605,SD,2
NIM01963,PNS,18538741,S2,1
NIM00342,PNS,7120346,S1,4
NIM00474,Tidak Bekerja,7826378,S1,2
NIM01831,Petani,8346452,S1,1
NIM00397,Buruh,9341118,S2,1
NIM01450,Buruh,2377254,S1,5
NIM01069,Buruh,18002581,S1,4
NIM01367,Wiraswasta,8606478,S2,4
NIM00691,Tidak Bekerja,15085994,S1,4
NIM00734,Buruh,11861106,SD,5
NIM01911,Tidak Bekerja,4688924,SMP,5
NIM01041,Petani,12213391,SD,4
NIM00219,Petani,16106178,S1,1
NIM00596,Petani,3271401,S1,4
NIM00191,Wiraswasta,5901832,S1,5
NIM01415,Petani,11192034,S1,4
NIM01463,Tidak Bekerja,19780358,S2,5
NIM00644,PNS,6939143,SMP,4
NIM01521,PNS,16870716,S2,1
NIM01823,Tidak Bekerja,4581421,S2,1
NIM00094,PNS,1118886,S1,5
NIM01119,Buruh,13546595,SD,5
NIM01720,PNS,3146309,SD,2
NIM01668,Wiraswasta,16975110,SMA,3
NIM01106,Petani,13115979,SMP,2
NIM00340,PNS,17255078,SMA,5
NIM00808,PNS,8363258,S2,5
NIM00360,Wiraswasta,5679345,SMA,4
NIM00112,Wiraswasta,6329322,SMA,2
NIM00303,PNS,13267690,SMA,3
NIM01842,Buruh,14342384,SMP,2
NIM01943,PNS,9187992,SD,1
NIM00051,Buruh,8798198,SD,1
NIM00806,Petani,9442710,SMA,2
NIM01929,Tidak Bekerja,9965330,SMP,2
NIM00701,Petani,3760404,SD,5
NIM01744,PNS,17666132,S1,4
NIM00661,PNS,19573911,SD,1
NIM01801,Buruh,8543794,SD,3
NIM01908,Wiraswasta,18341411,SMP,4
NIM01305,Buruh,18316983,SMP,2
NIM01137,Wiraswasta,16056000,SD,1
NIM00036,Wiraswasta,19885170,S1,2
NIM00623,Wiraswasta,6614909,S1,1
NIM00683,Wiraswasta,17793841,SMA,3
NIM01102,PNS,8513443,SMA,4
NIM00849,Tidak Bekerja,2779260,SD,3
NIM01564,Tidak Bekerja,14213532,SD,3
NIM00960,Petani,12197667,SD,4
NIM00045,Petani,19708887,S1,4
NIM00873,Petani,10372948,S2,3
NIM00952,Buruh,8007249,SMA,2
NIM01328,Petani,5021558,SMA,4
NIM01416,Petani,16191363,S2,3
NIM00654,Petani,11863662,SD,3
NIM00015,PNS,2626933,SMA,3
NIM00640,Petani,4643921,S1,2
NIM00167,Tidak Bekerja,5020723,S2,5
NIM01689,PNS,12593468,S1,5
NIM00063,Wiraswasta,16831231,SD,4
NIM01595,Buruh,10058352,SMA,5
NIM00203,PNS,19126941,S1,1
NIM01181,PNS,13145570,S2,4
NIM01539,Tidak Bekerja,16230700,SD,4
NIM01575,Petani,14405917,SMA,3
NIM00278,Wiraswasta,17648358,SMA,1
NIM01125,Tidak Bekerja,1122809,SD,5
NIM00895,Tidak Bekerja,4432504,SD,4
NIM01193,PNS,11486492,SD,1
NIM01556,Wiraswasta,1654559,S1,2
NIM00403,Tidak Bekerja,18402632,SMP,2
NIM01165,Buruh,17117901,SMA,3
NIM00347,Buruh,13192150,S1,1
NIM00787,Tidak Bekerja,15841825,S2,4
NIM00976,PNS,5347983,SMA,2
NIM00834,Buruh,10613521,SMP,2
NIM00193,PNS,1115455,S2,5
NIM00899,Petani,14082600,SMA,5
NIM00152,Petani,4460448,SMP,1
NIM01772,PNS,16195558,SD,5
NIM01830,Tidak Bekerja,4162197,SMP,1
NIM00386,Petani,17041514,SMA,4
NIM01976,Petani,4397867,SMP,4
NIM01232,Buruh,15620229,SMA,4
NIM00989,Tidak Bekerja,10760099,SMA,5
NIM01573,PNS,12751042,SMP,5
NIM01412,Petani,7337155,SMP,3
NIM01102,Tidak Bekerja,14214967,S2,2
NIM00172,Petani,17805605,S2,4
NIM01581,Buruh,18294936,S1,5
NIM00337,Tidak Bekerja,11701160,SMA,2
NIM01620,Wiraswasta,19922339,S2,4
NIM00892,Buruh,9788795,S1,4
NIM01455,PNS,4114357,SMA,2
NIM00605,Tidak Bekerja,8734022,S1,2
NIM00489,Petani,4153713,S2,5
NIM00666,Tidak Bekerja,18257599,S1,2
NIM00106,PNS,16261160,SMP,2
NIM00870,Tidak Bekerja,10782597,S1,5
NIM01233,Petani,2493689,SD,4
NIM01740,Buruh,3203470,SD,2
NIM01784,Buruh,3556530,S1,3
NIM01372,Petani,1628553,SD,1
NIM01929,Wiraswasta,19905511,S1,2
NIM00352,Wiraswasta,18216010,S1,2
NIM01762,Buruh,8888295,S1,1
NIM00848,PNS,13904039,SD,3
NIM00048,Tidak Bekerja,8039150,SMA,4
NIM01270,Petani,13741505,S1,3
NIM00031,PNS,8068634,S1,1
NIM01719,Tidak Bekerja,12198700,SMP,2
NIM00475,Buruh,18714161,SMP,4
NIM00477,Petani,13523243,S2,3
NIM01281,PNS,16293477,SD,3
NIM01150,Tidak Bekerja,13659471,SMA,4
NIM00219,Buruh,8565143,S1,3
NIM00245,Buruh,16279099,S1,1
NIM01504,Tidak Bekerja,11649338,SD,4
NIM00443,Wiraswasta,11291158,S2,1
NIM01675,Wiraswasta,3467354,S2,4
NIM00501,Tidak Bekerja,5649594,SMP,1
NIM01251,Tidak Bekerja,19414785,SD,2
NIM00898,Tidak Bekerja,15017324,S2,2
NIM01838,Buruh,16039648,S2,3
NIM00769,Petani,12065983,SMA,4
NIM00255,Buruh,5822562,SMP,4
NIM00070,Buruh,6528814,SMP,1
NIM00455,Wiraswasta,3532392,SMP,3
NIM00578,Tidak Bekerja,8239044,S2,3
NIM01026,Buruh,9662276,S1,4
NIM00495,Buruh,8814549,S2,2
NIM00325,Tidak Bekerja,16790700,S2,4
NIM00781,Petani,10799836,SD,4
NIM00403,Wiraswasta,10555198,SMP,5
NIM00851,PNS,18238196,SMP,1
NIM01839,Buruh,9530328,SMA,1
NIM00129,Petani,19748244,SMP,5
NIM01507,PNS,10599952,S2,3
NIM00146,Tidak Bekerja,9933082,SD,1
NIM01649,PNS,19811931,SMA,3
NIM01824,Tidak Bekerja,8844451,S2,2
NIM01120,Petani,8226882,S2,3
NIM00501,PNS,17311840,SMA,1
NIM01480,Wiraswasta,8066478,S2,3
NIM01803,Petani,16866690,S2,2
NIM01428,PNS,2584962,SD,5
NIM00008,Buruh,5751905,SD,1
NIM00220,PNS,3422535,SD,2
NIM00725,PNS,4381307,SMP,4
NIM00102,Wiraswasta,8643319,SMA,5
NIM01702,Petani,12224428,SD,5
NIM00774,Buruh,13511125,S2,1
NIM00002,Petani,16746481,SMP,2
NIM01738,Petani,9555751,SMA,4
NIM01514,Buruh,2203318,SD,2
NIM01865,Buruh,10165129,SD,3
NIM00695,Wiraswasta,3591958,SMA,1
NIM00771,Tidak Bekerja,12803969,SD,3
NIM00834,Wiraswasta,14845652,SMA,3
NIM00740,Buruh,5734359,SMA,5
NIM00200,PNS,8669423,S2,5
NIM01993,PNS,15914936,SMA,3
NIM00026,Petani,2072447,S1,2
NIM00944,Petani,5408324,SD,1
NIM01374,Tidak Bekerja,7339620,S2,1
NIM00102,Tidak Bekerja,2232949,SMP,2
NIM01672,Tidak Bekerja,5002079,S1,3
NIM00963,Tidak Bekerja,16322709,SMA,1
NIM01355,PNS,5891692,SMP,5
NIM00857,Buruh,3938826,SMP,4
NIM00372,Tidak Bekerja,8141417,SMP,5
NIM00197,Wiraswasta,12308448,SMP,2
NIM00510,Tidak Bekerja,17911500,S2,4
NIM01996,PNS,2115028,S2,1
NIM01015,Petani,7971962,SMP,1
NIM01054,Wiraswasta,11119919,S1,4
NIM00923,Tidak Bekerja,11012718,SD,1
NIM00299,PNS,10055398,SD,4
NIM01157,Petani,13399063,S2,3
NIM01792,Tidak Bekerja,5969258,S1,2
NIM01556,PNS,7199194,S1,5
NIM01332,PNS,15590572,SMA,4
NIM00021,Buruh,9811172,S2,4
NIM01923,PNS,10003778,S1,3
NIM01065,Tidak Bekerja,17985363,S1,5
NIM01916,PNS,9316494,SD,3
NIM01522,Wiraswasta,16450176,S1,3
NIM01984,PNS,12800178,S1,2
NIM01900,PNS,11256585,SMP,1
NIM00964,Wiraswasta,11305486,SD,5
NIM01496,Tidak Bekerja,4951713,SD,3
NIM00967,Petani,12025374,SMP,1
NIM01688,Buruh,10835812,SD,1
NIM01332,Petani,9660101,SMA,1
NIM00459,Tidak Bekerja,7080773,SMA,1
NIM00514,Tidak Bekerja,7527259,S2,2
NIM01527,Wiraswasta,11977381,SD,2
NIM01068,Petani,2737080,SD,3
NIM00041,PNS,1860365,SMA,1
NIM00838,Wiraswasta,2045240,S2,3
NIM00263,Wiraswasta,17839802,S2,4
NIM01318,Buruh,16109711,SMA,2
NIM00685,Wiraswasta,6485734,SMA,2
NIM01033,Petani,17013462,SMP,5
NIM01077,Tidak Bekerja,2213476,S2,4
NIM01820,Buruh,2505144,S2,2
NIM01023,PNS,5904409,SMP,1
NIM00128,Petani,8060821,SMA,1
NIM00531,PNS,14411193,SMP,1
NIM01988,Wiraswasta,13797466,SMP,3
NIM00644,Petani,3196266,S1,2
NIM00525,Buruh,18835042,S2,3
NIM01756,Buruh,13805356,SMA,2
NIM01803,PNS,15841299,S1,5
NIM00757,Tidak Bekerja,4828210,S1,3
NIM01794,Buruh,11430262,S1,2
NIM00966,PNS,19026812,SMA,5
NIM01164,Tidak Bekerja,1659758,SMP,2
NIM00894,Petani,12248741,SMA,4
NIM00759,Buruh,9023628,S2,3
NIM00232,Buruh,19534481,S2,1
NIM00933,PNS,17646801,SMP,5
NIM01592,Buruh,17185567,SMA,5
NIM00088,PNS,8962676,SMP,1
NIM00766,Buruh,1700760,SMP,5
NIM01588,PNS,18859546,SMA,1
NIM01783,Buruh,8821194,S2,1
NIM01788,Petani,11280815,SMA,2
NIM00637,Petani,15799488,S2,3
NIM00201,PNS,19207583,SD,4
NIM00986,Petani,13681991,SD,5
NIM01412,PNS,4154834,SD,2
NIM00361,PNS,11203318,S1,4
NIM00132,Wiraswasta,12242722,S2,4
NIM00177,Petani,9081500,S2,5
NIM01076,Wiraswasta,2036617,SMA,5
NIM01570,Wiraswasta,7465725,S2,2
NIM00022,Buruh,15532181,SMA,5
NIM00653,PNS,15502841,S1,4
NIM01343,Tidak Bekerja,7930196,SMA,5
NIM00783,Wiraswasta,6114178,SD,2
NIM00168,Buruh,18930249,SMA,2
NIM01062,Petani,15834003,SMA,2
NIM00873,Tidak Bekerja,6975357,SMA,5
NIM01782,PNS,13047908,S2,3
NIM01771,Buruh,19549422,SMP,2
NIM01591,Tidak Bekerja,5244528,SMP,3
NIM00940,PNS,13963665,SMP,1
NIM01397,PNS,18009561,S2,2
NIM00632,Tidak Bekerja,6488233,SD,3
NIM01602,Buruh,9293581,SMP,3
NIM00834,Tidak Bekerja,2568424,SMP,4
NIM01451,Wiraswasta,19419585,S1,3
NIM01864,PNS,13256720,S1,4
NIM01190,Petani,19376314,SD,3
NIM00722,Tidak Bekerja,7826551,SMA,3
NIM01526,Tidak Bekerja,18139851,SMA,1
NIM01949,PNS,10683214,S1,3
NIM01099,PNS,16719633,S1,5
NIM00440,Tidak Bekerja,19824879,SD,5
NIM01670,Petani,17787004,SD,5
NIM01289,PNS,13431643,S2,1
NIM01430,PNS,11371437,SMA,3
NIM01710,Wiraswasta,13036259,S2,1
NIM00243,Buruh,15902280,SMP,3
NIM00601,Wiraswasta,14769719,SD,4
NIM00762,Petani,7657389,SMA,1
NIM00543,Buruh,12659275,SMA,5
NIM00277,Tidak Bekerja,14283401,S2,5
NIM00550,Petani,13894445,S1,5
NIM01332,Petani,16806251,S1,3
NIM00403,Wiraswasta,3926529,SD,3
NIM00650,Buruh,3997772,S1,1
NIM01454,Petani,5588982,SMP,2
NIM00997,Buruh,7878964,SMA,3
NIM00076,Tidak Bekerja,7563013,S1,2
NIM00339,Buruh,18188482,SD,2
NIM00765,Wiraswasta,18070607,SMP,3
NIM01474,Wiraswasta,17712490,S2,1
NIM01103,Petani,2854915,S2,2
NIM00038,Buruh,2248463,SMP,1
NIM00318,Wiraswasta,7524843,SD,1
NIM01352,PNS,12256741,S2,3
NIM01454,Wiraswasta,5473494,SMA,2
NIM01187,Tidak Bekerja,18256197,SMA,1
NIM01382,PNS,3324010,SD,2
NIM01963,Buruh,2751339,SD,1
NIM00640,Petani,11537935,SMA,3
NIM00670,PNS,19213493,SD,1
NIM00329,Wiraswasta,7920015,SMP,3
NIM01855,Petani,6373949,SD,3
NIM01438,Petani,6829910,SMA,2
NIM01905,Petani,8266447,S1,2
NIM01619,Petani,18379556,SD,2
NIM01949,Buruh,16112657,S2,4
NIM01986,Buruh,18015023,SMP,2
NIM00476,Buruh,8735252,SMP,2
NIM01480,Wiraswasta,7729401,SMP,1
NIM01753,Buruh,10427392,S2,4
NIM01738,Petani,18338518,S2,4
NIM01814,PNS,8179588,SMP,1
NIM01955,PNS,2876320,SMP,2
NIM01962,PNS,15582823,SMP,5
NIM01176,PNS,3341517,SD,3
NIM00538,PNS,17645459,S2,4
NIM01439,Tidak Bekerja,6047667,SMA,1
NIM00343,PNS,3228276,SD,5
NIM01790,PNS,16792478,SMA,3
NIM01410,PNS,7772262,SD,5
NIM01787,Wiraswasta,7589154,SD,2
NIM01191,Tidak Bekerja,17548984,SMA,1
NIM01889,PNS,19090048,SMP,3
NIM01496,Buruh,16841484,SMA,3
NIM00140,Wiraswasta,16301909,S1,2
NIM01253,Tidak Bekerja,19585734,S2,2
NIM00073,Buruh,10111929,S1,2
NIM00428,Buruh,4399635,SD,1
NIM01323,Wiraswasta,17882531,SMA,4
NIM01260,Buruh,19680387,SMP,5
NIM01731,Petani,17159429,SMP,1
NIM00983,Wiraswasta,3506733,S1,1
NIM00600,Wiraswasta,8401538,S1,5
NIM00097,Petani,13772921,SD,3
NIM00478,Wiraswasta,16415159,S2,5
NIM01702,Buruh,16475197,SD,2
NIM01022,Buruh,13721919,SMP,3
NIM00491,Buruh,6687139,SMA,1
NIM01986,Petani,10247496,S1,5
NIM01320,Buruh,17988085,SMP,1
NIM00406,Petani,19384818,SD,1
NIM00715,Petani,9212235,S2,5
NIM00447,Petani,8905171,SMA,1
NIM00699,Wiraswasta,4884468,S2,4
NIM01996,Tidak Bekerja,11322011,SD,4
NIM01299,Petani,12682948,SD,1
NIM01044,Buruh,15422854,SMP,3
NIM01911,Petani,18637880,SMA,3
NIM00585,PNS,9328008,SD,3
NIM00427,Wiraswasta,17437934,SMP,3
NIM00954,Buruh,13101779,SD,4
NIM00850,Wiraswasta,7562725,SMP,3
NIM01385,Wiraswasta,2041639,S2,5
NIM01334,PNS,16844211,SMP,3
NIM00594,Petani,16128873,S2,5
NIM01832,Buruh,1850272,S1,4
NIM00356,Tidak Bekerja,1913823,SD,5
NIM00027,Wiraswasta,15567485,S1,5
NIM01677,Tidak Bekerja,13743279,SMA,1
NIM01071,Tidak Bekerja,11529366,S1,5
NIM00456,Petani,17953748,SMP,1
NIM00112,Tidak Bekerja,18432536,SMP,3
NIM00747,Buruh,15293920,SMA,5
NIM01687,Petani,17966910,SMA,5
NIM00375,Tidak Bekerja,12754946,SD,2
NIM01339,Petani,10453957,SMP,3
NIM00845,Buruh,10315649,SMA,5
NIM00126,Wiraswasta,15319135,S1,5
NIM01031,PNS,16907903,SMP,2
NIM00562,Petani,3800793,SMA,1
NIM01384,PNS,3255364,SD,3
NIM00578,Wiraswasta,2392010,S2,2
NIM01923,Buruh,7215551,SMP,3
NIM00362,Wiraswasta,16409481,SMP,3
NIM00679,PNS,6615054,SMP,1
NIM00983,Buruh,10408209,SMP,1
NIM00764,Tidak Bekerja,2415088,S2,4
NIM00775,Tidak Bekerja,16697117,S2,2
NIM01732,Petani,10890003,SD,2
NIM01719,Tidak Bekerja,19397953,SMP,3
NIM01288,PNS,11825816,SMA,4
NIM00800,Tidak Bekerja,8429867,S1,4
NIM00275,Petani,1420794,SMP,3
NIM01654,Buruh,17728426,S2,1
NIM00396,Tidak Bekerja,6877106,SD,4
NIM01337,Petani,11240331,SMP,2
NIM00906,Tidak Bekerja,12299736,SD,1
NIM01998,Tidak Bekerja,16774403,SMA,5
NIM01883,PNS,13000075,SMA,4
NIM00492,Petani,17430534,SMA,3
NIM01813,Petani,3079414,SMA,2
NIM01428,Wiraswasta,4276775,S1,4
NIM00377,Wiraswasta,18769210,SD,3
NIM01668,Petani,16881386,SMP,2
NIM00659,PNS,17613624,S1,4
NIM00541,Tidak Bekerja,11655924,SMP,2
NIM00839,Buruh,11890714,S2,5
NIM00320,Tidak Bekerja,1983522,S1,2
NIM00225,Buruh,6864212,S1,3
NIM00456,PNS,11792339,S2,4
NIM00651,Wiraswasta,6156626,S1,3
NIM01313,Petani,6647520,SD,5
NIM01305,PNS,12850864,SMA,1
NIM00417,Buruh,12063061,SMP,2
NIM01508,Petani,4155287,S2,3
NIM01562,Buruh,14320941,SMA,4
NIM00804,Tidak Bekerja,3328125,S1,4
NIM00779,Tidak Bekerja,12369949,SD,1
NIM00798,Tidak Bekerja,2270345,S1,4
NIM01337,Petani,11328308,S2,5
NIM00609,Wiraswasta,18637390,S1,1
NIM01674,Wiraswasta,8169466,SD,5
NIM00793,Buruh,9842543,S1,2
NIM01632,Wiraswasta,3220276,S1,5
NIM01988,Wiraswasta,5913942,S1,2
NIM01015,Buruh,5192809,S1,5
NIM01081,Buruh,8398274,SD,1
NIM01147,Buruh,6998022,SMP,2
NIM01767,Petani,6759027,SMA,5
NIM01314,Buruh,6941258,S2,5
NIM00598,Petani,15387426,SMP,4
NIM00973,Petani,19974833,SD,5
NIM01334,Petani,3933339,S2,4
NIM01587,Buruh,3399318,S2,5
NIM01252,Wiraswasta,8124217,S1,3
NIM00006,Wiraswasta,10622777,SMA,4
NIM01467,Buruh,11615720,SMA,1
NIM00310,Wiraswasta,11505636,SD,1
NIM00785,Buruh,2013969,SMP,2
NIM01946,Petani,6467062,S1,1
NIM00856,Tidak Bekerja,10121288,SMA,2
NIM00905,PNS,9463340,S1,1
NIM01026,Buruh,17496163,SMP,4
NIM01812,Petani,16911998,S2,3
NIM01627,Tidak Bekerja,6552465,SMP,2
NIM00774,Petani,10445907,S2,3
NIM00754,PNS,1492278,SMP,5
NIM01399,Wiraswasta,6947397,S1,5
NIM01270,Wiraswasta,16966792,SMP,3
NIM01496,Petani,15119267,SMA,4
NIM01615,PNS,1373624,SMA,3
NIM00823,Petani,16188528,SD,3
NIM01328,Wiraswasta,5673899,SMA,3
NIM00058,Petani,12109670,SMA,2
NIM01249,Tidak Bekerja,17124408,S2,2
NIM01450,PNS,4208479,S1,3
NIM01226,Wiraswasta,8297200,S1,4
NIM01941,Petani,3856234,S2,5
NIM00518,PNS,4585307,SMA,5
NIM00030,Petani,13471084,SMP,5
NIM00151,Wiraswasta,11197568,S2,1
NIM00548,PNS,14990705,S1,4
NIM00110,Wiraswasta,3393141,SD,2
NIM01145,Tidak Bekerja,2042218,S1,5
NIM00241,Tidak Bekerja,5543807,SMP,2
NIM01795,Buruh,18828318,S1,2
NIM01626,PNS,16498997,S2,2
NIM01954,Tidak Bekerja,19383569,SD,2
NIM01054,Buruh,5347813,S1,3
NIM00466,PNS,13780865,S2,2
NIM00465,Wiraswasta,5584004,S2,1
NIM00237,Petani,1267743,S2,2
NIM01395,Petani,3196333,SD,5
NIM01706,Wiraswasta,10605837,S2,2
NIM01173,Tidak Bekerja,8285112,SD,5
NIM00374,Petani,2976971,SMP,2
NIM00600,Wiraswasta,17131510,SMP,4
NIM00516,Buruh,11011971,SMP,3
NIM01457,Buruh,6307691,S2,5
NIM00252,Wiraswasta,14337940,SD,1
NIM01968,PNS,15598108,SMP,2
NIM01497,Tidak Bekerja,4365928,SMA,5
NIM00563,Tidak Bekerja,5157049,SMP,3
NIM00536,Wiraswasta,6181426,S2,2
NIM01070,Petani,2328683,SMA,3
NIM00628,Tidak Bekerja,16422943,S1,1
NIM01563,Tidak Bekerja,2248603,SMA,5
NIM00607,Buruh,18975265,S1,1
NIM01903,Buruh,14848497,SMA,3
NIM00435,Buruh,1658397,SD,4
NIM00611,Tidak Bekerja,4422373,SMA,4
NIM01652,Tidak Bekerja,8650124,SMP,5
NIM00276,Tidak Bekerja,16549014,S1,2
NIM00848,Petani,19933914,S1,1
NIM01532,Petani,4215007,SMP,4
NIM01119,Petani,4914897,SD,4
NIM01735,PNS,1112331,SMA,2
NIM01170,Tidak Bekerja,5331586,SD,1
NIM00904,Tidak Bekerja,11078724,SMP,3
NIM00667,Wiraswasta,6365709,SMA,4
NIM00782,Wiraswasta,17380910,SMP,5
NIM01426,PNS,19547275,S1,5
NIM00833,Wiraswasta,14398787,S1,3
NIM00504,Petani,4877623,S1,2
NIM01439,PNS,9425034,S2,2
NIM00276,PNS,15826981,S2,4
NIM00326,PNS,14563768,S1,4
NIM01280,Buruh,3697391,S2,4
NIM00557,Wiraswasta,17230373,S2,3
NIM00513,Tidak Bekerja,1480162,SMP,3
NIM01171,Buruh,13966798,SMA,4
NIM00295,Petani,9024743,S1,2
NIM00375,Buruh,7907215,S2,1
NIM01691,Petani,14550348,SMP,4
NIM00056,Tidak Bekerja,6608347,SMP,2
NIM00912,Tidak Bekerja,18191040,SMA,2
NIM01998,Wiraswasta,19199969,SMP,5
NIM01250,Buruh,12746420,SD,1
NIM01543,Tidak Bekerja,7354753,SD,4
NIM00020,Petani,7628986,S1,1
NIM01183,Tidak Bekerja,16374808,SMA,4
NIM01494,Wiraswasta,14470433,SD,1
NIM00852,Petani,6996940,SMA,1
NIM00591,PNS,9741667,S1,2
NIM00921,Wiraswasta,1281532,SMP,1
NIM00366,Wiraswasta,6385913,SMP,1
NIM00001,PNS,5713689,SMP,4
NIM00913,Tidak Bekerja,11297998,SD,2
NIM00848,Wiraswasta,6971420,SMA,1
NIM01253,PNS,10742164,SD,2
NIM00725,PNS,12797572,S2,2
NIM01307,Wiraswasta,8644604,SMA,3
NIM00760,Buruh,2910057,S1,4
NIM01143,Wiraswasta,2426905,SD,3
NIM01915,Buruh,15027783,SMP,2
NIM00227,Tidak Bekerja,12379509,SMP,1
NIM01048,PNS,2181783,SMP,4
NIM00702,Petani,10008668,SD,5
NIM00308,Wiraswasta,16250774,SD,4
NIM01331,Petani,5072398,SMP,3
NIM00962,Tidak Bekerja,7398457,SMP,4
NIM00569,Wiraswasta,8323222,SMP,1
NIM01518,Petani,12354185,S2,4
NIM01532,Tidak Bekerja,14554469,SD,5
NIM01335,Buruh,11182878,SMP,3
NIM01845,Tidak Bekerja,17920487,S1,3
NIM01113,Wiraswasta,9668032,SMP,2
NIM01299,Wiraswasta,11619265,SD,3
NIM00621,Wiraswasta,10342832,S1,5
NIM00653,Tidak Bekerja,10116956,SD,5
NIM00797,Wiraswasta,9259705,SD,3
NIM00480,Tidak Bekerja,8780102,SD,4
NIM00902,PNS,15403000,SMA,5
NIM01912,PNS,1820022,S1,3
NIM01481,PNS,2171912,S2,3
NIM01780,Petani,16805702,S2,4
NIM00897,PNS,19876507,SMA,3
NIM00920,PNS,1108879,SD,1
NIM00586,Tidak Bekerja,10681830,S2,2
NIM01379,Tidak Bekerja,9954169,S1,5
NIM00262,Wiraswasta,6744481,SMP,4
NIM01200,Wiraswasta,14671309,S1,4
NIM00404,Wiraswasta,16697536,SD,2
NIM01254,Tidak Bekerja,16108580,S1,1
NIM01612,Tidak Bekerja,12551375,SD,2
NIM01347,PNS,8671430,S1,3
NIM00695,Buruh,14027954,SMA,4
NIM00786,Tidak Bekerja,17717889,S1,3
NIM00277,Buruh,11690234,S2,4
NIM01763,Tidak Bekerja,1561071,SMP,4
NIM01984,Tidak Bekerja,6816520,SMA,3
NIM00677,Petani,4845111,S1,2
NIM01299,Buruh,4769395,SD,5
NIM00217,Petani,17675997,SMA,5
NIM01848,PNS,6610273,S2,2
NIM00190,Petani,15652253,SMP,1
NIM01042,Petani,17493642,SMP,2
NIM00744,PNS,18826240,S1,2
NIM01438,Buruh,13934072,S2,2
NIM01208,Wiraswasta,1791340,S2,5
NIM01642,Tidak Bekerja,13414512,SMP,4
NIM00243,Buruh,3890953,SMP,1
NIM01450,PNS,1509094,S2,1
NIM00053,Petani,4704524,SMP,1
NIM01250,Wiraswasta,6992084,SD,3
NIM01738,Petani,5745187,SMP,2
NIM01622,Tidak Bekerja,11865784,SD,4
NIM00562,PNS,16939500,SMP,4
NIM01919,Wiraswasta,17298360,SMA,3
NIM00772,Buruh,2152923,SMA,5
NIM00319,Buruh,1574516,SMA,3
NIM00707,PNS,16515656,SD,3
NIM01393,PNS,12103212,SD,2
NIM00248,Petani,9550730,S1,5
NIM01592,Wiraswasta,3195579,S1,3
NIM00177,Tidak Bekerja,11891897,SMP,4
NIM01500,PNS,4600582,SD,2
NIM01686,Wiraswasta,8545660,SMA,5
NIM01932,PNS,16515003,SMA,4
NIM01969,PNS,8183864,SMA,1
NIM00013,Buruh,18282142,SMP,2
NIM01385,Wiraswasta,17025629,SD,4
NIM00289,Buruh,12658331,SMP,3
NIM00431,Buruh,10726606,S2,3
NIM00576,Wiraswasta,4693364,S2,2
NIM01363,Buruh,2867798,S1,5
NIM01641,Petani,10494853,SD,3
NIM01937,Tidak Bekerja,10453199,SMA,4
NIM01775,Tidak Bekerja,18267798,SD,1
NIM00034,Petani,3177708,S1,5
NIM01348,PNS,17449798,SMA,2
NIM01575,Buruh,2355180,SMP,3
NIM01480,Tidak Bekerja,11548583,SMA,5
NIM01249,Wiraswasta,11389041,S2,1
NIM00641,PNS,8221296,SMP,5
NIM00133,Tidak Bekerja,5413607,SMA,5
NIM01504,Buruh,16918758,SMP,2
NIM01576,Tidak Bekerja,8394878,S2,1
NIM01855,Buruh,6550307,S2,1
NIM00897,PNS,19962359,SD,5
NIM01955,Petani,8356629,S2,3
NIM00982,Buruh,1449391,S2,5
NIM01245,Buruh,11596818,S2,4
NIM00401,PNS,10079127,S1,3
NIM00606,PNS,14870139,S2,2
NIM00611,Wiraswasta,8549789,SD,1
NIM01084,PNS,5070448,SMP,3
NIM00641,Tidak Bekerja,11119845,S1,2
NIM00132,Buruh,5119207,SMP,5
NIM00393,Petani,6158140,SMP,2
NIM00813,PNS,18978750,SD,4
NIM00928,Buruh,17112948,S1,2
NIM00581,Petani,14373497,SMA,3
NIM00014,Wiraswasta,14233969,S2,1
NIM00435,Tidak Bekerja,13830844,SMP,3
NIM00474,Wiraswasta,16016315,SMP,3
NIM00151,PNS,9287992,SD,1
NIM01710,Tidak Bekerja,10184393,SD,4
NIM00470,Wiraswasta,19694941,SD,3
NIM00411,Buruh,4937450,S1,1
NIM00345,PNS,6563735,S2,1
NIM00804,Wiraswasta,9494013,S1,3
NIM01220,Tidak Bekerja,5120802,SD,1
NIM00544,Tidak Bekerja,17096521,SD,5
NIM01097,Petani,14404911,SMP,3
NIM00194,Tidak Bekerja,19699869,S1,4
NIM00938,Tidak Bekerja,12404413,S1,5
NIM01586,PNS,8621563,S2,4
NIM01593,Tidak Bekerja,12963865,S1,3
NIM00629,Petani,5059234,S2,2
NIM01216,Tidak Bekerja,2810864,SMA,1
NIM00430,Petani,4998695,S2,5
NIM01525,Buruh,13831330,SD,3
NIM00217,Petani,5854089,SMA,1
NIM01021,PNS,6588634,SMP,2
NIM01647,Wiraswasta,12344056,SMP,4
NIM00970,Wiraswasta,15764494,SMP,3
NIM00485,Buruh,19102211,SD,3
NIM00601,PNS,4205294,SMP,2
NIM00360,Buruh,16976271,S2,4
NIM01846,Buruh,14092420,SD,3
NIM01333,Tidak Bekerja,16640873,S1,1
NIM00669,Tidak Bekerja,11758261,SD,2
NIM00421,PNS,13083988,SD,3
NIM00581,Wiraswasta,12453057,S1,4
NIM00782,Petani,13508294,S2,5
NIM01761,Tidak Bekerja,2383626,SMA,3
NIM01435,PNS,6721122,S1,4
NIM00517,PNS,4138987,SD,2
NIM00243,Wiraswasta,15273453,SMP,4
NIM00630,PNS,11375990,S1,4
NIM01017,PNS,16595516,S1,2
NIM00172,Wiraswasta,2976576,SMA,5
NIM00655,Tidak Bekerja,18743228,SD,1
NIM01859,Wiraswasta,2091765,SMP,5
NIM00769,Buruh,10048271,SMP,1
NIM01944,Tidak Bekerja,16183488,SMA,1
NIM00460,Buruh,15589502,SMP,1
NIM01389,PNS,17287308,S2,3
NIM01854,Buruh,16036826,S1,5
NIM01102,Wiraswasta,3732414,S1,4
NIM01593,Wiraswasta,13868420,SMP,3
NIM01514,Petani,16475862,SMP,2
NIM00532,PNS,4855498,SMP,2
NIM01978,Wiraswasta,12321623,S1,1
NIM01550,Tidak Bekerja,14003256,SMP,3
NIM01230,Wiraswasta,19234293,S2,3
NIM01773,Tidak Bekerja,15403689,S2,2
NIM01717,PNS,2349790,S1,4
NIM00291,Petani,12438084,SD,5
NIM01982,Petani,7041214,SD,5
NIM01725,Buruh,10303312,SD,1
NIM01528,Wiraswasta,3162001,S2,1
NIM00659,PNS,11036057,SMA,1
NIM00852,Buruh,13332760,SD,2
NIM00554,PNS,6633963,SMA,2
NIM00428,PNS,18210972,S1,5
NIM00471,Buruh,15086889,S2,1
NIM00866,PNS,11891395,SD,3
NIM00513,Buruh,5537635,S2,4
NIM00324,Wiraswasta,19297175,S1,2
NIM01640,Buruh,9703352,S2,1
NIM00255,Wiraswasta,11844644,SMP,1
NIM00721,Petani,11442297,SD,2
NIM01754,Buruh,4067175,S2,5
NIM00590,Petani,4371352,S2,5
NIM01966,Buruh,10999756,S2,5
NIM00051,PNS,5770266,S1,5
NIM00800,Petani,12048509,SD,3
NIM00100,Tidak Bekerja,6308461,SD,1
NIM01748,Tidak Bekerja,6835998,SMP,5
NIM00464,Tidak Bekerja,6564438,SMP,5
NIM00499,Petani,7670402,S2,4
NIM00915,Wiraswasta,9446577,SD,4
NIM00237,Buruh,4897549,SD,1
NIM01831,PNS,16396417,S2,2
NIM00472,PNS,15424871,SMA,5
NIM01422,Petani,7373628,SD,3
NIM00157,Tidak Bekerja,1763068,S2,4
NIM00298,PNS,5331672,S2,5
NIM01038,PNS,8747274,SMA,2
NIM00116,Wiraswasta,3284222,SMP,3
NIM00139,PNS,15285339,S2,4
NIM00075,PNS,16721172,SD,2
NIM00815,Buruh,6428978,SMP,2
NIM01384,PNS,11151065,SMP,3
NIM01048,Buruh,1975409,SMP,3
NIM00406,Tidak Bekerja,4372540,S2,4
NIM01713,Wiraswasta,15931333,SD,3
NIM00951,PNS,12937923,SMA,5
NIM00567,Wiraswasta,15403229,S1,3
NIM01749,Wiraswasta,14438503,S1,2
NIM00326,Wiraswasta,13311464,SMP,3
NIM01358,Petani,2374496,S1,4
NIM00329,Buruh,3106446,S1,5
NIM01699,Wiraswasta,9913646,S2,3
NIM01324,Tidak Bekerja,19731325,SMA,5
NIM01700,PNS,10479916,S1,3
NIM00089,Wiraswasta,11711627,SMA,5
NIM00015,Wiraswasta,17566310,S1,3
NIM01325,PNS,3272454,SMP,3
NIM00634,Tidak Bekerja,3240616,SMP,1
NIM01342,Wiraswasta,15079557,SMA,2
NIM01884,Wiraswasta,10555737,SMA,4
NIM00178,Tidak Bekerja,4535417,SMA,4
NIM01486,Wiraswasta,2915187,SMA,1
NIM00269,Tidak Bekerja,15344413,SD,3
NIM01129,Wiraswasta,14085327,SMP,2
NIM01695,PNS,13598298,S1,5
NIM01541,Tidak Bekerja,10689760,SD,1
NIM00339,PNS,15954339,SMA,4
NIM00392,PNS,13248018,S1,4
NIM00141,Wiraswasta,13786473,SMP,4
NIM00169,Tidak Bekerja,15117740,SMA,3
NIM01041,Petani,9336928,S2,5
NIM01568,PNS,6849708,SMA,5
NIM00005,PNS,7999433,S1,5
NIM01918,PNS,19520110,SMP,3
NIM01161,Wiraswasta,1906364,SMA,4
NIM00619,Wiraswasta,2014649,SMP,4
NIM01186,PNS,18634119,SD,3
NIM00769,Wiraswasta,16935000,S2,2
NIM00680,Wiraswasta,14522874,SD,3
NIM00463,Wiraswasta,13474905,S2,3
NIM01462,Buruh,6494056,SD,4
NIM01406,Tidak Bekerja,3072619,SMP,5
NIM01824,Wiraswasta,17314916,SMP,4
NIM00382,Buruh,7967669,SD,2
NIM00482,Buruh,6364324,S1,1
NIM01379,Wiraswasta,17024579,SD,1
NIM01269,Buruh,8338007,SMA,3
NIM00625,Petani,8938880,S1,1
NIM01714,Buruh,5060752,SMP,5
NIM01979,Tidak Bekerja,3367096,SD,4
NIM00476,Buruh,7964588,S1,2
NIM00465,Wiraswasta,8390096,SMA,2
NIM01214,PNS,10954372,S2,2
NIM00494,Petani,18096151,SMP,4
NIM01547,Buruh,15753272,S1,5
NIM00535,Petani,4982069,S1,2
NIM00631,Tidak Bekerja,19573052,S1,1
NIM00282,Buruh,17457579,SD,5
NIM00831,Buruh,17979016,SMP,5
NIM00430,Petani,15130703,SMP,5
NIM00581,Buruh,18821362,SD,2
NIM00858,Buruh,14236063,SD,5
NIM01670,PNS,7866983,SD,2
NIM00253,Petani,13045350,SMA,1
NIM00563,Wiraswasta,19062196,S1,1
NIM01067,Wiraswasta,18918696,SMA,1
NIM01506,Tidak Bekerja,12452319,SMP,1
NIM01962,PNS,6015228,SD,5
NIM01165,Petani,3292673,S1,5
NIM01535,Petani,5989861,S2,2
NIM00537,PNS,2728515,S1,1
NIM00898,PNS,8111940,S2,3
NIM00270,Tidak Bekerja,1929764,S1,1
NIM01937,Wiraswasta,2659760,SD,4
NIM01385,Petani,14450809,S2,3
NIM00616,PNS,14872676,S2,4
NIM00936,Petani,16233433,SMP,3
NIM00295,Wiraswasta,16841002,S1,2
NIM01689,Petani,13810504,SMA,5
NIM01499,Petani,18307662,SMA,2
NIM01840,PNS,18969250,SMP,3
NIM00883,PNS,2987567,SMP,1
NIM00472,PNS,3883800,SMP,2
NIM00817,Wiraswasta,1891289,SD,3
NIM01185,Buruh,12437237,SD,1
NIM01819,Wiraswasta,2739346,SD,5
NIM00045,PNS,8624933,SD,3
NIM00799,Tidak Bekerja,8531754,SMP,4
NIM01855,Petani,15445343,SMP,4
NIM00880,Petani,12398529,SD,4
NIM00678,Petani,4093009,SD,1
NIM00207,Petani,1769527,S2,1
NIM01132,Tidak Bekerja,4639412,S1,2
NIM01528,PNS,1279127,S2,1
NIM00936,Buruh,15443355,S1,3
NIM00442,Petani,12123843,SD,4
NIM01089,Buruh,17741356,SD,5
NIM00267,Wiraswasta,19868280,SD,4
NIM00399,Wiraswasta,9543244,S2,3
NIM01889,Petani,3073752,SMP,5
NIM01721,PNS,3765846,S1,2
NIM01904,Tidak Bekerja,6188976,S2,1
NIM00224,Petani,5713862,SD,3
NIM00665,Wiraswasta,3079029,SMP,1
NIM00935,Wiraswasta,11534288,S2,2
NIM01313,Buruh,4092545,S1,5
NIM01309,Tidak Bekerja,7088869,SD,3
NIM01210,Petani,1124395,S1,5
NIM00226,PNS,18706636,SD,3
NIM00200,Buruh,10806003,SD,2
NIM00504,Tidak Bekerja,2276447,SMA,2
NIM00011,Buruh,4064848,S1,2
NIM00909,PNS,8520337,SMP,1
NIM00837,Wiraswasta,16957210,SD,4
NIM01522,Petani,9039370,SMP,5
NIM00979,Petani,2393845,S2,3
NIM00277,PNS,15596533,SD,5
NIM01027,Petani,7586011,SD,4
NIM01946,Petani,12514823,SD,1
NIM00929,Buruh,18004209,SMP,1
NIM01886,PNS,17379605,SMA,4
NIM00790,Buruh,6543934,S1,3
NIM01598,Petani,17026533,SD,4
NIM00005,Tidak Bekerja,6696221,S1,1
NIM01939,Tidak Bekerja,15708485,S1,1
NIM00521,Buruh,15636218,S1,5
NIM01594,Wiraswasta,8830881,SMP,3
NIM00280,Wiraswasta,17616822,S1,3
NIM01447,PNS,1153312,S2,1
NIM00972,Tidak Bekerja,18375279,SMP,4
NIM01262,Tidak Bekerja,10411687,SMP,1
NIM00317,Buruh,6005041,S2,5
NIM00127,Petani,6564787,SMA,4
NIM00304,PNS,9746827,SMA,1
NIM00749,Buruh,17819209,SD,3
NIM00731,Wiraswasta,15115403,SMA,5
NIM01202,Petani,10477377,SD,1
NIM01854,PNS,19126456,S1,1
NIM00490,Petani,15572352,SD,2
NIM00437,Wiraswasta,12176662,SMA,4
NIM01685,Buruh,11607952,SD,2
NIM01062,Buruh,12031015,SMP,3
NIM01654,Tidak Bekerja,10631531,SMA,4
NIM00483,Buruh,10494224,SD,5
NIM00992,Tidak Bekerja,18265392,SMA,4
NIM00315,Buruh,4663721,S2,1
NIM01508,PNS,6615276,SMA,1
NIM01121,Wiraswasta,7296479,S2,1
NIM00939,Petani,2938893,SD,4
NIM00017,Wiraswasta,9361325,S2,1
NIM01861,Wiraswasta,13694741,SMA,1
NIM00940,Tidak Bekerja,11044740,SMP,2
NIM00980,Tidak Bekerja,17282684,S2,1
NIM00447,PNS,13096606,SMA,2
NIM00279,Petani,15079764,SMP,3
NIM01895,Buruh,17775317,S1,4
NIM00452,Buruh,9924630,S2,2
NIM00666,Wiraswasta,17992654,S2,4
NIM00606,PNS,2386048,SD,4
NIM01968,Petani,17950934,S1,5
NIM01711,Buruh,18322643,SD,2
NIM01838,Wiraswasta,17461851,SD,1
NIM00029,PNS,4049213,SMA,5
NIM01570,Petani,18213934,SD,2
NIM01034,Wiraswasta,2848019,S2,2
NIM01812,Wiraswasta,6516567,SD,3
NIM00802,PNS,2171212,SMP,1
NIM00101,PNS,17038926,S2,3
NIM00653,PNS,7675030,SMA,4
NIM00087,PNS,9418171,SD,1
NIM01930,Petani,15797022,SMP,3
NIM00470,PNS,17459755,SMP,3
NIM01325,PNS,13100411,S2,1
NIM00640,PNS,1401202,SD,2
NIM01230,Petani,7592764,SMP,4
NIM01625,Buruh,6987231,SD,5
NIM01106,Wiraswasta,7250902,S2,5
NIM01236,Tidak Bekerja,18549038,S1,5
NIM00119,Wiraswasta,16766984,SMP,4
NIM01884,Petani,19392410,SMA,1
NIM01160,PNS,9167909,SD,1
NIM01797,Petani,6069652,S2,1
NIM00788,Buruh,11387818,S2,5
NIM00377,Tidak Bekerja,15163909,SMA,2
NIM00428,Buruh,16794387,S1,3
NIM00720,PNS,13391100,SD,5
NIM00314,Petani,16376206,S1,4
NIM01428,Petani,11771308,S2,1
NIM00243,PNS,8473765,SMP,3
NIM00985,PNS,12592595,S1,1
NIM01991,Tidak Bekerja,18982900,SMP,1
NIM01369,Buruh,11629262,SMA,1
NIM01636,PNS,16644495,S2,2
NIM00627,PNS,13918336,SMP,3
NIM01866,Buruh,16193021,SD,5
NIM01448,PNS,12970245,S2,2
NIM00016,Tidak Bekerja,5465973,SMA,4
NIM00516,Tidak Bekerja,13657504,SD,4
NIM00266,Buruh,7180923,S2,5
NIM01971,Wiraswasta,6604871,S1,3
NIM00560,Tidak Bekerja,6626196,S2,5
NIM00735,Petani,6248601,SD,2
NIM00716,Petani,11052483,SMP,3
NIM00020,Wiraswasta,17008275,SMP,4
NIM01824,Tidak Bekerja,12259113,S2,3
NIM01730,PNS,17798457,S2,3
NIM00828,Wiraswasta,2421551,SMA,3
NIM00011,PNS,12623527,S1,5
NIM01044,Petani,19771666,SMA,1
NIM00279,Wiraswasta,13620000,SMA,2
NIM00895,Tidak Bekerja,15570888,SMP,3
NIM00333,Petani,13742444,SMP,3
NIM01571,Tidak Bekerja,2876369,SD,5
NIM01425,PNS,14520047,SMA,2
NIM00778,Tidak Bekerja,10841663,SD,2
NIM00744,Wiraswasta,19722421,S2,4
NIM00038,PNS,1370029,SD,2
NIM00974,Wiraswasta,16897772,SMP,2
NIM01107,PNS,16595671,SMA,3
NIM00032,Wiraswasta,8172800,SMP,1
NIM01078,Petani,2327088,S2,3
NIM00737,Wiraswasta,13037280,S1,5
NIM01849,Petani,17808041,SMA,2
NIM00619,Buruh,19453606,SMP,1
NIM00985,Tidak Bekerja,10259139,S1,3
NIM01561,PNS,9940288,S2,4
NIM00910,Tidak Bekerja,2864137,S1,5
NIM00045,Petani,5213860,SMP,5
NIM01964,Petani,5691756,SMP,5
NIM00630,Petani,9218815,S2,3
NIM00294,Wiraswasta,8096904,S2,1
NIM01149,Tidak Bekerja,14798712,S1,1
NIM01572,Petani,11637479,S1,2
NIM00344,Buruh,17070205,SMP,1
NIM01001,Petani,10238698,S2,4
NIM00892,Tidak Bekerja,10473656,SD,5
NIM00423,Petani,15202071,S2,3
NIM00167,Petani,12778583,SMA,5
NIM00269,PNS,15033396,SMA,5
NIM01218,Petani,9063222,S2,4
NIM00930,Tidak Bekerja,8092907,S1,5
NIM01148,PNS,15683978,SMA,5
NIM01295,PNS,13312682,SMP,4
NIM01082,Petani,16692847,SMP,4
NIM00880,Petani,15768972,SMP,1
NIM00059,Buruh,7519927,S2,5
NIM00450,Tidak Bekerja,18861691,SMA,2
NIM01844,Tidak Bekerja,4467879,S1,2
NIM00217,Wiraswasta,5744117,SMP,2
NIM01605,Wiraswasta,7958576,S1,4
NIM01506,Tidak Bekerja,9272108,SMP,5
NIM00244,Petani,15003417,S2,1
NIM00103,PNS,1097403,SMP,5
NIM00517,Buruh,4789428,S2,2
NIM01835,Petani,5812038,SMA,3
NIM00264,PNS,15842025,SMA,2
NIM00241,Tidak Bekerja,12973108,S1,4
NIM01870,Petani,4385113,SMP,5
NIM00861,Buruh,3379724,SMA,4
NIM00734,Wiraswasta,16981758,SD,1
NIM01855,PNS,12618477,SD,5
NIM01253,Petani,5996980,S1,5
NIM01476,Buruh,11522795,SMA,5
NIM00931,Petani,9573736,S2,3
NIM00455,Tidak Bekerja,3708174,SD,5
NIM00986,PNS,7449489,SMA,3
NIM00544,Tidak Bekerja,17475546,S2,5
NIM00865,Tidak Bekerja,16723617,SMP,2
NIM00374,Wiraswasta,11147332,SMA,1
NIM01048,Tidak Bekerja,2068216,SMP,5
NIM01330,Buruh,11747595,SD,4
NIM00374,PNS,8770489,SMP,2
NIM01211,Wiraswasta,14066212,SD,4
NIM00961,Petani,4415051,S1,4
NIM00640,Tidak Bekerja,7604184,S1,3
NIM00112,Petani,3251031,SD,1
NIM00493,Wiraswasta,13403826,S2,4
NIM00294,Petani,17239472,S1,2
NIM00422,Buruh,2216958,S2,1
NIM00149,Wiraswasta,19563902,S2,2
NIM00151,PNS,18267422,S2,4
NIM01198,PNS,10220093,SMA,1
NIM01221,PNS,16283380,SMA,5
NIM01279,PNS,16612955,S2,4
NIM01438,Wiraswasta,3856191,SD,4
NIM00168,Wiraswasta,1288688,S1,3
NIM01106,Wiraswasta,5480622,SMP,2
NIM00070,Tidak Bekerja,12536807,SMA,5
NIM01861,Wiraswasta,9713851,SMA,1
NIM00426,Wiraswasta,6740634,SMP,4
NIM01426,Wiraswasta,8903376,S2,4
NIM01979,PNS,12031582,SMP,5
NIM00525,Buruh,12690756,S2,4
NIM01655,PNS,19568251,SMA,2
NIM00212,Buruh,6910418,SMP,1
NIM00102,Buruh,16085668,SD,5
NIM01813,Buruh,8940905,S1,5
NIM01732,PNS,17853624,S1,3
NIM01613,Tidak Bekerja,15223090,S1,1
NIM01362,Petani,14723619,SMP,5
NIM00333,Tidak Bekerja,4386220,S2,4
NIM00205,PNS,10693170,SMA,1
NIM01511,Buruh,19941405,S1,2
NIM00229,Petani,18436152,SMP,5
NIM01213,Tidak Bekerja,15734943,S1,2
NIM01123,Wiraswasta,18477676,S2,5
NIM01958,Tidak Bekerja,7764834,SD,4
NIM01960,PNS,15812417,SD,3
NIM01435,Petani,14230894,SMA,4
NIM00954,Wiraswasta,5833026,SD,2
NIM01754,Petani,7374645,SD,1
NIM00460,Petani,14722751,SMP,2
NIM01218,Tidak Bekerja,18229513,SMP,3
NIM00555,Buruh,2011987,SMA,5
NIM00890,Tidak Bekerja,2255841,SMA,5
NIM00636,Wiraswasta,3492622,SMP,2
NIM01044,PNS,3139481,SD,1
NIM00931,Tidak Bekerja,5530743,S2,5
NIM00311,Buruh,7829889,SD,5
NIM00842,Buruh,16102047,SD,3
NIM01864,Tidak Bekerja,15069660,S2,3
NIM00680,Wiraswasta,19877555,SMA,1
NIM01582,Buruh,11996947,SMP,5
NIM00996,Buruh,3048598,SMA,4
NIM01759,Wiraswasta,10745714,SMA,2
NIM00079,Wiraswasta,10609259,SMA,5
NIM01194,Wiraswasta,10437065,SMP,2
NIM01938,Wiraswasta,15989906,SMA,5
NIM00246,Tidak Bekerja,3026953,SMA,3
NIM00783,Tidak Bekerja,12521495,S1,1
NIM00472,Petani,12074204,SD,4
NIM01123,Petani,16810532,S1,3
NIM00322,Petani,8047003,SMP,1
NIM00141,Buruh,3251964,S2,3
NIM01133,Wiraswasta,2761660,S2,2
NIM00313,Tidak Bekerja,13212031,S1,5
NIM01673,Tidak Bekerja,10492098,S1,3
NIM01145,Wiraswasta,8609046,S1,1
NIM00099,Petani,4999858,SD,5
NIM01602,Buruh,5376186,SMP,2
NIM00494,Tidak Bekerja,3038198,SMA,2
NIM01168,PNS,11843021,S1,4
NIM00110,Buruh,15507877,SD,5
NIM00484,Buruh,16767451,S2,2
NIM00130,Petani,15398782,S2,3
NIM01424,Wiraswasta,10243558,S2,2
NIM00840,PNS,12624127,S1,2
NIM00506,Petani,2392667,S2,2
NIM00769,Wiraswasta,18891963,S2,4
NIM00210,PNS,19786380,S2,1
NIM01782,Tidak Bekerja,15474597,SMA,2
NIM00361,PNS,15480569,S2,1
NIM00154,Petani,13999927,SD,5
NIM01964,PNS,9943545,S1,1
NIM01669,PNS,14234504,SMA,5
NIM00533,PNS,6721730,SMA,4
NIM01571,Tidak Bekerja,14757444,S1,5
NIM01384,Wiraswasta,18156443,S2,5
NIM00310,PNS,11825641,S2,3
NIM00474,Buruh,15378242,SMP,4
NIM00736,Petani,2996785,S2,2
NIM00636,Buruh,12523933,SD,4
NIM01776,Wiraswasta,11471326,S2,3
NIM01970,Petani,18205837,S1,5
NIM00876,Wiraswasta,19126671,S2,4
NIM00300,Petani,11852466,S1,3
NIM00341,Buruh,16982595,SMA,2
NIM01028,Buruh,10871074,SMP,5
NIM00635,Tidak Bekerja,19757749,SMA,4
NIM00554,Wiraswasta,11030546,S1,4
NIM01193,Buruh,15957399,SMP,5
NIM00420,Petani,6245627,SMA,4
NIM01304,PNS,16353482,S2,5
NIM00737,PNS,8450062,S2,3
NIM00389,PNS,12608995,SMP,5
NIM01209,Tidak Bekerja,4504455,SMA,2
NIM01347,Buruh,6966641,SD,5
NIM00011,Wiraswasta,15639362,SD,4
NIM01709,Wiraswasta,9583234,SD,5
NIM00608,Tidak Bekerja,17423794,SMA,5
NIM00278,Petani,7892605,SMA,5
NIM01163,Buruh,16705035,SMA,2
NIM01018,Buruh,7545017,S1,2
NIM01702,Petani,16167766,SD,4
NIM01723,Petani,9022287,SD,4
NIM01110,Buruh,4288332,SD,5
NIM01924,Buruh,4657945,S1,1
NIM00231,PNS,15801580,S1,3
NIM01475,Wiraswasta,12111975,SMA,5
NIM00138,PNS,12214694,SD,3
NIM00997,PNS,3549918,SD,2
NIM00531,Wiraswasta,10878775,S2,4
NIM01362,Tidak Bekerja,17463907,S2,1
NIM01180,Tidak Bekerja,6002075,S2,4
NIM00607,Tidak Bekerja,18881884,S1,2
NIM01041,Tidak Bekerja,4784106,SMA,5
NIM00792,Petani,11049066,SMP,2
NIM01921,PNS,11972946,SD,1
NIM01285,Petani,14981816,S2,5
NIM01184,Petani,14315547,SD,5
NIM01333,Wiraswasta,4628422,SD,1
NIM00081,Tidak Bekerja,16408057,SD,4
NIM00697,Buruh,12830347,SMA,5
NIM00213,Tidak Bekerja,9112315,SD,4
NIM01451,PNS,9796126,SMA,3
NIM01366,Petani,8779665,SMP,1
NIM01383,PNS,3580955,SMP,3
NIM01703,Petani,9826161,S1,5
NIM01954,Petani,4838600,SD,1
NIM00206,Petani,9770337,S2,5
NIM01360,Buruh,3480174,S1,1
NIM01285,Tidak Bekerja,11414103,S1,4
NIM01810,Petani,7572205,SMP,2
NIM00900,Wiraswasta,1824174,S2,2
NIM00748,Petani,8444450,SD,1
NIM01267,Tidak Bekerja,6384965,SD,3
NIM01756,Tidak Bekerja,2224933,SMP,1
NIM00877,Buruh,4516468,SMA,4
NIM01883,Petani,17207039,SMP,3
NIM00582,Wiraswasta,6493683,S2,1
NIM00395,Buruh,13953512,SMA,1
NIM01967,Buruh,10691907,S2,5
NIM01749,Petani,4140365,SD,4
NIM00337,Petani,18775756,SMA,4
NIM00799,Buruh,8494286,S2,2
NIM01762,Buruh,9417392,SD,5
NIM00781,Buruh,12519239,S2,3
NIM00279,PNS,16637994,SMA,2
NIM00249,Buruh,7942218,SD,4
NIM00833,Tidak Bekerja,13689506,S2,1
NIM01732,Wiraswasta,10274390,S1,5
NIM01054,Wiraswasta,4174638,SMA,4
NIM01951,Petani,13696172,SMA,4
NIM01839,Buruh,13817670,SMA,5
NIM00912,Wiraswasta,13375364,SD,4
NIM00939,Wiraswasta,4390111,SMA,2
NIM01155,Tidak Bekerja,15044891,S2,5
NIM00524,Tidak Bekerja,11276523,S1,4
NIM00460,PNS,1221789,S2,4
NIM00395,PNS,9521849,S2,5
NIM01552,Wiraswasta,14833515,SMA,1
NIM00413,Petani,4047986,S1,3
NIM00117,Wiraswasta,8313202,S1,5
NIM01173,Petani,11964896,S1,1
NIM00109,Wiraswasta,15360595,S1,4
NIM00236,Tidak Bekerja,15406173,SMP,2
NIM00826,Buruh,14051179,S1,4
NIM01451,Wiraswasta,7163925,SMA,4
NIM01010,PNS,3526293,S1,1
NIM01541,Petani,9312549,S2,5
